track_id,track_name,artists,track_genre,danceability,energy,acousticness,instrumentalness,valence,tempo,popularity
715tkqOhDEkRyQ4RgVRz6m,Follow My Bassline - Vanilla Ace & Dharkfunkh Remix,Robbie Rivera;Vanilla Ace;dharkfunkh,progressive-house,0.804,0.717,0.00012,0.795,0.486,123.002,0
6RXJKdpBp6AVL6H6sHyNp0,Yennai Maatrum Kadhale,Anirudh Ravichander;Sid Sriram,hip-hop,0.515,0.766,0.46,3.27e-06,0.346,112.457,60
73ptBTOgUcD3Wyrq0B9eAW,I'm a Firefighter,Cigarettes After Sex,ambient,0.361,0.3,0.483,0.0303,0.125,114.941,61
40p8FDrWaszjXUvyM5MYwl,2015,Weekend Nachos,grindcore,0.285,0.788,1.41e-06,0.821,0.0791,132.234,14
4huBDGP4I3S0pYI0EaRN1c,City of Gods,Fivio Foreign;Kanye West;Alicia Keys,r-n-b,0.474,0.801,0.102,0.0,0.497,147.356,70
0i9jd8jNbERks6KnmXPCmi,Clementine,Punch Brothers,bluegrass,0.606,0.129,0.84,3.83e-06,0.101,112.699,21
53U7rh7p3WN1ZDh79eCiJS,Hold,Ixuol,iranian,0.336,0.385,0.542,0.0655,0.192,169.928,0
4TQgbkv9CF1Qy4GIfpZeSO,The World You See,Cristoph;Franky Wah;Artche,progressive-house,0.545,0.903,0.0119,0.0647,0.0398,126.0,51
1f2AyplMMO29MHBkjfFRmc,Papi Chulo,El Chombo,reggaeton,0.893,0.851,0.0809,0.00143,0.837,110.005,56
1sRL7HMCdXRuaAuoHjAWtX,The Flute Tune,Hidden Agenda,drum-and-bass,0.719,0.768,0.000456,0.861,0.624,163.887,16
2ccCaAC8svYq42eUY6uZuv,You Make Me Feel (Higha),Chino & Nacho;Baroni,electro,0.829,0.726,0.00686,0.00509,0.517,104.985,0
1Uu1dI6OcKWuMLLv8ki3lN,All Star,Smash Mouth,alt-rock,0.731,0.867,0.0394,0.0,0.776,104.02,0
2MlOUXmcofMackX3bxfSwi,Jerusalema (feat. Nomcebo Zikode),Master KG;Nomcebo Zikode,house,0.88,0.483,0.0185,8.68e-06,0.827,124.009,74
5RXe6A6oygLIvR2DMKu9Tv,Big Things A Gwaan,Mr. Vegas,dancehall,0.793,0.674,0.0234,0.0,0.858,94.659,34
0hKSnTDiSC5Uwz6XaWQC7A,Det tog så lång tid att bli ung,Håkan Hellström,goth,0.406,0.298,0.901,5.55e-06,0.356,111.48,0
5b8uYUZSIViJYa0OxHPuOb,Der Zug hat keine Bremse - Mallorcastyle Edition,Mia Julia;Lorenz Büffel;Malle Anja,party,0.795,0.974,0.029,0.0,0.935,137.957,0
1QJd8GI2CPFGdQOxoIiqkl,Maze of Papers,Agathocles,grindcore,0.369,0.877,3.85e-05,0.522,0.817,86.555,14
6zqpcC4WbL7uEweJX2PClm,Ave Maria,Johann Sebastian Bach;Charles Gounod;Kian Soltani;Aaron Pilsan,classical,0.177,0.0601,0.987,0.894,0.0543,81.807,0
3NDLVzAtbx2vMbhV32TwO4,Rock Del Suicida,OConnor,heavy-metal,0.572,0.633,0.000537,0.211,0.446,133.523,21
4Ek76ZELnmADDWkpo94uBp,"Vermicular, Obscene, Obese",Aborted,grindcore,0.439,0.974,4.02e-06,0.206,0.272,129.728,14
6onusUIe8SCf1zk8TP4fnk,Rock a Bye Baby,Dave and Ava,children,0.604,0.285,0.917,0.000652,0.265,115.004,38
61bdSdLMKeBOt2oNhV9VE4,"12 Variations on ‘La belle Françoise’ in E flat, K.353: 2. Variation I",Wolfgang Amadeus Mozart;Danielle Laval,classical,0.452,0.0397,0.996,0.936,0.87,194.515,20
0jGlJFZXayPq6PzBNkVSPP,"Peer Gynt Suite No. 1, Op. 46: 4. In The Hall Of The Mountain King",Berliner Philharmoniker;Herbert von Karajan,german,0.301,0.0951,0.732,0.923,0.291,91.503,1
6cKjCsGjoR629sn7paesGM,Under The Rising Sun,ANDY SVGE,hardstyle,0.461,0.97,0.00132,0.875,0.0709,150.117,21
2e2Bn83YtCggoRKyYB9Azb,Que No Pare,Miranda!,electronic,0.848,0.479,0.00773,0.32,0.82,124.017,33
0P4goiAaaECEjQGAWaocaz,Wind in Her Hair,Motorama,goth,0.316,0.761,0.029,0.00261,0.203,125.792,46
5Ep7rAVfP6zlpqmEO4RvR0,Ardientes Corazones,Plan 4,heavy-metal,0.538,0.842,0.000333,0.0,0.279,129.012,20
2Efi6CyAYbZxECI9B6AXxR,チェリーブラッサム,Seiko Matsuda,j-idol,0.634,0.806,0.116,5.87e-06,0.573,145.351,24
3f0E5V6vuiJ0R3c0p6auBQ,It's Christmas,Jamie Cullum,j-pop,0.534,0.533,0.5,0.0,0.478,136.854,0
4tT9WxdYc4NFb2XvboCQd7,BPM170の君へ,=LOVE,j-idol,0.544,0.912,0.0085,0.0,0.864,160.0,31
3yQeMeo2fQp6zI5pWi3kY7,Dependente,Sarah Oliveira,groove,0.537,0.46,0.419,0.0,0.154,133.957,28
5Xl7l7ydZdboAYn9H0V44m,"Consolation No. 3, S. 172",Franz Liszt;Jorge Bolet,classical,0.351,0.0076,0.98,0.945,0.0764,130.107,0
4r5Sc0CGZmakYnfUcjQhYO,Eu Sou Livre,Jefte Santos,groove,0.633,0.816,0.0314,0.0,0.806,149.983,29
4xim7BRG8uhiB8d9xmZb4E,Tímida - Ao Vivo,Roupa Nova,mpb,0.497,0.555,0.42,0.0,0.616,78.981,40
5s9JG7OfeYy2HkuEkX3xgd,Long Jump,Marco Carola,minimal-techno,0.815,0.829,2.01e-05,0.896,0.651,124.026,19
5mq2tutI68FRDD8CiYOsYS,Growing Up Beside You,Paolo Nutini,british,0.504,0.51,0.771,7.61e-05,0.0834,95.182,1
5yc6urWlvgTjdrDy46rXH2,Dew Drops,Larry Heard,chicago-house,0.769,0.39,0.00143,0.861,0.24,110.994,9
6en4NMn5Mac3lqJKNxUdaz,The End Of The World,Brenda Lee,rockabilly,0.327,0.223,0.939,0.000197,0.31,176.86,50
40PsiMGYUBM7DaU4lU0ok4,Pamlico,Town Mountain,bluegrass,0.505,0.52,0.77,0.000187,0.579,152.239,21
1FrQqK2Q1nsfuymS8gZfRO,Sand,May of Sorrow,metalcore,0.484,0.941,0.000394,0.0,0.535,180.025,25
4VvhdAJYKkQoVqug73IeOL,God Of Wonders - Live,Passion;Chris Tomlin,world-music,0.336,0.653,0.0301,2.6e-06,0.271,160.529,39
6HdrRVMieDZtv0vldfZxqg,Day Ones,Rarin,sad,0.739,0.639,0.119,0.0,0.482,143.044,47
5KgKVLQdWxXVywCwNXBrku,"Minuit, Chrétiens",Adolphe Adam;Rolando Villazón;Slovak National Symphony Orchestra;Allan Wilson;Apollo Voices;Graham Foote,opera,0.201,0.363,0.967,0.115,0.104,140.477,0
0Q8LxGTnTiAM5uVd5SQewC,Colcha de algodão - Ao vivo,Jorge Aragão,samba,0.543,0.601,0.717,0.00351,0.841,168.564,36
4zaVVgIm8hQbUmgk7r27Km,Yesu Moke - Sunday School Song,Riya Das,malay,0.669,0.636,0.25,0.0,0.943,164.939,25
1Pcb0UUgHmTNQq2rojSq78,Positively Inclined,Wax Tailor;Marina Quaisse;ASM,trip-hop,0.8,0.811,0.463,9.3e-06,0.718,102.452,47
2ayGHwGSw6y3Nvcmvy5MG5,Basta Uma Palavra,Cassiane,gospel,0.67,0.511,0.458,1.35e-05,0.399,130.933,40
4yNoaxUJjnP50AXYoAZx4S,Emotional,Flux Pavilion;Matthew Koma,dub,0.335,0.865,0.0027,0.276,0.411,149.85,51
7GbUWl6qLW1gdngbEV2WDJ,Monster,EXO,k-pop,0.618,0.76,0.0066,0.0,0.541,150.0,67
6DfM5XcXFs6Edm9niEKCfU,Anclao En Paris,Rubén Juárez,tango,0.501,0.354,0.84,0.0,0.577,109.941,18
2HEM4wcGP2nFT1Z2i6jtvo,BxMxC,BABYMETAL,j-idol,0.397,0.921,0.000241,0.00167,0.215,112.606,58
2cSy0PF9D9NNxzBGVFCLyH,Silent Night,Annie Lennox,singer-songwriter,0.171,0.124,0.781,0.0,0.0717,77.914,1
1Xs9iuEBZKS8RnqpFptfcC,We Need Love,Johnny Osbourne,dancehall,0.781,0.507,0.668,3.74e-06,0.767,105.417,28
6FuRLbqyMlk0lugKxoH2qB,Chalein Kahin,Bawari Basanti;Ejaz;Sean,singer-songwriter,0.54,0.455,0.608,0.0,0.203,75.038,38
0WnludiqrAhX07tKySg5eU,Hour of Need,Faithless,trip-hop,0.823,0.571,0.227,0.0268,0.531,104.075,20
2l0u2PkLEmZPYuyeMTvFEp,At the Heart of It All,Surgeon,detroit-techno,0.708,0.972,0.00713,0.938,0.635,133.993,7
7EHAx8WdrqaEWocU3QPAb7,Sirens,Marco Carola,minimal-techno,0.811,0.884,1.07e-05,0.911,0.135,123.995,18
0dBXAJULYoRKbeSNEMhAD3,Galaxy Bounce,The Chemical Brothers,breakbeat,0.723,0.882,7.8e-05,0.618,0.491,120.027,41
491DwnBb3MA8RzyA2E0Skt,"Nenjame (From ""Doctor"")",Anirudh Ravichander,hip-hop,0.45,0.647,0.26,5.8e-05,0.122,139.933,56
0Be7sopyKMv8Y8npsUkax2,Tacones Rojos,Sebastian Yatra,reggaeton,0.748,0.856,0.0824,0.0,0.927,123.031,81
29MNXSZGC5vL3ej4qewiFZ,Need Some1,The Prodigy,breakbeat,0.398,0.988,0.0517,0.552,0.0961,184.076,7
2iZH4DDQr3vpfCLHqbxClj,On Repeat,Robin Schulz;David Guetta,dance,0.609,0.801,0.0246,0.00255,0.202,122.958,0
0klGIUj3IjrVP4fB5eYOjm,Beginner,AKB48,j-idol,0.456,0.984,0.171,0.0,0.597,80.002,19
4b9Wb0qiHD5wHuwACSSEcp,On the Other Side,Laura Osnes,show-tunes,0.506,0.395,0.598,0.0,0.207,79.152,24
02UfBmMerddIN9u4AF7srK,Explode Coração - Ao Vivo,Maria Bethânia,samba,0.517,0.301,0.912,0.0,0.331,75.318,38
4NhusM9qCsDaasS7ggwYke,Touching Silk,Frank Steiner Jr.,new-age,0.169,0.0301,0.891,0.749,0.0374,105.842,50
1dLGG7H9Ya8ATelSli3h7F,Dans på Vejby ängar,Hasse Andersson,ska,0.355,0.672,0.154,0.0,0.77,88.244,33
66V40iz2mphPbYvuJVj13i,drivers license,Thomas Daniel,acoustic,0.439,0.217,0.933,0.0,0.373,144.413,56
493Rk3iS7rs8uPfpnfm95u,El Incomprendido,Farruko;Victor Cardenas;Dj Adoni,latino,0.754,0.841,0.113,0.0,0.541,128.019,71
06ydkFqPLNpZRFVuUxSJ3y,Part of the Process,Morcheeba,trip-hop,0.616,0.525,0.173,0.0125,0.402,155.954,21
4BTIGN5lraOtbKVo9Zg61R,Halogen,Spor,drum-and-bass,0.552,0.93,3.73e-05,0.865,0.799,172.066,17
3otJCDpdQrrH8R1Ik04enX,Any Old Sunday,Chaka Khan,disco,0.641,0.622,0.32,0.000972,0.75,90.022,0
4UjSqTCpBQVahtVONhLFsy,"Piano Sonata No. 2 in B-Flat Minor, Op. 36: II. Non allegro - Lento",Sergei Rachmaninoff;Marko Stuparevic,classical,0.394,0.0578,0.995,0.921,0.0432,65.106,0
5uaIbU3oHHcSOK6WFNK5nj,Apna Time Aayega,Ranveer Singh;Dub Sharma;DIVINE,hip-hop,0.766,0.618,0.0187,0.000115,0.513,95.054,63
5xou5JGquouUhzQQIZDkUb,Harp Seal Pup,Hans Zimmer;Adam Lukas;James Everingham;AURORA,german,0.11,0.112,0.922,0.648,0.0384,83.29,34
1CjuV5ayEioZUc17iR9pGp,Winners Anthem,KSHMR;Zafrir,progressive-house,0.484,0.93,0.0443,0.487,0.128,138.079,44
6OjKyUcgRXYXNMvUM2tziJ,Bad Bad,Roy Woods,soul,0.476,0.526,0.0737,2.99e-06,0.122,87.307,0
10awUNvBh2vqyeQiSFH74Q,Riverbound,Comaduster;Mari Kattman,idm,0.451,0.388,0.108,0.0687,0.127,137.848,9
2aTA29obtnsHS5348cMZUE,Eu Nunca Amei Assim,Felipe Araújo;Grupo Menos É Mais,sertanejo,0.596,0.77,0.446,0.0,0.654,150.09,48
7exOPMHnt1Sd9CjHj72Dq1,Nee - Namah,Thaikkudam Bridge;Niladri Kumar,malay,0.402,0.669,0.241,0.00149,0.364,159.976,32
5Gx270oFh2Dp2sK0VFYO6p,Sitar Hi-Tech,Henrique Camacho,trance,0.356,0.849,0.0106,0.504,0.343,150.004,34
2QhQFThEXVHWz8p6nCIDzk,Recognize,The LOX;Eve,hardcore,0.748,0.778,0.0331,5.44e-05,0.715,92.025,0
5u9KTqF5M1KLr8iZris0G0,Love Sugar,SHINJIRO ATAE (from AAA),j-dance,0.662,0.937,0.000746,0.000116,0.494,126.065,19
0ljEtiprW5mmX5AN3EzOxb,Buyaka,Guaynaa,reggae,0.787,0.738,0.187,0.0,0.733,95.909,0
4y1aOK2HGfM4e746hGd6Y5,The Best Pizza I Ever Had,Blake Rules;Netherfriends,kids,0.933,0.361,0.0163,2.23e-05,0.208,132.024,14
24KBMWfxD8l3z9JwfgU9oL,Birthright,Nora En Pure,deep-house,0.641,0.71,0.0175,0.926,0.0364,122.021,55
2XG8wjGeLpSeE3iublMgcG,Polina,Agents Of Time,techno,0.761,0.635,0.000302,0.918,0.106,124.556,0
1WhGXbgwPOTDPB4ZsJBIDG,Time To Jack,Chip E.,chicago-house,0.813,0.863,0.00024,0.89,0.717,122.93,7
6yotiCxcSIm4HyZdA6wcYH,Hush Hush (Don't Be Shy),Anthony Keyrouz;ZANA,electronic,0.66,0.82,0.0609,0.0,0.343,120.018,60
62CXV36AhtrcxQ8LkpPOol,Feeling Good Again,Watkins Family Hour;Sara Watkins;Sean Watkins,bluegrass,0.527,0.452,0.206,9.86e-06,0.404,104.931,21
2DsDWkKARyqjvXnmYmDksc,Politics,Brian Regan,comedy,0.51,0.922,0.879,0.0,0.0948,82.909,24
59ia7miPHXRH3gP2Eb2WKh,Despedida (Ao Vivo),Ícaro e Gilmar,sertanejo,0.536,0.52,0.761,0.0,0.58,72.598,46
2fboUv3gU9L4njbhBdigid,A Million Dreams - Acoustic,John Adams,acoustic,0.545,0.169,0.953,0.0,0.291,138.199,48
1K97Xe5XiYirpzbKybylwf,Fabulaciones,Peces Raros,electronic,0.601,0.901,0.00312,0.274,0.0995,119.987,37
3osbtV03rQoOfuU0tLW0Gt,With You ~10年、20年経っても~,AK-69,j-pop,0.679,0.597,0.62,0.0,0.516,151.902,38
42Kla7E5bUL6tVqeaXaF2b,The Warp,Midnight Tyrannosaurus,dub,0.542,0.925,0.0158,1.07e-05,0.14,108.535,45
41CgzGD7xlgnJe14R4cqkL,Paris in the Rain,Lauv,electro,0.426,0.408,0.771,7.88e-06,0.528,76.309,73
0XrhARPe6HnuXL6VuBUtEy,Forever - Dimitris Athanasiou Remix,VetLove;Dimitris Athanasiou,groove,0.752,0.557,0.333,0.343,0.467,115.008,39
610JxMmnt76808KsvGKSMh,Respeita Os Caipira - Ao Vivo,Jads & Jadson,sertanejo,0.74,0.851,0.132,0.0,0.492,98.094,51
4fJA1xvjFB4hLy0LRapmXX,Pra Sempre - Ao Vivo,Fernandinho,gospel,0.344,0.687,0.454,0.000655,0.091,143.823,42
6mB30by6NLprtBHdZAKStz,Congresso Celestial,Deise do Vale,gospel,0.503,0.717,0.48,0.0,0.205,141.858,42
60l2m3BD5VY0HSc3xmSpPI,Bleed The Freak,Alice In Chains,grunge,0.245,0.749,0.00252,7.87e-06,0.221,118.363,60
2Ef4mtuC9eXOa37ESXA7QO,Bogotá (Instrumental),Criolo,afrobeat,0.751,0.882,0.00323,0.875,0.872,122.037,19
1mCNkrKh9NEgxJWUqHnEgo,Not Strong Enough,Apocalyptica;Brent Smith,metal,0.354,0.829,0.00183,0.0,0.195,163.958,63
1d27EOdOzpEGWWT59hf1xm,YOU,Jor'dan Armstrong,afrobeat,0.701,0.718,0.00647,0.0,0.608,93.028,27
4CjaNHwSulDYuLIXoPRGNP,Weil sie für immer ist,Mia Julia,party,0.497,0.819,0.001,0.0,0.425,179.927,25
3sHr6yThEKCa7IZ8zY2I17,WTF,Still Woozy,indie-pop,0.715,0.496,0.648,0.213,0.71,76.512,0
67Tjyd7btsdFD5RhCj4R4v,All I Want For Christmas (Is My Two Front Teeth),Nat King Cole Trio,jazz,0.771,0.158,0.895,0.0,0.504,130.072,0
5HhIkPBBueX2cO8OFQqr5q,O minorenne,Patrizio,opera,0.264,0.567,0.0605,5.23e-05,0.314,81.45,19
1odDwh4YwoNXkog8Tw2IhK,Trouble in Paradise,"Sarah, the Illstrumentalist",study,0.643,0.334,0.0975,0.825,0.654,139.009,15
5OOckN7M7qMc6mG8t8xudy,Stadium Parking Lot - Instrumental Version,Apollo 440,breakbeat,0.505,0.982,0.000446,0.0982,0.382,96.009,12
5rM598FC5tn36ucv89ArTj,Early Morning Rain,Nature Sounds,sleep,0.117,0.999,0.307,0.578,0.00104,95.884,32
5DgwplsDLjLqLyQ6aarz1Q,Ik Vaari Aa (Jubin Version),Pritam;Jubin Nautiyal,indian,0.512,0.829,0.234,0.0,0.423,127.899,45
3UA1RyDgvHWgY1upARt81q,The Door,George Jones,honky-tonk,0.381,0.351,0.942,0.00196,0.559,88.492,27
6QNphn62YKaHG1hrnPSoHi,A Gangster's Wife,Ms Krazie;Chino Grande,latin,0.822,0.59,0.429,0.0,0.383,89.995,75
3Yt1ovsh3v3VEzRuhI1TL5,Joro,Wizkid,dancehall,0.686,0.694,0.253,0.000904,0.587,189.998,66
1o6a4OkASt7xexcBBsW3b9,Das Beste am Sonntag,Die jungen Zillertaler,party,0.752,0.945,0.0139,3.78e-06,0.963,130.024,0
0w4Sf61CbM69gDD7RVmaBD,爸爸媽媽,Ronghao Li,mandopop,0.67,0.507,0.699,0.0,0.258,101.921,51
3UolKLgMD5pOSAIl1yW2wz,The Wanderer - Dixon Edit,Romanthony;Dixon,chicago-house,0.845,0.327,0.0568,0.816,0.191,125.994,15
748mdHapucXQri7IAO8yFK,Kiss Me More (feat. SZA),Doja Cat;SZA,dance,0.762,0.701,0.235,0.000158,0.742,110.968,82
7K8Lw8ZI3uL0iZoUvMwOoH,Ngga Tahu Diri,Tipe-X,ska,0.546,0.946,0.0106,6.44e-05,0.61,110.067,33
6D44ltvfmdKeIgrTpXUP8o,Shapeshifter,Alessia Cara,electro,0.728,0.577,0.289,0.000637,0.639,95.045,0
66IQ0mkE79F2G8UJoTZ8Wh,All the Heavy Lifting,Mastodon,groove,0.227,0.975,2.82e-06,0.118,0.264,147.172,25
3fwwWSfKOo3cJTAdsy9Vpe,Shhhh With Womb Heartbeats,Silent Knights,sleep,0.292,0.996,0.00137,1.95e-06,0.0228,178.304,39
0cgz0Fa7bivUEwqI5Srj1P,Reverie / Harlequin Forest,Opeth,death-metal,0.302,0.785,0.00368,0.00922,0.256,146.46,47
0pYmuht36fZzdpHMhEB2Al,What $ Love - Roman's Remix,Romanthony;Roman,chicago-house,0.823,0.708,0.0371,5.16e-06,0.478,120.538,5
58VEPMPowIVTIL3t3Vjel7,Bhootni Ke,Pritam;Daler Mehndi,indian,0.773,0.941,0.0949,0.0103,0.863,130.05,41
71lFFVaT9SLEnOAYjQSPsc,justified,Kacey Musgraves,country,0.669,0.552,0.807,0.000874,0.488,100.102,0
4dq7XLDmFHNwc1yqL339qT,Wake Me Up In Paris,Anthony Keyrouz;Paradigm,edm,0.71,0.816,0.0573,4.87e-06,0.363,131.001,73
4tWpw60dsvoFtgwsgpUL7f,Have Yourself A Merry Little Christmas,Sam Smith,pop,0.438,0.178,0.957,1.1e-06,0.344,75.25,0
15u6mZTHUZ0zQrjEV0HRIs,Gardashon Ke Hain Mare Huyiyie,Nusrat Fateh Ali Khan,folk,0.496,0.6,0.407,6.69e-06,0.775,107.36,36
5fNi5vqe3VqWdpeJNTfR66,Kingfish - 2002 Remaster,Randy Newman,disney,0.393,0.411,0.745,6.08e-05,0.348,93.986,22
6AxSYAHq0U6fKykB7uScPl,The Harder They Fall,Koffee,j-dance,0.749,0.887,0.00062,1.35e-05,0.842,110.556,46
5OsKqfRR6OuGGaMcKPG1ti,Hear The Bells,Porter Robinson;Imaginary Cities,dubstep,0.319,0.64,0.424,2.63e-06,0.0805,140.054,44
3ilOSrhV1AzqJDgUnTfAxq,O Tannenbaum - Remastered 1999,Nat King Cole,jazz,0.25,0.228,0.811,0.000166,0.198,90.001,0
2DxXhm3DKm916MDMI30asy,舊夢,Julia Peng,mandopop,0.555,0.257,0.366,1.77e-05,0.219,93.981,33
04VUAll7GYlcZbYhVCuPmV,Far from Worst,Chronic Law,j-dance,0.686,0.56,0.88,0.000419,0.623,99.74,20
5UEZzRsrB4FKw1SIMoMD2y,The Sun,Myd,french,0.773,0.586,0.752,0.762,0.729,126.014,66
3KiexfmhxHvG5IgAElmTkd,I Saw Her Standing There - Remastered 2009,The Beatles,british,0.491,0.801,0.27,0.0,0.971,160.109,67
4KBOPKYE7aLnQrZqLn494s,Ships In The Sky,Wishbone Ash,blues,0.419,0.289,0.134,0.000757,0.236,143.901,0
4RyifJbF8JhMtFdR2Bzslt,Killercrush,Millencolin,ska,0.358,0.93,0.000225,3.13e-05,0.692,110.307,34
6dU8Gdxmk6gMmNQ9xbcqbX,The Good Ones,Gabby Barrett,country,0.519,0.552,0.18,0.0,0.331,89.957,0
5KOn9dVdz24YDPjt8bfpjt,4am,Eden Elf;Ren Avel,acoustic,0.638,0.329,0.979,0.0597,0.475,94.125,49
3jpY2gUd3DOnDr4WPuMRHx,Pure Brown Noise - Loopable with No Fade,Deep Sleep;Relaxation And Meditation;Relax;Ontspanning Sound;Relajacion Del Mar,sleep,0.0,2.01e-05,0.0,0.124,0.0,0.0,36
3TF1Hiof613lWHtFGyAJ8z,Straight To Video,Mindless Self Indulgence,industrial,0.511,0.774,0.019,1.19e-06,0.712,123.061,47
4f93IRG3Pdu01AgWRlReGW,Uno,Edmundo Rivero,tango,0.433,0.489,0.907,0.0,0.494,122.512,16
5Bti0azlFhMattVY76qFr9,Lạ Lùng,Vũ.,singer-songwriter,0.617,0.212,0.958,0.00157,0.219,126.579,58
6ci70PFY04KxK9oFOceqMw,Draw Me Close - Live,Michael W. Smith,world-music,0.46,0.326,0.627,1.41e-05,0.265,72.053,47
3DXGwSmHMAwX0EWnVAyznu,Solidão / Passou da Conta - Ao Vivo,Ícaro e Gilmar,sertanejo,0.454,0.445,0.814,0.0,0.396,141.879,47
4v6edT4Ogf8qXGphyFfg1u,イト,Creep Hyp,j-rock,0.627,0.794,0.0542,0.0,0.95,131.973,35
2QTgzb5jULMFQFyFcAyCjN,Volta pro Meu Coração,João Carreiro & Capataz,sertanejo,0.611,0.528,0.176,0.0,0.292,104.01,49
6beFuzSjwhOKFZp2aqYDdY,Amazing,Aerosmith,hard-rock,0.308,0.747,0.0645,8.27e-05,0.278,139.454,69
4vsAUbPb6q9FpC4AGBFdVh,tomorrow tonight,Loote,electro,0.32,0.5,0.134,0.0,0.142,91.361,65
5LNRJeKmVEQ9lC7GTwXzFy,Gone Too Soon,Sarah Jarosz,bluegrass,0.47,0.268,0.829,2.22e-06,0.131,92.593,22
4pfHImzvWHwf0nvt9eXNVo,Metamorfose Ambulante - Ao Vivo,Maneva,r-n-b,0.697,0.38,0.374,1.51e-06,0.543,139.833,42
3ate1F9BHMzHwd7oWenQfN,It's Real,Olivia Ong,mandopop,0.572,0.601,0.219,0.0,0.346,139.986,22
23Sk57EAmoyDwgerZklJQT,Vontade Dividida - Ao Vivo,Trio Parada Dura;Matogrosso & Mathias,sertanejo,0.704,0.681,0.222,0.0,0.683,112.082,51
4TKNQtJbXfFPez1XICVktJ,No hay amor,Los Apson,rock-n-roll,0.651,0.339,0.611,5.77e-06,0.78,104.965,28
4g5Xzds1GLR8yvuGUGTmwF,Be Good,Off With Their Heads,power-pop,0.468,0.951,0.00269,0.0847,0.241,144.896,27
6djFRgAtFL0qTELYJqVicP,Epiphany - Jin Demo Version,Smyang Piano,piano,0.634,0.0841,0.985,0.943,0.0713,135.918,36
5MY50Gj2K5g3P9vSqYtN0J,Cage The Beast,Adelitas Way,grunge,0.526,0.975,0.000404,1.77e-06,0.427,102.99,60
302I7g0l3jmAbzFu9WBCmu,Tutu - Remix,Camilo;Shakira;Pedro Capó,reggaeton,0.731,0.763,0.385,7.21e-06,0.865,154.116,61
239pFI8OWahs9u71849Lts,Ways & Means,The Green,j-rock,0.892,0.61,0.0712,0.0,0.958,124.945,35
2p5Hto8KF3EBez3XtO3NFM,Moonlight Purpose,Freedom Fighters;Merkaba,trance,0.761,0.473,0.0431,0.871,0.43,135.0,36
0dHF8t7OIhgPele5WRUfWG,I'm Gonna Be (500 Miles),Sleeping At Last,ambient,0.394,0.228,0.966,3.81e-05,0.258,104.625,54
13Po5jWuhBhs739On50f5j,Tá Estourado,Alemão Do Forró,forro,0.832,0.94,0.368,1.13e-06,0.965,97.029,37
39laDigENmKNlT94cnLWwr,Jannat Jahan,Pritam;Rupam Islam,indian,0.61,0.888,0.00716,1.17e-05,0.548,128.024,43
6iOBherEG0U5BjXpMPxA5N,Tod Diya,Kabir Cafe,folk,0.564,0.847,0.0941,1.19e-05,0.828,127.934,32
0zGnDcTwcR85dMKmhftA0C,Segura Na Minha Mão,Jefferson & Suellen,brazil,0.384,0.502,0.486,0.0,0.147,130.042,44
6G699QfN1BWYWXfiblH51F,"Kusu Kusu (From ""Satyameva Jayate 2"")",Tanishk Bagchi;Zahrah S Khan;Dev Negi,pop,0.742,0.911,0.0137,0.00081,0.78,101.0,71
2pQQ6irZMeNEZgrEapvJf8,Walk Around Lake Johnson,"Sarah, the Illstrumentalist",study,0.74,0.43,0.384,0.654,0.345,89.538,10
4N1JHcYR9TskJmqj2g5uA6,Konbini,BigRicePiano,piano,0.557,0.000544,0.996,0.937,0.603,67.505,45
0nfqrZDDv09LW2U6KexnAg,Kevin Saunderson History Elevate - Continuous Mix,Kevin Saunderson,detroit-techno,0.715,0.901,0.00437,0.786,0.304,130.008,5
5p44ydMYAmHKgIh6Efa4Fe,Nuestra Promesa,Dúo Hnos. Gaitán Castro,guitar,0.598,0.628,0.702,0.00279,0.726,78.479,24
1OKlHeAw64sMRBnLqPcccY,Paradise Circus,Hozho,techno,0.747,0.72,0.00832,0.621,0.206,127.006,41
7kHMm6znSXA56yCV5Zjfub,失憶的金魚,Rainie Yang,mandopop,0.649,0.547,0.836,0.0,0.375,108.974,0
6wdI9sg2VdgjqSg0ozu9PK,Afro Trap Pt. 7 (La puissance),MHD,french,0.97,0.806,0.0955,0.0,0.815,120.003,65
5EV90DvQQH2lu6Hv6c2r5m,走れ!ペンギン(歌:team 4),AKB48,j-idol,0.39,0.981,0.03,0.00699,0.433,158.054,24
3Dr0xDJwXy6JkiHNJfv5zd,Wish It Was You,Audien;Cate Downey,progressive-house,0.644,0.616,0.0927,0.0,0.467,124.957,63
7xxNWFNT7vm9IXZ7r1fjLB,Be Alright (Slowed +Reverb),fenekot,chill,0.62,0.361,0.958,0.184,0.266,110.638,47
2XLjGMZHV31QJGwbALFj95,Ja Tujhko,Deepak Rathore Project,indian,0.375,0.559,0.367,0.0,0.408,159.93,42
3hyNia7VDRIF3XhSGWJPVo,Angola (versão carnaval),Cesária Evora,world-music,0.691,0.651,0.501,1.51e-05,0.552,105.997,24
7A7IsQQPGxlfHiDDl2Kct7,Paasa,Kurei,acoustic,0.737,0.238,0.891,0.00336,0.234,119.085,26
73QyyUMMvtNELmULI4FOsp,You for Me,Sigala;Rita Ora,house,0.733,0.886,0.0481,1.81e-06,0.696,126.031,73
5bryfrnYaxlofC6MAG6vde,Sunset/Sunrise,Snøw,sad,0.753,0.24,0.903,0.000451,0.183,77.993,63
6BF6YD1990nsZr8DVZL9j1,Amor Pra Eternidade,Grupo Revelação,pagode,0.513,0.857,0.461,1.63e-06,0.817,86.366,42
5rmkJLumcEodfIXSMaK7vq,The Sick Get Sicker,Autopsy,grindcore,0.155,0.916,8.08e-06,0.29,0.178,147.42,13
0nxt2YWqBTAF96QSMXc0Cm,Tighe Kond,Electroqute,iranian,0.336,0.783,0.000539,3.27e-06,0.49,170.169,0
074xZNn81diLutY553dZaL,Introduction,Impaled,grindcore,0.454,0.678,0.15,0.285,0.102,101.37,12
78lgmZwycJ3nzsdgmPPGNx,Immigrant Song - Remaster,Led Zeppelin,hard-rock,0.564,0.932,0.013,0.169,0.619,112.937,78
1vPklJ1dH1kUbHod4UH0JS,Let Him Go,Ayo Jay,dancehall,0.83,0.401,0.0658,0.00302,0.69,96.024,50
0QvIPB2aY1W9boet0AmMHa,Yapeyú,Orquesta Silbando,tango,0.689,0.442,0.85,0.632,0.821,136.49,21
4BxzNZpcm1j3JczZzGNe2k,Bandoleros,Don Omar;Tego Calderón,latino,0.662,0.896,0.318,0.0,0.79,90.622,70
1wUKpuIo1b8FsLZTC2xB9c,Summer Of Love,Shawn Mendes;Tainy,dance,0.776,0.808,0.0297,0.000127,0.494,123.988,0
1Ghb6uHFIIlDBjzKQJlv0I,Me Dediqué a Perderte,Alejandro Fernández,latin,0.578,0.471,0.498,1.49e-06,0.54,147.611,0
6MKolpMQD5h7xNuo9jpZ9q,Let It Snow! Let It Snow! Let It Snow!,Dean Martin,jazz,0.484,0.332,0.787,0.0,0.683,134.999,0
2r9hCNjupNy2C2g3r6SNz6,Strongest (Alan Walker Remix),Ina Wroldsen;Alan Walker,house,0.722,0.787,0.0785,6.46e-06,0.852,92.022,66
4YLv4bDhfubAu142fY8QN1,Ponto de Chegada - Ao Vivo,Matogrosso & Mathias;João Bosco & Vinicius,sertanejo,0.41,0.67,0.259,0.0,0.428,100.87,52
3SBv0QyHzBhPkycFWEBHXC,Te Mueres Por Volver,Shaila Dúrcal,spanish,0.491,0.325,0.311,0.000118,0.526,163.769,31
2NZJllC7bzTOuK6zH0XGq2,"Уральская рябинушка (Ой, рябина кудрявая)","Группа ""Загадка""",romance,0.245,0.138,0.93,0.0,0.284,174.958,1
2XtsxK4mneUrhNHTRs1ZVQ,Why Don't You Get A Job,The Offspring,punk-rock,0.766,0.882,0.0675,2.59e-06,0.547,107.933,2
7xn7mJpuwRSdePLyBVGjcU,你是我所有的回憶,Johnny Yin,mandopop,0.47,0.225,0.853,0.000103,0.155,95.829,23
2lgyZWQSJWmswrLJyM27kB,Is It Really Me You're Missing,Nina Nesbitt,singer-songwriter,0.535,0.297,0.653,0.0,0.0492,147.569,58
2fcgSnUoEvzDVxrQZMx0bu,Starfall - Honkai Impact 3rd Ost - Impressions,TIA RAY;HOYO-MiX,j-pop,0.444,0.836,0.205,0.000937,0.272,151.985,53
3SAxjaygRSzTN7mCjagVA8,Never Happy Till I'm Full Of Sorrow,Blue Moon Rising,bluegrass,0.62,0.544,0.865,0.0143,0.845,147.964,22
136ta0ZoXaKDc7wZHFs78b,Mistletoe,Justin Bieber,pop,0.623,0.668,0.475,0.0,0.823,161.948,0
3T0oPETOdddxJ2xTt2qJe4,Aaya Na Tu,Arjun Kanungo;Momina Mustehsan,hip-hop,0.665,0.539,0.825,5.85e-06,0.368,110.101,70
6zaayoVlfFp5YmQArKWkRG,playing tricks,thuy,chill,0.67,0.412,0.638,1.75e-05,0.281,130.005,61
2LEQaGvZ83jrLaMRB6EtUY,Head For The Sky,Will Ackerman;Jeff Oster;Tom Eaton,new-age,0.475,0.109,0.978,0.868,0.104,95.014,20
6DVm8BPg3ltHIcrrNacCVe,Like You Used To,Kidnap,garage,0.696,0.459,0.117,0.495,0.221,120.041,27
5TcuM4sQFHK747kwB2q1Qy,Everybody Loves Louis,Annaleigh Ashford,show-tunes,0.521,0.189,0.892,0.0,0.301,117.833,22
4wwf4YZgSm1d3LCj79Glvr,Morning Brew,Silk Mhake,study,0.687,0.581,0.261,0.818,0.809,83.997,39
4Z44GYuMNFRHzoGowlp4ww,Born Again,Beast In Black,heavy-metal,0.571,0.883,0.0001,0.000467,0.462,119.993,54
4wgqQu4lGWqrqK7mXsIVMb,PSP,FACE,emo,0.709,0.779,0.0139,0.0,0.836,144.99,47
53h5F3GuRlrclYdMrNGaDO,Let's Dance to Joy Division,The Wombats,indie,0.398,0.838,0.00127,0.0,0.747,116.913,0
0fSwi6ti98UBQyghqoT3Gm,Mirabels Entdeckung,Germaine Franco,disney,0.108,0.29,0.611,0.911,0.0394,166.161,23
3OEibyyCCt9NMNjVlu1ctf,"Can't Get Enough Of Your Love, Babe",Barry White,disco,0.771,0.659,0.175,0.0356,0.742,110.697,1
1tjYTA591mOo8jnAlk7T65,"J'y suis jamais allé - Theme from ""Amelie""",Mercuzio Pianist,ambient,0.517,0.41,0.964,0.924,0.317,105.034,58
7p8u5FfXdJQjosJNSnq56j,Life Is Beautiful 2017,Sixx:A.M.,grunge,0.382,0.453,0.00819,0.000201,0.121,157.807,47
3fJOii1o5h3nWWDfpFAjQm,You Want It Back - Edit,Propellerheads;Jungle Brothers,breakbeat,0.556,0.84,0.014,0.679,0.445,139.846,24
7rbvjRc6ZTVA3GUXDx3Xtr,Last Date - Instrumental,Floyd Cramer,honky-tonk,0.615,0.306,0.858,0.958,0.613,103.818,43
0L9JNPLUBrdshUMYzYQifY,我武者羅,CHiCO with HoneyWorks,anime,0.558,0.973,0.0679,0.0,0.505,96.962,50
5lrgHxABqKMFyZGlEJtb1A,Let My Tape Rock,Rejecta,hardstyle,0.516,0.869,0.0736,4.5e-05,0.192,155.027,29
49qvegzonjCFLkYNQpyqxQ,Shenandoah,Jon Sarta,disney,0.527,0.00841,0.993,0.908,0.335,77.455,27
641epaxGPCWU6j2SIdQ6v7,OTENAZI FASHION,ÖTENAZİ;Mavi,metal,0.94,0.581,0.0442,0.0,0.662,116.969,40
5IGU574p3YrKgPoSHymJHX,right here,keshi,chill,0.597,0.496,0.0839,0.0,0.319,160.055,1
6mI3G2GgP4DdGNaJisAFtb,Yeh Tune Kya Kiya,Aditya A,indie,0.732,0.291,0.733,0.0,0.436,116.049,45
4qi8jkURFwMPQmUGRtFxI4,What Did I Do?,Hayd,singer-songwriter,0.586,0.279,0.795,0.00477,0.202,142.016,1
6keBj9EZ9ZwAWxJS6d0MSi,Zé do Caroço (Ao Vivo),Seu Jorge,samba,0.693,0.604,0.463,0.0085,0.539,113.925,38
1ERWvLzhdd5izZrkl59TKj,Falo Nada,ConeCrewDiretoria,brazil,0.789,0.904,0.153,0.0,0.714,95.016,43
6YOD2nHY0P3Usl4e58iO3m,Bana Yol Söyle,Ozbi,turkish,0.609,0.638,0.0517,0.0,0.184,115.015,39
4xd3yfdqutRzZuWlqZCT2p,Katarsis,Revenge The Fate,death-metal,0.257,0.973,0.000314,0.269,0.107,130.021,24
5G1yuoxruASATXoZWAUyCU,Waist Deep In Ash,Pig Destroyer,grindcore,0.164,0.983,5.54e-06,0.146,0.103,171.185,13
53oBTbL9t13HAyxN12PDng,Christmas Calling (Jolly Jones),Norah Jones,j-pop,0.43,0.543,0.463,0.000523,0.354,143.912,0
76CBhtLnY35sDxm3LBCTvn,Dale Don Dale,Don Omar,hip-hop,0.831,0.818,0.0245,0.000319,0.819,95.022,1
0O8TVUrJnVcFMMjBBODGRx,"Tosca: ""E Lucevan la Stelle"" (Placido Version)",Giacomo Puccini;Plácido Domingo,opera,0.163,0.244,0.984,0.277,0.0638,73.402,22
43D8BStzNEPeZGHQZu3Nyr,Bittersweet - Single / EP Edit,New Model Army,goth,0.419,0.977,0.00742,0.000795,0.387,171.38,20
1s2Agb3Eyhl2jy6BXoSDYo,Pela hora,Grupo Fundo De Quintal,samba,0.673,0.795,0.714,3.11e-05,0.938,120.573,41
3kjHeqClSEMX3UVoRmgptj,Textos,Usted Señalemelo,electronic,0.598,0.36,0.282,0.000112,0.189,135.017,42
68bpbRXf2ICC7yQYZoOykS,Let Us Go Then You and I,Serrini,cantopop,0.49,0.509,0.223,0.0,0.205,160.031,45
0hjAMjQvYeC6RHmrCEy9z5,Come Full Circle,Matt Large,study,0.583,0.745,0.411,0.833,0.731,172.092,9
3qlFb7l26oCFi7xIQOkCYI,Coisa de Pele - Ao Vivo,Samba De Raiz,samba,0.647,0.802,0.742,0.0,0.922,100.365,38
56MZA3YYYizwTSCWVwh68t,Palabras Sucias,Diego Herrera,r-n-b,0.737,0.522,0.698,3.61e-05,0.905,150.079,42
51gzZ5iQhbsUcz4ENQs5wa,Fula gubbar,Magnus Uggla,swedish,0.775,0.415,0.239,0.0,0.8,138.105,38
322TxW77VZdX9gHynK5Xue,Aaj Na,Ritviz,edm,0.659,0.345,0.106,0.0,0.338,84.761,63
28NoqwleoFVIUOMYq3tff2,Optimista,Caloncho,indie-pop,0.885,0.479,0.0385,0.0221,0.869,122.955,0
2qlv4y8WQN10vGEGoH2FHW,Fever,Peggy Lee,soul,0.766,0.179,0.113,0.0,0.355,137.548,0
7xdHQUxVj0aOAvUOGLCYj3,Love My Baby,Wizkid,dancehall,0.757,0.833,0.314,0.0,0.7,121.067,40
57CIHoD2aM7QHNjQpBPTio,Summe Volume - Aus Remix,aus,idm,0.543,0.388,0.851,0.0911,0.063,77.025,11
0cE68B5sCz9f3snJ5ueTGZ,Cloak & Dagger (feat. J Hus),Burna Boy;J Hus,dancehall,0.62,0.601,0.154,0.00108,0.46,103.748,66
0lstcBE6QotSFCbDj8XMEh,Dołeczki - Radio Edit,Dejw,disco,0.813,0.836,0.00299,0.0,0.907,136.949,35
0WnwDmHrQE4a9sU6jaDj0s,Adını Tek Geçerim,Ferhat Göçer,turkish,0.764,0.856,0.143,0.0,0.875,160.921,42
7zRmGvtSy36Jr19U5OInJT,Yellow Submarine - Remastered 2015,The Beatles,psych-rock,0.66,0.557,0.158,0.0,0.788,110.743,54
17yFjZSYYRT4n3t99TuqTu,90x180,Eno,german,0.822,0.564,0.48,0.00572,0.596,139.982,71
3ugSgwLjJ0CRp32yigqqPG,Compasso,Angela Ro Ro,samba,0.611,0.614,0.444,0.0,0.592,141.993,38
3u86TvC5VEoNyrWMVAnewj,BILLIE EILISH.,Armani White,indie,0.9,0.509,0.115,1.67e-06,0.765,100.007,0
6iI6NXjtI3IkjK2k1juqaX,Once I Was,Tim Buckley,psych-rock,0.34,0.427,0.11,0.615,0.404,120.646,49
5NnqBhxSQGgEkvT6sRt2zF,Nains de jardins,Merzhin,french,0.625,0.977,0.0263,9.47e-05,0.8,135.968,33
271C04Vjb5GiKIH82SlHod,La Canzone Dell'Amore Perduto,Fabrizio De André,folk,0.168,0.378,0.891,0.0186,0.155,178.994,0
3YvutLE6lwEyW4WMF5FIi6,To the Wonder (feat. Kina Grannis),Aqualung;Kina Grannis,acoustic,0.515,0.46,0.891,0.14,0.259,140.067,21
2J3JETBGdQdjCOzIRmoeWc,Lose Control,MEDUZA;Becky Hill;Goodboys,edm,0.597,0.527,0.127,0.0,0.535,123.946,1
1dCr21NK23sbqsPl16GiZ6,Ociya Syndor,Drexciya,detroit-techno,0.82,0.508,0.000889,0.927,0.455,134.523,7
1MyWtH2yavuP1AHUi1X7ur,Sex,Cheat Codes;Kris Kross Amsterdam,house,0.604,0.691,0.00493,0.0,0.186,105.014,61
77HH11SsE6IPsDb0RQ6W1T,my baby (feat. Emilia Ali),Kina;Emilia Ali,sad,0.536,0.287,0.906,0.000984,0.333,63.198,23
47IslmEoXGYieRLUj07Uqy,Ya Never Know - 1982 Original Cast,Alan Menken;Hy Anzell;Lee Wilkof;Jennifer Leigh Warren;Sheila Kay Davis;Leilani Jones,disney,0.612,0.628,0.652,0.0,0.836,149.345,19
7sesNXHb5NdVXmCtm6f9qo,Soulfly XI,Soulfly,industrial,0.488,0.45,0.574,0.9,0.313,160.245,41
5T9xdLt54vDIPCBCtrK358,Volver,Carlos Gardel,tango,0.504,0.308,0.978,3.73e-05,0.582,60.048,26
6uE9hF8fIb6shBXrrzA12U,Poles Apart,Pink Floyd,psych-rock,0.162,0.411,0.3,0.0769,0.246,61.418,54
07HXQhYntFEupdfad0KYxr,Worth It,Amber Mark,indie-pop,0.774,0.698,0.17,0.0,0.337,92.062,0
325aNb4eh8HesYlrJmLSMX,Control - Acoustic Version,Puddle Of Mudd,grunge,0.514,0.784,0.413,0.0,0.567,150.326,51
3lo3fpR0BO8pe2z5UhbcZw,Meet Me under the Mistletoe,Randy Travis,country,0.626,0.422,0.246,0.0,0.661,151.466,0
0hJe1vYGNravpYXAzRA3mx,VTOPIA,KAS:ST,techno,0.62,0.787,0.00291,0.839,0.0399,128.01,48
2amVta9Moyfrq77T6Z1PuS,"Can You Hear - 劇集 ""白色強人"" 插曲",Kayee Tam,cantopop,0.488,0.327,0.619,0.0,0.13,139.253,45
44agmNQypTCFKc2dpVonDy,El Recuento de los Daños,Los Estramboticos,alt-rock,0.824,0.696,0.188,0.0,0.818,135.044,47
5CdFHjd5D1lzKEriu496St,Марш веселых ребят,Владимир Бунчиков,romance,0.558,0.532,0.849,0.0,0.416,118.266,0
6DdQPeQcR6LWYyEr8oEKef,Want It Harder,S3RL,happy,0.489,0.998,0.0077,0.00783,0.678,174.957,18
7Md7IzzMCu8IgbZr5AJpoX,Fast Car,Y.V.E. 48,deep-house,0.765,0.561,0.0805,0.141,0.147,112.034,59
6irNz2hSXvd2QJG0vXyBFR,Bat Country,Avenged Sevenfold,metal,0.541,0.968,0.000248,8.28e-06,0.505,125.04,42
3kbUFmLV5SHVQonfOpNgkd,San Tropez,Pink Floyd,psych-rock,0.691,0.324,0.171,0.0223,0.543,121.664,54
3jjsRKEsF42ccXf8kWR3nu,Washing Machine Heart,Mitski,indie-pop,0.613,0.822,0.0092,0.506,0.567,105.997,83
7FIWs0pqAYbP91WWM0vlTQ,Godzilla (feat. Juice WRLD),Eminem;Juice WRLD,hip-hop,0.808,0.745,0.145,0.0,0.829,165.995,83
47BC6RVrqPEzQ4vKHP3YDH,Tentando Me Evitar,Walkyria Santos;Desejo De Menina,forro,0.592,0.938,0.171,2.6e-06,0.525,99.948,38
279ONYv5urB06TXU2ccGCd,Hold On To Love - Micky More & Andy Tee Remix,Sarah Jane Morris;Papik;Micky More & Andy Tee,british,0.734,0.714,0.0188,0.374,0.9,99.003,0
5yDFc5jGvdGD833PjtrknP,"Stay Free, I'm Not Free.",Ryoma Maeda,idm,0.33,0.911,1.08e-05,0.225,0.276,135.141,8
0Av7W8Abdx761b2Ey5wo1u,The Drowning (feat. R. Williams),Christian Death;R.Williams,goth,0.592,0.6,0.0999,0.0141,0.304,121.734,25
0DrJPe19LUJm9RqejkeHQC,Color Me In,Mokita,chill,0.599,0.815,0.0404,3.73e-06,0.595,140.027,50
164OriBVFeVRcwOKdglRRb,Angels From The Realms of Glory,Annie Lennox,rock,0.523,0.322,0.535,0.0,0.3,126.002,0
1QJPE61wARrvuVKot1HH3T,One More Dollar,The Wailin' Jennys,bluegrass,0.484,0.258,0.708,6.45e-06,0.167,129.72,28
4ZoUJljhs6YSj0bEAt0Zi8,Finish Line,SATV Music,blues,0.548,0.554,0.326,0.000154,0.462,75.005,52
5WXnQn7u43LLa2pFhJoHlR,Beautiful Garden - Laughing Buddha Remix,Tristan;Raja Ram;Laughing Buddha,trance,0.633,0.898,2.9e-05,0.857,0.374,147.011,33
1E0xltsjt8HmMssCQfe5lI,Shadow of a Man,Mudvayne,groove,0.397,0.93,0.000268,0.166,0.672,112.581,27
36nutPAJFggPeddyVWDFm9,Better Days,LAKEY INSPIRED,chill,0.808,0.403,0.707,0.929,0.513,131.952,61
7xTLXbF0nACwXPPC5VHviB,Detalles,Oscar D'León,salsa,0.724,0.769,0.182,3.56e-05,0.935,176.249,31
1kFlDnWmBTvCBxxeGDpIdp,7 Years (Remix),Sik World,sad,0.811,0.609,0.227,0.0,0.439,120.071,70
5sY3HbCZXyKPzTNewxoleJ,oof,fresh from the oven,study,0.759,0.408,0.612,0.805,0.124,72.035,42
7y3sT5pTIzjjRcaE3sZyg2,Drunk Girl (Instrumental Version),Steve Petrunak,guitar,0.595,0.305,0.945,0.887,0.437,102.037,25
708n8lvH3MaU3oTfhhTL70,"Blue Suede Shoes - Live at The Honolulu International Center, Hawaii January 14, 1973",Elvis Presley,rockabilly,0.512,0.819,0.742,0.869,0.709,103.537,24
2RXv7fZNLSP3X7xWiJ8e5n,O Último Bar,Matanza,brazil,0.455,0.974,0.00341,0.0,0.817,167.934,42
1aAcW69jxv3pp3I84oZGqP,Дурак и молния,Korol i Shut,punk-rock,0.434,0.744,0.111,0.0,0.668,178.879,55
5xeZDsYEOaBWAAFexDACba,Soy Pandillero,Los Pandilleros,rockabilly,0.522,0.873,0.00183,9.27e-06,0.519,82.503,25
2EnSzL1nt1ZOs6fPPvu9au,Rehashed,A Life Once Lost,death-metal,0.45,0.976,6.65e-06,0.309,0.329,152.708,23
6TWcSqCntZhH5vyc35kkob,John Wayne,Cigarettes After Sex,ambient,0.441,0.465,0.343,0.884,0.173,123.933,65
2NODRXoRvlAbbGO4u0vl6F,Rhino,Alan Fitzpatrick,minimal-techno,0.805,0.882,0.0142,0.923,0.0839,125.997,22
6DCXwlDxgCDXEFWlNEgWoj,Når vi to blir en,Rotlaus,country,0.558,0.898,0.0096,0.0,0.737,87.015,42
0UKQrQDMVcKN3ngG1kthYN,Fading Wind,Feint,dub,0.3,0.846,0.114,0.000914,0.274,173.911,47
6yaihZ7YizWwJ61Cu6Kktl,Dead To Me - Original Mix,Whales;Fraxo;Lox Chatterbox,dub,0.443,0.766,0.11,0.0,0.221,148.079,42
6Db3RiSI7xk3Dxd1N72U5a,Stranger To Yourself,Loving,garage,0.49,0.409,0.957,0.59,0.151,164.33,53
3B2W0t2KJMGjxrcaccLaK3,Ghostbusters,The Party Cats,kids,0.768,0.719,0.00516,0.0103,0.792,115.429,10
5LseDWFft6Fhwj5iK4fD5E,Mistletoe,Justin Bieber,pop,0.623,0.668,0.475,0.0,0.823,161.948,0
1kJvdhrr9MHOZ1e1PhTXTG,Drown,Prateek Kuhad,folk,0.358,0.58,0.768,0.0058,0.352,98.853,41
2id9lzEoSBjJYxmX0YJto4,April In Paris,Billie Holiday,blues,0.465,0.121,0.867,0.0,0.221,73.399,0
4UYfhV2tepj0Sl1R7MGh6k,Sonbahardan Çizgiler,Yeni Türkü,j-rock,0.568,0.23,0.464,2.14e-06,0.303,105.872,33
0JIsykft3J4jbxcaJ3naqQ,Estamos Hartos,Riff,heavy-metal,0.414,0.253,3.18e-05,0.0119,0.0939,131.424,20
7jZwak3w1Sbwkb8aqusUwi,Rebel Rouser,Duane Eddy,rockabilly,0.408,0.497,0.822,0.839,0.928,204.592,49
5fpbJ17L8Cw0OYcOdIG224,Losing Lisa,Ben Folds,piano,0.568,0.842,0.0746,2.7e-06,0.521,133.373,29
4IU05LwgY93t7bzVxjAHxP,Agoreuo,Serge Legran,groove,0.802,0.713,0.164,0.193,0.136,104.933,38
4FYOLa4OMokaDwZCUVXZvz,Mapalé,La Cumbia Chicharra;Emilie Rambaud,afrobeat,0.595,0.633,0.0172,0.209,0.888,146.919,23
6L07hFT2znB4qaDTfawZJj,Home (Reprise),Janet Dacal,show-tunes,0.245,0.0965,0.828,0.0,0.157,94.762,22
4mD8zN3sQ0mi7Ayc2pVbrn,"Hey Hey, My My (Into the Black)",Billy Talent,punk,0.469,0.964,4.61e-05,0.00169,0.33,133.022,1
5xI6XC2Qc3eez4lbbIMZzF,Program,Chase & Status;IRAH,drum-and-bass,0.517,0.886,0.0706,0.00252,0.213,175.128,52
1iIFrkPdNSvYz8XIXmSJoY,下亞厘畢道,my little airport,cantopop,0.793,0.318,0.575,0.000861,0.652,137.183,33
2pgDBO0ZAgvye7joSmdDm8,SAD GIRLZ LUV MONEY,Amaarae;Moliy,alternative,0.883,0.492,0.447,0.0019,0.296,109.974,62
6SpALKoUWOZfbhEbKI1Biq,Tubular Bells,Mike Oldfield,new-age,0.283,0.201,0.49,0.00248,0.149,149.531,0
6z1MBaO36cMLtBnlVjJP2b,A Nightmare On My Street,Kidz Bop Kids,children,0.675,0.897,0.0224,2.63e-06,0.653,170.415,34
1NWS6hujc1n3GIVHiDdo7B,Casa mais feliz da rua - Ao vivo,João Gustavo e Murilo,forro,0.565,0.719,0.25,0.0,0.624,160.004,40
6eFRpYWcXXABBMAfrFT0s5,Não Mais - Ao Vivo,Victor & Leo,sertanejo,0.608,0.726,0.322,0.00102,0.334,130.042,44
59jGIptqj3Z8Z75QV3IdmD,Forever Young,Chris Tomlin,world-music,0.258,0.677,0.00836,0.0,0.144,111.874,38
6gMxJxDZ6HIksfpuZp3Seh,Die Sonne scheint den ganzen Tach,Mickie Krause,party,0.774,0.976,0.0402,0.0,0.894,130.04,28
3bG1B0UTDX0UYg9qeec3gL,Wicked Ways,Halestorm,alternative,0.342,0.991,2.44e-05,0.049,0.242,176.359,0
0P2oeUu1Qc6bnMeafezTNp,Söyle Zalim Sultan,Barış Manço,psych-rock,0.629,0.569,0.334,0.0,0.699,101.082,36
1l9hj8jFK4bEsRguwqMrKJ,Driving to Hawaii,Summer Salt,garage,0.348,0.638,0.719,2.03e-05,0.299,186.826,55
7x46YkKAwp3yZpaa72n5Mu,Stubborn Love,The Lumineers,folk,0.596,0.544,0.604,0.017,0.262,115.022,68
56s8emjdpq3KjecMlyIBkb,Start Again,Kidnap,garage,0.807,0.563,0.0209,0.152,0.654,118.991,44
7MlPySldFcJ9R3mSFvGV4y,彼方で,Masaharu Fukuyama,acoustic,0.459,0.57,0.199,0.0,0.361,72.978,29
4Wk1lQVETaU7DS3DGerl34,Adi Aathi,SATTHIA,malay,0.752,0.659,0.144,5.63e-06,0.307,94.994,31
6oGMdCFhJgn31QFsNcNyhU,ghibli,heroku,study,0.415,0.581,0.864,0.941,0.502,173.955,7
3zjjzKg16tczCMwckGKGuH,Happy Pills,Weathers,alt-rock,0.521,0.885,0.00327,0.00904,0.344,115.985,71
5O8uBUqc6rzlrS9YYCGeiX,West Indies,Koffee,j-dance,0.754,0.638,0.118,0.0,0.437,90.137,52
77KnJc8o5G1eKVwX5ywMeZ,Mind Over Matter (Reprise),Young the Giant,alt-rock,0.393,0.487,0.229,0.0,0.3,151.958,75
0EXH5At0IggPUmURAJv4tl,Western Skies,Hot Rize,bluegrass,0.677,0.644,0.688,0.034,0.909,129.866,28
2sNb39NBEOOikeFCCBNdnF,Até Você Voltar Pra Mim,Zé Vaqueiro,forro,0.734,0.929,0.534,0.0141,0.969,154.046,46
3N0YgcOdru4mvji536vsfX,We Okay,Rytikal,j-dance,0.581,0.634,0.551,0.0,0.545,65.073,18
1p0vYiUriWNU5mKQnOFJWI,Gold Plated,Stratotune,study,0.701,0.294,0.792,0.3,0.438,180.085,45
1uveEvgKX4irLcp1BUTIFD,色彩,yama,j-pop,0.581,0.926,0.176,0.0,0.874,117.04,71
3PEUQ7jEKzzuzuUUwYBMQL,Vi vann till slut,Arvid Lundquist,goth,0.633,0.475,0.0217,0.0,0.524,150.042,24
1y6DJDkhlYz6X35HV7BgsK,If Drinkin' Don't Kill Me,George Jones,honky-tonk,0.576,0.205,0.703,0.0,0.277,89.328,12
33GiPCZF3WRncZ98s1zrmM,Burden,Subtact;Jay Rodger,dubstep,0.55,0.285,0.72,0.516,0.0472,89.968,40
6kykAmLzRQI5ozXjujslWo,Wonderful Christmastime,The Shins,alt-rock,0.634,0.689,0.0109,0.0,0.899,140.071,0
1597WGPM2yBKrpfn5sOfwN,Full Moon,Guaynaa;Yandel,reggae,0.852,0.833,0.0774,1.94e-06,0.622,84.007,0
7N05mAG1X23Sd2PNOyoJSF,Blue Stone of Atlas - Piano Solo Version,Hikaru Shirosu,piano,0.455,0.0038,0.992,0.951,0.254,204.573,50
4QkVnNUgHNh4rUEQp5kmop,Shadows,Teenage Mutants,techno,0.677,0.904,0.000635,0.819,0.328,131.013,26
4nPfSD9CEz2515f4jBuHgb,Nuestro Sueño,Grupo Niche,salsa,0.651,0.936,0.221,0.000107,0.634,90.243,35
4xU4wWPzUNlQgTfaKCcheW,You Are Loving,Timmies;Shiloh Dynasty,chill,0.814,0.333,0.874,3.54e-06,0.387,99.994,57
5A7DqDPUp55MV8ChC252FK,Passing Time - Remastered 2003,Clannad,new-age,0.602,0.47,0.225,4.47e-06,0.29,93.503,21
1F6IbA7di42uPc3cff8PXV,Flaming Hot Cheetos,Clairo,indie-pop,0.817,0.551,0.865,0.000151,0.142,109.966,76
1gXqg06Sc5301iRoKNhRRL,У реки,"Nikolai Erdenko;Ансамбль ""Джанг""",romance,0.536,0.391,0.933,0.00462,0.82,154.325,0
6qYkNJmU5w4byWrqrXvDjE,Temperou,Juninho Black,groove,0.841,0.347,0.921,0.000744,0.46,115.005,28
3zZ009FB8sc8JghwVrbLFq,Rebellion (feat. Daron Malakian),Linkin Park;Daron Malakian,grunge,0.508,0.971,0.00145,0.0,0.325,130.023,49
7rj8aNwZqTvrUeLlAyNWtZ,Gyal You A Party Animal,Charly Black,dancehall,0.588,0.841,0.026,0.0,0.871,134.577,66
3P5xhGZ3c9tOmyvpiTAvVn,The Dj’s Pumping - Freestyle Edit,Paul Elstak,happy,0.602,0.933,0.00172,0.0325,0.519,150.047,25
6wW4ES7Gx0zEKdbgcTL1hO,Galvanize - Edit,The Chemical Brothers,breakbeat,0.765,0.674,0.0279,0.0136,0.354,104.008,42
3wS1njCO85Eo9iQ6gs7740,Perros y Gatas,Alberto Stylee,latino,0.843,0.729,0.0125,0.000221,0.932,91.959,39
2pyjbGTpJCPjMYwCbdymiF,Dazed & Confused,Ruel,alternative,0.688,0.5,0.102,0.0,0.418,127.906,67
1vN2rZ4WoUe6QQJjc2NBjN,Qué Más Pues?,J Balvin;Maria Becerra,latin,0.904,0.817,0.0254,0.000141,0.753,101.988,2
2jtlU6H5C9WFB0x72f6YGo,Touch,Hybrid Minds;Catching Cairo,drum-and-bass,0.582,0.821,0.0354,0.121,0.0373,86.013,62
4bmV5s9lW9DrGYKjfdUQKP,Sound of Madness,Shinedown,grunge,0.328,0.939,4.93e-05,0.0065,0.329,185.971,26
6WDImQJbSYW8Mm7TMaG18m,The Whispers of Sleep,Virtue In Vain,metalcore,0.105,0.954,8.01e-06,0.000696,0.0934,83.173,34
2qnTH0so7BRI7knJ0VulWr,Changing,Sigma;Paloma Faith,drum-and-bass,0.485,0.815,0.0997,0.0,0.352,171.101,20
1Z1P4PEOAPDHsCCb0IfCR6,The Princess Peach Song,Poop Emoji,kids,0.818,0.668,0.0223,6.12e-06,0.578,89.986,10
49OFoyP1KZKAGwDx19pbHt,Five Little Speckled Frogs,Super Simple Songs,children,0.882,0.4,0.0658,0.0,0.934,96.016,54
0Ep1pV0KhVvSof5eGN8803,C.A.,Plaid,idm,0.46,0.452,0.0409,0.931,0.476,87.671,42
1KGNzb5XDbFOJCOhQjnDJy,Flashing Lights,Ashley Wallbridge;John Weber;Bodine,trance,0.244,0.899,0.00258,0.000341,0.0539,129.981,48
6HlE9t71z9DjGi7KqSyEpA,Deep End,Fousheé,indie,0.711,0.592,0.758,0.0,0.535,124.749,69
0Zj9TB27KLWpixW7WFRx6A,Conto De Fraldas,Tianastacia,brazil,0.675,0.594,0.0348,1.91e-05,0.598,118.052,47
4a3twTGIFwHZLkaSMDMdOo,De Fé - Ao Vivo,Humberto Gessinger,brazil,0.541,0.695,0.655,0.000228,0.469,80.189,46
6PGlNj4xipskvQXJgfAy8i,Ullam Uruguthaiyya,T. M. Soundararajan,k-pop,0.436,0.315,0.887,0.0,0.946,173.628,45
4g51TfZbJc8eiAJCQGRCrt,Benzin,RAF Camora;Ufo361,german,0.692,0.534,0.0433,0.0,0.172,145.886,43
2Rhf5LPlWO1q6RMogvQEqA,Under His Eye,Beat Oven,study,0.734,0.417,0.0124,0.721,0.527,90.96,5
7buYPUijQW1xk8JsB6BoVk,Olha o Que o Amor Me Faz,André Leono,disney,0.48,0.301,0.339,0.0,0.165,127.573,18
0kkzwzoUEzMdTBThNTrhat,Her Gece,Metth;Khontkar;Ceg,turkish,0.761,0.498,0.0834,0.0,0.374,78.006,37
1hmfCUTmSfLWecxk8JDNRr,Saving Grace,DRYM;GXD;Christina Novelli,deep-house,0.425,0.957,0.000366,0.0124,0.071,137.88,48
37ggwqTDiNfFIZaxUsLAjh,Teus Altares,João Alexandre,gospel,0.759,0.134,0.933,0.000389,0.381,104.834,38
0dynHt8F4nhXiwolAdiLW5,Ride It (Kya Yehi Pyar Hai),Jay Sean,dance,0.749,0.566,0.39,0.0,0.725,93.017,56
1PJav3utD7mvErlUwKC40c,Flores astrais,Secos & Molhados,mpb,0.422,0.715,0.322,0.0179,0.586,164.708,42
6SZwj6cjc8JQbkrr8cbIUn,Oh Klahoma,Jack Stauber,indie,0.697,0.401,0.43,0.0109,0.478,108.996,75
3Zm6QMBYCwNZFUOmVBoVhA,The Blood,Bethel Music;Jenn Johnson;Mitch Wong,ambient,0.478,0.333,0.316,0.0,0.204,74.935,52
2za2WLmNkloOl7upOik7TJ,Nightime Sleep Rain,Nature Sounds,sleep,0.459,0.985,0.272,0.94,0.00876,77.207,0
7tEw92LHeMiwnp3eqpmiWL,Body of Gold,KDrew;Hvnnibvl,dubstep,0.686,0.762,0.0805,0.0,0.268,102.997,37
3oYj1UaQtkX0R9iuaV2jMj,Hojas Amarillas,Eterna Inocencia,hardcore,0.576,0.709,0.00514,8.69e-05,0.579,140.003,31
3g9enx5zR3PvlzA5wwQAc0,Mammy Hot Daddy Cool,Big Youth,dub,0.855,0.416,0.0395,0.126,0.597,88.578,27
23qCVQP3SyASAipjZrb2Dw,Estrela Caida,Teodoro & Sampaio,sertanejo,0.49,0.525,0.34,0.0,0.784,85.28,46
0Bgj6XMxb7QdNNdTU5mcfd,Ni Rosas Ni Juguetes,Paulina Rubio,latin,0.635,0.74,0.0201,0.0,0.639,96.022,0
6In2IjmE06RxlCSPpVizTQ,Metamorphosis,Jack Hartmann,kids,0.789,0.612,0.382,0.0,0.84,169.855,10
5PxjRFRvXsLfLg1D3BolsW,My Own Worst Enemy,Napalm Death,grindcore,0.33,0.984,0.000168,0.176,0.219,96.111,13
1KlRuqkYretElCDSwK9kUN,How to Slice a Whore,Lordi,heavy-metal,0.491,0.976,9.03e-05,1.09e-06,0.591,93.454,22
24ncWBgfsWHODJwzuc2p1l,Vishnu,Karunesh,new-age,0.668,0.571,0.768,0.857,0.607,89.98,36
0yJ1vXLwRjSzeU2WeZoxi7,Tum Kyu Chale Aate Ho (LoFi Mix),Addy,indian,0.557,0.387,0.0279,6.16e-06,0.153,98.089,50
6RTWC9YIPsoQpLJNDLTrBL,"I Go to Extremes - Live at Yankee Stadium, Bronx, NY - June 1990",Billy Joel,piano,0.378,0.956,0.137,6.04e-06,0.286,130.638,37
21UPL4RXZPmg2TZ2DgWADj,Feels Like You,Faime,chill,0.848,0.352,0.789,0.000105,0.571,92.991,63
24YfxS060aKze1c2LosTxG,I Like A Sleighride (Jingle Bells),Peggy Lee,jazz,0.758,0.451,0.75,0.0,0.737,122.912,0
7w7pSOBBRv4mWW3DpoPxhm,I Lost Myself in Loving You,Jamie Miller,soul,0.456,0.615,0.614,0.0,0.416,78.461,0
0JXGHeueRwWa3MAkVQQT9D,Naruto Shippuden Samidare - Trap Remix,Fery,anime,0.678,0.475,0.155,0.533,0.358,123.016,40
05HpBFLrHBjWpgV0DSPUAv,Tiroteo,Marc Seguí;Pol Granch,spanish,0.747,0.605,0.0548,3.55e-06,0.564,110.402,69
5Op4Nab6c1K3iM7kLOq3DA,Boomin' Back Atcha,Freq Nasty;Phoebe One,breakbeat,0.762,0.677,0.0831,0.000244,0.3,104.986,14
0ocYpRgwVdunEea31HbfGK,Tainted Love,Imelda May,rockabilly,0.494,0.923,0.149,0.0,0.719,174.914,21
1B5Tp2Ml9nLlmTSJx8xVfI,Always On My Mind,Elvis Presley,rock-n-roll,0.358,0.387,0.746,0.0121,0.495,181.183,73
3FfcNuVn1yyNkikUxm6qwW,Qué me van a hablar de amor - Remastered,Julio Sosa,tango,0.441,0.537,0.945,0.0,0.673,124.381,36
3gUP59wRbWXwsevYiNPYhB,Autumn Rain,Rain Sounds,sleep,0.0832,0.00165,2.69e-06,0.78,0.0,78.754,36
1yGTwR9AcrzQ67JGnwO3jZ,If You Stayed Over,Bonobo;Fink,trip-hop,0.263,0.321,0.734,0.805,0.147,85.001,46
6nbgtMncsVVZEXR3XloCaB,"Every Time You Say Goodbye - Live From The Louisville Palace, Kentucky / 2002",Alison Krauss & Union Station,bluegrass,0.479,0.652,0.188,1.98e-05,0.78,107.161,27
4gqCLOi4Zt2Yk9A12jTao0,Mireille,Orloge Simard,punk,0.74,0.655,0.323,6.8e-05,0.964,107.009,39
5hnyJvgoWiQUYZttV4wXy6,Chasing Cars,Snow Patrol,rock,0.56,0.595,0.199,6.47e-05,0.144,104.011,80
1BKusTxcnEBZHe8AAGBCAw,"I See a Boat on the River - 7"" Version",Boney M.,disco,0.787,0.544,0.0883,3.97e-05,0.919,122.61,20
385iB1Psu1btHmaZqJ1dOr,Stockholm Syndrome,Djin,death-metal,0.543,0.991,1.3e-05,0.00382,0.364,130.034,22
3ddp87sShpWPenS7M4t9uj,Contacto Com o Mundo Racional,Tim Maia,mpb,0.676,0.352,0.208,0.0,0.509,111.179,40
13rtgTDK9w1clbgXpGuW3y,Let Me Hold You,Netsky;Hybrid Minds,drum-and-bass,0.458,0.724,0.367,0.0,0.18,172.79,59
1VsLooKcj4aeV9BFI2hkj0,I Am III,Bölzer,black-metal,0.228,0.981,1.86e-05,0.0318,0.0379,122.936,17
3AtyzjespqpZEImoK1sb5N,Bring My Family Back,Faithless,trip-hop,0.668,0.62,0.0846,0.004,0.395,80.016,22
7F9iD9cZBEQMZgeD9EuO4Z,El Volcán,Juanafé,afrobeat,0.715,0.897,0.432,0.0,0.839,96.891,25
0BV0AYGLVlu2SdjN3J9twp,Fed Up,Ghostemane,hip-hop,0.849,0.758,0.499,0.695,0.0684,115.058,76
5X5Dcmfb2nXFInfXQ7P5GD,Iris,The Goo Goo Dolls,rock,0.291,0.791,0.00133,5.17e-06,0.511,155.669,0
3DyEHHrWR377d05LGmP8tN,Veils,Jarhead Fertilizer;Purge,grindcore,0.256,0.959,0.00295,0.256,0.331,69.736,16
5I3Xih0C2ID3fqngBrBbGv,"Bad Boy (From ""Saaho"")",Badshah;Neeti Mohan,hip-hop,0.892,0.848,0.242,0.013,0.523,105.013,61
0jqK7sGTLsHPkQrrcrGuKD,Still Waiting,Sum 41,punk,0.431,0.95,0.00105,3.63e-05,0.56,191.936,71
5dYALtIofWC0oK3K53lXGB,Olen saanut elää,Reijo Taipale,tango,0.587,0.332,0.66,0.0,0.359,105.254,17
2Sl6hMperaZs5PWPrpJboD,Pra Ser Sincero - Ao Vivo,Engenheiros Do Hawaii,mpb,0.341,0.604,0.325,3.84e-05,0.244,68.198,41
66JfCKNdHcuH0SekHH0l1i,Unknown Journey X,Drexciya,detroit-techno,0.493,0.869,0.279,0.842,0.74,131.525,9
5AFtplOqaP5Ji21E5HC5Wk,Capable of Lies,The Bombpops,power-pop,0.566,0.929,2.2e-05,0.0,0.811,107.436,22
2FoAvclmD5zABT7ks4k3X1,Presságio (feat. Fernando Anitelli),Gloria,hardcore,0.536,0.982,0.000232,0.0,0.189,105.005,29
2G5N1R4OuLsMyVkVdWmbuG,Tempo,Sandy,mpb,0.291,0.206,0.852,0.000104,0.337,152.364,37
5gdMxfZW9tkKVxifyNCulZ,Satania,Mägo de Oz,spanish,0.193,0.927,0.00162,0.0411,0.221,167.197,27
2iqZwU3lzwCPQp9fGtPzUd,Déjà Vu,Cibo Matto,trip-hop,0.668,0.614,0.36,0.000168,0.5,95.073,21
3S7NB9yGDk4HjbHxkqzgK8,Tequila,Juanes;Christian Nodal,latin,0.757,0.688,0.226,0.0,0.704,155.994,1
1D795WM1mCto1GUXySadhP,Never Been In Love - Rob Orton Remix,Cobra Starship;Icona Pop;Rob Orton,punk,0.631,0.929,0.00602,0.0,0.694,121.083,0
5Anisqmfjm2CbWm7BMv6Vk,Graduation,George Winston,new-age,0.363,0.0928,0.973,0.915,0.0791,128.407,24
3JKLrIrHpbHtDU1oeYtbYD,Chasing Cars,Boyce Avenue,acoustic,0.659,0.331,0.809,0.0,0.0877,105.01,52
0EPLdgfGTsdcf7ygd8ChoZ,OMFG,Lil Peep,emo,0.576,0.702,0.24,1.82e-06,0.458,146.122,66
48zE1jY1K1oqjpD3G6UGfH,OUTRO PATAMAR,MC Cabelinho;Ajaxx,funk,0.795,0.665,0.694,0.0,0.481,114.905,48
1HvCFAUIWQsWV9zud3UhDl,All Falls Down (feat. Juliander),Alan Walker;Noah Cyrus;Digital Farm Animals;Juliander,electro,0.655,0.672,0.253,0.0,0.675,98.005,65
7de3XY2dWCowu7j5NxO2PV,Pasarela,Ñejo & Dalmata,latin,0.798,0.821,0.0985,5.84e-06,0.526,95.004,0
208sMwgVcaFt2mT79Df1KG,"Naacho Naacho (From ""Rrr"")",Vishal Mishra;Rahul Sipligunj;M. M. Keeravani,pop,0.438,0.986,0.35,0.000343,0.736,159.894,68
5j5a0uWJly5tOvBZiFJbxA,And Then There Was You,Norah Jones,j-pop,0.471,0.0845,0.956,0.147,0.149,84.608,0
2wvpGY0X2anQFBcypdkeIa,Live Free - Radio Edit,Mark With a K;Redhead,hardstyle,0.515,0.811,0.0111,0.0,0.15,149.928,22
1955ZZJe1TzmSR0TomnNjI,Symphony Of Destruction,Megadeth,alt-rock,0.61,0.889,0.000794,0.0865,0.506,139.903,0
0oiWvwSs3jY00AIwK4vas6,The Spirit Cave,Patton Oswalt,comedy,0.654,0.793,0.691,0.0,0.483,84.823,22
6RYPKSSDUgpgzyFdzEBPJP,Panzer Division Marduk - Live in Warschau 2005,Marduk,black-metal,0.172,0.937,0.0032,0.201,0.0368,121.592,18
4sakBPqSpuj6FJti1rPme7,Naganya Maya,Sajjan Raj Vaidya,indie-pop,0.282,0.26,0.865,0.000743,0.205,171.152,53
4tW0KhSVtFrtxl8KQHGVEQ,Prästens bekännelse,Björn Rosenström,swedish,0.574,0.544,0.429,0.0,0.535,76.03,34
1w0KiISRudPcNCW1SfGk7D,Förhoppningar och regnbågar,Håkan Hellström,goth,0.351,0.897,0.00635,7.26e-06,0.64,109.661,34
2wDMyqurgmPnpBdIQEUYn2,Linger,Twinkle Twinkle Little Rock Star,children,0.357,0.0488,0.85,0.000554,0.0422,142.014,28
0Vm5hwMC5CvWioJBlgfmOh,"Mit den Boyz (feat. Chapo102, Skoob102 & Stacks102)",102 Boyz;The Cratez;Chapo102;Skoob102;Stacks102,german,0.819,0.669,0.0265,3.82e-06,0.648,75.027,37
0vbLlw450iyA4eiJoB0pd4,"Geistliches Wiegenlied, Op. 91, No. 2",Johannes Brahms;Jessye Norman;Daniel Barenboim;Wolfram Christ,classical,0.204,0.0281,0.985,0.00233,0.0984,97.274,0
3KThRpXIa6uyM9AMBpfBjM,Gündüzüm Seninle,Müzeyyen Senar,j-rock,0.397,0.237,0.974,0.102,0.233,124.733,39
51XZBnAdNQKkhtkHvY4fxS,Hotel Chambermaid,Graham Parker & The Rumour,power-pop,0.594,0.534,0.00476,6.88e-06,0.667,132.486,20
0MN6XmUQqauhnaOm8BHuwB,Cosmic Lullaby 432Hz - J.C. Fous De La Mer Remix,Fous De La Mer;Clair Dietrich;J.C. Fous de la mer,ambient,0.682,0.444,0.646,0.873,0.261,131.991,26
7JhZEc8jAwdweCixk0Vpfp,Sweet Child O' Mine - Live,Slash;Myles Kennedy,hard-rock,0.361,0.941,0.0296,0.00697,0.442,128.795,1
4uoF7cX5NXaj1K4FuNROhB,Chaussettes,Spider ZED,french,0.886,0.745,0.633,0.00855,0.537,129.978,34
364Am4PI1b6FQc0wUUH7AS,The Bender,Matoma;Brando,edm,0.707,0.882,0.0606,0.0131,0.208,125.007,1
4KVLf2rU3YZslGiF09yo0S,El Ganzo,Asspera;El Bananero,heavy-metal,0.337,0.673,0.013,0.0,0.438,129.029,29
3zzA325SAVx8AcEvqNUDFM,Goat,Thekidszn,sad,0.712,0.562,0.00149,0.0,0.55,150.051,56
0TWTda4yD1jdsIlRTQLoA0,Puedo,Los Cafres,ska,0.705,0.681,0.0987,3.47e-05,0.963,169.864,36
3iIQdR4zxBG2pkBU0L9ooA,Melancolía,Estelares,alt-rock,0.671,0.775,0.0326,0.0,0.671,131.995,45
7Gb7PnUpJPBZQ2JdfdRHNE,Bleeding Peptic Ulcer,Couple Skate,grindcore,0.216,0.964,0.0767,0.935,0.114,135.647,12
1meXK8bC29YKP011kHQml1,Leona,Millencolin,hardcore,0.35,0.779,0.00237,0.0,0.779,141.245,34
7hTyEBBgIPW8GyMT37KPxl,Landscape,Jarico,house,0.826,0.647,0.359,3.68e-05,0.178,99.994,46
2dvf91VQ1Dd6n5cQ62r7wi,josephine,tstewart;Machinedrum,idm,0.469,0.397,0.709,0.734,0.0627,82.659,12
1SOVqO9yC3UkHwFUpaPUyA,When You Were Mine,Allo Darlin',club,0.516,0.833,0.0707,8.77e-06,0.802,92.863,7
01sHFh1aR5t7NlIJkOEhNH,Lola Loves Jacky Cola,Die Gerchli;Kings of Günter,party,0.746,0.834,0.289,0.0,0.658,127.967,31
6ZkwokCipkGiqvpnIt2APo,Linger,The Cranberries,rock,0.201,0.762,0.0953,1.46e-05,0.131,94.832,0
3gUA9n61mBMVQzuOMunBVC,Salimos a Cazarte - Remix,Bayron Fire;Endo;Osquel;Lyan;Young Eiby;Hebreo,reggaeton,0.748,0.692,0.218,0.0,0.622,170.097,39
3gA09jZ1Ry2nkl5swYnONs,El club del amigo,Guachupé,ska,0.715,0.902,0.0814,0.0,0.768,152.064,40
2cTDeeS5opwE4H98jc6fTn,El Matador - Versión Remasterizada (Live),Los Fabulosos Cadillacs,ska,0.594,0.982,0.409,0.000211,0.225,100.171,33
2j2CRl98OHSlRwL4KCYudv,Expose,Gideon,death-metal,0.318,0.995,0.00875,0.0,0.49,175.756,23
5Os2brRE8flEq52NpFBCUO,Força,Nelly Furtado,latin,0.651,0.86,0.156,0.0181,0.543,122.906,0
3sGOzhLEKanogNnnNJQiDv,They Just Can't Stop It (Games People Play),The Spinners,disco,0.721,0.408,0.513,0.000463,0.677,76.522,34
5kLh746jvgdUXJrdpO00Kt,『Z』の誓い -ZZ ver.-,Momoiro Clover Z,j-idol,0.455,0.964,0.00249,0.0396,0.374,175.051,18
5E4jJga8yVK2CgXExQDnKi,Test & Recognise - Cassius Select Remix,Seekae;Cassius Select,idm,0.742,0.734,0.388,0.142,0.45,127.987,29
0E37RLXlilaFJDfA4ByYb2,Potrei,Ketama126,emo,0.765,0.649,0.00288,0.000259,0.251,124.043,37
5MfQgdHlFrSNMCbOJG7SwE,Sem Vestígios - Ao Vivo,Mumuzinho,pagode,0.557,0.688,0.492,0.0,0.686,149.967,65
6VojZJpMyuKClbwyilWlQj,Wouldn't It Be Nice,The Beach Boys,psych-rock,0.385,0.657,0.724,0.0,0.672,124.895,59
265Anh9hGoozFigjUVLUeD,New Shoes,Paolo Nutini,british,0.748,0.735,0.47,1.09e-05,0.854,150.04,67
015ENhxZgNXSvzml1FJueG,Zaroia,O Surto,punk-rock,0.639,0.868,0.0648,0.0,0.708,137.037,37
7uF1nTuJRGUlZzODPcmPva,Ashes on The Fire (Attack on Titan The Final Season Original Soundtrack),KOHTA YAMAMOTO,anime,0.214,0.703,0.00141,0.928,0.0786,101.921,58
5xIDg8xHcFzR6PhXgYrntP,O Ponteiro Tá Subindo,Camisa de Vênus,punk-rock,0.36,0.966,0.00157,0.0,0.735,170.511,37
0U6bQIAh6MCGo1xjbIIx2S,Instagram,Dimitri Vegas & Like Mike;David Guetta;Daddy Yankee;Afro Bros;Natti Natasha;Dimitri Vegas;Like Mike,edm,0.765,0.906,0.125,0.0,0.95,96.071,66
5Cn3GjLYnVUHiwvMmW9zAr,Skinnamarink - Piano / Nature Instrumental,The Kiboomers,children,0.837,0.347,0.939,0.939,0.973,125.011,27
4gjWKsTwZZKwN0nnES8bGv,o9-Silence,o9,idm,0.546,0.251,0.739,0.882,0.807,139.903,22
5ITi64nceMr4EgWfqmivd4,If Only,Andrea Bocelli;Dua Lipa,opera,0.236,0.207,0.875,8.15e-06,0.0757,147.518,52
0EooyHZSoef5x1Y9ByRb8t,The slow train,Jonnie Snoilsky,guitar,0.575,0.0525,0.962,0.913,0.0588,144.11,26
7incJHhOl108CJBxylqc1z,Intro : Persona,BTS,k-pop,0.486,0.871,0.0278,0.0,0.659,85.411,61
2lGujFVgZ3OfWYxdTltdye,Here I Go,Syd Barrett,psych-rock,0.468,0.328,0.524,0.0,0.676,128.469,42
1jPKn9vmP5ZvXWGhOGRnGF,GG-RAM,Noisekick;Paranoizer,happy,0.626,0.996,0.0582,0.00954,0.36,112.457,17
2YqN1h7IdAWI11t9tTZwXt,STRETCH 2,Coach Kody,kids,0.904,0.481,0.0182,6.06e-06,0.469,111.95,10
0V0FJBR8xhhMuirhRY15we,PACMAN,Hardwell,progressive-house,0.588,0.872,0.000591,0.649,0.119,127.996,55
6WP6swP765IC5tbvtigWMR,Mars Needs Women,Rob Zombie,industrial,0.677,0.683,0.00994,2.05e-06,0.0776,95.004,25
0rUPzRvt6Pyl00OveAAqVU,Vem tänder stjärnorna,Eva Dahlgren,j-pop,0.517,0.603,0.26,0.000434,0.477,161.741,37
457p7UH7hoHrbA2iI4PSCA,Live for the Night,Krewella,dub,0.499,0.843,0.0138,0.0,0.533,127.932,50
3joSo5cx7WLe18uEEdu3Oj,Chá De Casa Nova - Ao Vivo,Henrique & Juliano,sertanejo,0.55,0.695,0.492,0.0,0.602,77.824,54
6U3Gz3tlljM3F9nIk4bzWY,Brian's Song,Emile Pandolfi,new-age,0.285,0.136,0.991,0.851,0.153,86.057,21
1WhTTo75YqLegIOyndRQex,Apocalipse,Katsbarnea,gospel,0.482,0.73,0.495,9.97e-05,0.548,119.826,39
6DvPwsfTATS9gTdA1XdIdH,I'm Like A Bird,Nelly Furtado,latin,0.623,0.607,0.147,3.29e-06,0.614,89.654,1
4IZ2mxI4BOhvvyk3y7UsMX,Parachute - Radio Edit,Otto Knows,progressive-house,0.611,0.779,0.0205,2.98e-05,0.585,127.991,0
6lknMmJZALXxx7emwwZWLX,Frozen,Madonna;Sickick,dance,0.706,0.633,0.267,0.0192,0.375,110.005,76
5lWntBx6CC4JbbHPCb6ftj,Ferxxo 100,Feid,latin,0.705,0.562,0.257,0.0,0.569,163.893,0
5orygsZ5Ga0jEOvftsXqw2,The Seeker - Edit,The Who,british,0.318,0.657,0.101,3.01e-06,0.753,177.477,63
128O9eMy6nf4K40g7dALBb,Gol D Roger,Rustage,anime,0.831,0.877,0.364,0.0,0.813,140.088,44
1d60khvJOU5PIUWNu35yGr,Last Goodbye,TOKYO ROSE;ZABO;Aloma Steele,club,0.642,0.658,0.00409,0.00632,0.199,180.03,39
1V6nk2hpLtdemWy3HvTVpN,The First Day Of Christmas,Ane Brun,singer-songwriter,0.374,0.203,0.895,0.000479,0.32,134.146,0
22zxLxXlXrBIm7XaazHNrg,Hold On (feat. Michel Zitron),Martin Garrix;Matisse & Sadko;Michel Zitron,progressive-house,0.422,0.711,0.0176,0.0,0.321,128.066,54
7uubRr0u9Zxc1Y84hEn7Xf,Moh Moh Ke Dhaage (Female),Anu Malik;Monali Thakur;Varun Grover,pop-film,0.585,0.399,0.849,3.47e-06,0.349,128.03,63
4UTTtBZGgpaNCkYH1E3lIO,Lilla Björn Och Lilla Tiger,Charta 77,punk,0.402,0.868,0.0643,0.000969,0.505,163.71,39
17GTH3Y785FxMmgLfBXwF9,Bibbidi-Bobbidi-Boo (The Magic Song) - Soundtrack,Verna Felton,disney,0.538,0.512,0.947,1.42e-05,0.855,52.751,19
6RnMYLp0MldyRgaRlKA00z,Scales and Arpeggios,Jon Sarta,disney,0.839,0.0555,0.995,0.78,0.983,111.921,22
2cbRVHdH6ab9sPsnQjFRx6,Poongatre Poongatre,Yuvan Shankar Raja;Benny Dayal,k-pop,0.825,0.669,0.0761,0.169,0.767,119.993,54
25WjhzidELBiE8WBROJIRs,Tô pra Onda,Afrocidade,afrobeat,0.71,0.846,0.0798,0.00352,0.505,118.025,29
1vNpBNt5sqdvHVSuZ2PBiz,Kamikaze wróć!,Papa Dance,synth-pop,0.719,0.89,0.141,0.0,0.975,127.848,24
7jsztTcRQhf5WWZ2vqWy4e,Suavemente,Soolking;Boro Boro,french,0.854,0.682,0.335,0.000926,0.507,140.019,0
3l7ihSOrFwIMBBDcMpfKVL,Gil Trabajador,Hermetica,heavy-metal,0.426,0.951,0.00053,0.0,0.394,143.193,40
07MacAZYafSc04kQ7FXdUe,Ik Vaari Aa Lofi Mix,Pritam;Arijit Singh;DJ Yogii,indian,0.534,0.411,0.117,0.000183,0.16,100.045,44
2TpfIIAtMFi3ta7dncAT3o,Visão de Cria,MC Rhamon,funk,0.77,0.603,0.512,0.0,0.396,175.783,50
3ou4wRo5hpcZB22fERb60x,"Run, Dora, Run!",Dora The Explorer,kids,0.493,0.658,0.0317,0.00014,0.528,123.187,15
4VY1gqGrmHm1slHOHKOdU5,你不是第一個離開的人,G.E.M.,mandopop,0.327,0.296,0.653,0.0,0.157,81.312,55
0g21KZ1XJuhwexWPLpuEt1,You & Jennifer,bülow,indie-pop,0.752,0.698,0.52,0.0,0.347,132.058,65
30kLmKZIWj7n5s28QFNy4F,Gold Dust - SHY FX Re-Edit,DJ Fresh;SHY FX,drum-and-bass,0.62,0.932,0.00716,0.000674,0.556,177.017,56
1UUGm4991LVsjC6ysyKLG2,Da Igual,Guaco,salsa,0.708,0.924,0.0985,0.000233,0.665,100.04,30
0yg8hDoQRlwME53oinL1c5,Ljublju,Georgi Vinogradov,romance,0.56,0.298,0.903,0.000248,0.604,115.61,6
0Cpl8IUWAYu2tkFFXMMkkL,Tu mirada,Eterna Inocencia,hardcore,0.467,0.858,0.000776,7.8e-05,0.417,140.113,34
4ABgbHvmr8tg7xOMMl7DXd,Timidez - Ao Vivo,Cavalo De Pau,forro,0.632,0.963,0.00656,0.000327,0.735,121.267,53
4ZuJKSF9NsbxV42I7E1iK6,Tchaco Tchaco,La Furia,pagode,0.524,0.883,0.536,0.0,0.882,128.972,43
49LFIIk9TIvKyTkloCvHyh,Don Agustín - Remastered,Osvaldo Pugliese,tango,0.427,0.428,0.542,0.236,0.628,113.231,16
4IQdH26UaLSrIuH89WhXUA,Blodmarsch,Finntroll,death-metal,0.581,0.604,0.00221,0.604,0.245,100.036,24
51oc6MEsXTpnPn6GOw5VuP,きらり,Fujii Kaze,j-pop,0.746,0.764,0.00803,0.0,0.701,116.982,73
3aUH59ZFXGe7RltVQELk4k,We Burn with Hate,Evil Darkness,death-metal,0.368,0.88,0.0079,0.623,0.372,144.803,21
3uK9mi1dFceUfWFOYbiIFE,I Just Called,NEIKED;Anne-Marie;Latto,house,0.626,0.849,0.0732,0.0,0.898,138.997,0
23Vf9hNoBN8AacpUUHbiRy,War,Sum 41,punk,0.393,0.899,0.000811,0.0,0.54,175.926,62
2l7ZVOcQZWGLclBfZfB8UG,The Happy Song,Dora The Explorer,kids,0.799,0.602,0.327,0.00945,0.698,110.936,17
7ogBckkBvJJDRdn2ZNNUb4,Queens Don't,RaeLynn,country,0.658,0.695,0.0708,0.0,0.572,133.939,0
28hF47ontr1ZcXwtcvgXXz,Quédate,Grupo C4,reggaeton,0.737,0.872,0.0494,5.41e-06,0.657,96.002,39
2sEp03fW8xsi3G6mln9GJo,Quatro Vezes Você,Capital Inicial,mpb,0.512,0.803,0.000153,0.0,0.613,76.02,44
171heZG07xMxVuw3eyxLfN,Somewhere - Live in Barcelona,Il Divo,opera,0.249,0.57,0.852,0.00203,0.227,127.542,22
0Wn3HANJdzmNuM89zXltWE,Let It Snow! Let It Snow! Let It Snow!,Dean Martin,jazz,0.462,0.209,0.9,0.0,0.765,133.988,0
034cAibJlvEZHcZcsyXraJ,2am,Foals,indie,0.698,0.794,0.000335,0.605,0.861,135.981,4
3yXUG6wZczeYgCE3L0z2pD,Intro : Walk the Line,ENHYPEN,anime,0.45,0.779,0.0147,0.000476,0.275,83.935,52
5iZEfbFBdHcWP9gnKvjFAb,多情多怨嘆,王瑞霞,mandopop,0.418,0.37,0.609,0.0,0.411,170.209,25
4ohvBiO2i9USq8LhxvFSSQ,Whine Up Fi Mi,Charly Black;Chris Martin,dancehall,0.673,0.67,0.322,0.0,0.637,94.991,0
1I4lCSP69P74nU3a6Su5L2,Jiggle Jiggle,Duke & Jones;Louis Theroux,dance,0.864,0.412,0.458,0.00087,0.654,99.992,77
7nixLKx5skJBEKyiqZmdp7,I Mean Love,Ethan Loukas,acoustic,0.748,0.428,0.542,0.0,0.565,115.067,39
2nV6vL8xAxUrsUhRWDHW4R,Take You Dancing,Jason Derulo,dance,0.789,0.711,0.0332,0.0,0.753,112.985,1
0aLAWPWS8fCtTUqn2JS927,Saturnine - Semi-Acoustic Live version,The Gathering,goth,0.408,0.725,0.00846,0.0266,0.248,77.245,20
1VI29k31nGdasgJ8BBpPu8,Oh! Carol,Neil Sedaka,rockabilly,0.584,0.743,0.766,0.0,0.815,132.747,46
40gooTta3y4FgzXaMOGDJL,I Can't Help But Feel,Surfaces,soul,0.722,0.706,0.328,0.0,0.715,114.983,66
60Gwt85TPuZuLcJy4pMbuN,Perdón,Maite Hontelé;Oscar D'León,salsa,0.689,0.432,0.552,2.23e-05,0.497,93.019,28
2bDzzVKowehXl7MaFfZ4Du,Dracula a GoGo,The Fleshtones,power-pop,0.505,0.946,0.51,0.00953,0.722,146.297,22
715slv9zyByop7EttlmTjQ,Estamos de Pé - Ao Vivo,Marcus Salles,brazil,0.511,0.766,0.109,2.54e-05,0.331,104.046,46
4M6TB6KpjOhKhtZ2rUKNc6,The Merciless Light,PIG,industrial,0.608,0.681,0.0123,2.19e-06,0.376,94.011,19
3uPJHAv7ZjWfXBJwvGBUIi,Makeup - Blazy Remix,Neelix;Caroline Harrison;Blazy,techno,0.569,0.548,0.0169,0.44,0.0856,139.999,44
3OK2VUpcjQQZAqGHw95N4G,26 Blvd,Prem Dhillon,pop,0.649,0.799,0.0405,0.0,0.558,173.913,69
3Z4ZuDrY684IFTBz2ze708,Gimme Some Lovin' - Single Mix,The Spencer Davis Group,british,0.598,0.564,0.216,0.000204,0.43,147.619,64
6jreFSOTUAViWjKyzOC4Kg,REMEDY,Alesso,house,0.601,0.775,0.269,0.0,0.483,119.964,67
6XkM2s8SyhPEL2BYpFRh5P,Residentes Olvidados,Leprosy,death-metal,0.402,0.863,5.11e-05,0.747,0.381,110.928,24
1XPAphgEXCVkWMpGx3aF8U,abcdefu (chill),GAYLE,alternative,0.554,0.429,0.0405,0.0,0.195,112.899,0
6suYoN4gFkanqOBn5yRnJC,Boys Will Be Bugs,Cavetown,indie-pop,0.486,0.528,0.00387,1.4e-05,0.452,178.519,75
73bhxlCJIK9bwH0miqSxw9,Route 66 - Stereo Remix,Chuck Berry,blues,0.755,0.642,0.564,0.000105,0.969,79.768,1
1rnsFy41deoAFKeTTsNjNU,Gomorrah,Lamb of God,groove,0.483,0.99,0.00176,0.000958,0.232,147.111,53
2TA2TBC2uLnfgGCNrUuaAU,Neeli Penne,Nomadic Voice,malay,0.51,0.748,0.0331,0.0,0.657,170.072,20
11JcKBQsIAawlt3zuS5cFl,Jasmin begegnet Prinz Anders,Alan Menken,disney,0.257,0.0613,0.946,0.911,0.107,80.404,18
5g5y3bgYrajITEEYsLnkDq,MSMSMSM,SOPHIE,club,0.514,0.94,0.0303,0.905,0.0317,133.507,38
1tibdJ0jx2CVC3BuqefUUl,The Crucifixion,Portrayal of Guilt,black-metal,0.2,0.88,0.0129,0.239,0.0626,171.199,20
3wWsdGGuCPmB6iwTFkIPnv,Tardigrade's,Omar S,detroit-techno,0.823,0.877,0.0407,0.905,0.129,123.986,8
2FGqez2r0DU60GhfjyI3ed,Morro de Saudade / Vem Me Amar - Ao Vivo,Clayton & Romário,sertanejo,0.61,0.902,0.419,0.0,0.808,173.912,56
27IvH8LRZSlEtBEN5MlTQt,Bring Me Back A Song,Nightnoise,new-age,0.114,0.261,0.835,0.962,0.0453,80.345,21
5XgG3JIGoONXSRGlzDVArN,Bright Morning Star,Ralph Stanley,bluegrass,0.48,0.0284,0.925,0.0,0.194,105.888,21
7ph7HRUsxYcKLRFTaYCQYQ,ロマンス宣言,Ayano Kaneko,j-pop,0.661,0.864,0.231,0.000619,0.945,156.375,54
6kPJZM97LwdG9QIsT7khp6,Solo (feat. Demi Lovato),Clean Bandit;Demi Lovato,edm,0.737,0.636,0.0441,6.66e-05,0.565,105.005,71
4gb0u3m6CgWufipNiXx8ij,Para No Verme Más - En Vivo,La Vela Puerca,alt-rock,0.513,0.584,0.597,2.4e-05,0.195,130.829,45
493Gp8GQJHDtfGyUKvihrF,"Ay, DiOs Mío!",KAROL G,reggae,0.715,0.706,0.496,0.00134,0.522,179.997,0
1GNBUGLY90p5vP6z1eEA7k,Milk & Honey,Billie Marten,british,0.291,0.563,0.678,0.00431,0.457,81.467,52
6zMrbDx9STcodQe6BP0zih,O Monstro Sem Nome (Johan),Enygma Rapper,r-n-b,0.56,0.743,0.197,0.0,0.331,144.89,40
2iVQMhKnFZqomOhcGv340f,Watch Me,The Phantoms,blues,0.559,0.606,0.0613,0.0,0.503,79.98,53
5cbZwg8mjKqTbsT4Z2rUpc,Não Precisa Mudar/Palpite/Final Feliz / A Estrada/Meu Erro - Ao Vivo,Vou Zuar,samba,0.373,0.813,0.557,0.0,0.612,96.672,37
6e9XxzJeFkGnJyIU1mwW71,The Day That Heaven Had Gone Away,Black Label Society,groove,0.3,0.512,0.368,0.00108,0.224,155.728,42
30W8VKHrAZmHzObnwAoc1u,TUS LÁGRIMAS,Mora;Sech,latino,0.683,0.714,0.181,1e-06,0.448,173.963,80
0MAM2oW5WSw0bFXtpr7efI,Annie's Gone - Remastered Version,Redd Kross,power-pop,0.586,0.71,0.000268,0.0253,0.909,149.27,25
5kkGFMcYcX1h3sQkyJcLHo,Fairytale,Culture Code;Amanda Collis,dub,0.644,0.628,0.0334,0.0,0.448,97.042,48
5qIu7xWmsp8UMxnJbSDaU5,Dígale,David Bisbal,spanish,0.564,0.451,0.597,0.0,0.315,129.981,37
5FeIwnHme2zk6YJMyd6odO,Psalm 145,Shane & Shane,world-music,0.314,0.264,0.698,0.0,0.454,92.669,22
2oxwGK9FIstfI2oVr3TlyZ,Santa Claus Is Coming To Town,Brenda Lee,rockabilly,0.652,0.366,0.693,1.85e-06,0.621,135.682,0
1Mt7JLzBMXjTVKcdeD437t,Nuthin But A G'Thang,Snoop Dogg,funk,0.813,0.676,0.00842,0.0,0.705,94.629,72
7FjBkz3OJiknpx1jtNkIFs,Minstrel Boy - Film Verson,Joe Strummer;Scott Shields;Martin Slattery;Richard Flack;Paul Cook;Tymon Murray;Joe Strummer & The Mescaleros,punk-rock,0.351,0.674,0.00644,0.419,0.414,174.162,4
7ykMS6DBrx2yVP6izrS2KR,Feeling This Way,Ray Volpe,dubstep,0.52,0.958,8.88e-05,0.561,0.167,150.031,45
1haZCYSR61JHOAivPNOuQH,Tell Me About You (feat. Mishaal),Kina;Mishaal,sad,0.38,0.292,0.498,0.0262,0.0777,75.572,55
0AGg74KsGe8TP2VErUFRWU,Skip Vote,DJ Sim,happy,0.818,0.905,0.481,0.0468,0.842,160.085,28
5mrGm8drsrpQsmfD9Pzuvh,Naela,Sonora Maracaibo,rock-n-roll,0.641,0.262,0.892,0.0,0.46,98.02,28
2vsLYhay0arlPRWJVOsNDq,"Puedo Morir, Puedo Caer",Usted Señalemelo,electronic,0.595,0.571,0.0612,0.211,0.519,137.931,34
6qwHoxJKma0CGaGz3EpArE,Post Enebriated Anxiety,Grinspoon,psych-rock,0.468,0.83,0.000524,0.00521,0.847,168.242,27
3SPNE0swpYB1NC2N0abXa5,Better Days,Balsam Range,bluegrass,0.511,0.416,0.834,0.0263,0.397,82.017,19
7cdOgo4JpRjBZLQvEqDxxA,True - Junge Junge Radio Edit,AKA AKA;Thalstroem;Chasing Kurt;Junge Junge,minimal-techno,0.837,0.638,0.00751,0.0732,0.467,121.006,18
4zHeH6KyAYTs9GqkyMCmGu,Inna Life,Laden,j-dance,0.467,0.854,0.153,0.0,0.631,102.732,19
0Ot6e3wYVQQ1Us9PM977jE,A Little Death,The Neighbourhood,alt-rock,0.53,0.763,0.0026,1.86e-06,0.338,88.013,65
1b85pN99A6Mn3UU81SYUg0,Atoms,Ludovico Einaudi,ambient,0.338,0.00384,0.995,0.954,0.159,68.921,49
2KZtLRbaxkxjAanRvMciQe,Unknown Enemy,CKY,industrial,0.478,0.959,0.00422,7.6e-06,0.481,110.043,22
5EY6yQXMCtX5EbkC0ru0LV,La vie en rose,Andrea Bocelli;Édith Piaf,opera,0.344,0.404,0.829,0.0,0.441,80.778,57
5NCyqYGMVv9XJbymXH71d9,Sólo Para Amarte,Rata Blanca,heavy-metal,0.522,0.632,0.0268,0.916,0.539,91.95,38
4fIWvT19w9PR0VVBuPYpWA,Haven't Met You Yet,Michael Bublé,j-pop,0.615,0.733,0.152,0.0,0.796,122.58,72
5AtfGqKRxHMOkuW4V2dpiW,Children,Shuba Music,dubstep,0.507,0.915,0.0396,0.00205,0.311,150.024,40
46DBOCyDDj0FFnWniwwNVW,Christmas Time's A-Coming,Emmylou Harris,country,0.715,0.404,0.583,0.0,0.709,104.438,0
7iWku14DAw9BS3mftbVEeK,Go Power At Christmas Time,James Brown,funk,0.536,0.68,0.436,0.0,0.805,49.211,0
1BOEGAwwYXd9jPkyHA4XhD,3 Días,Germanini;Sergio Acosta;Dj Zetian,reggae,0.715,0.731,0.072,7.78e-05,0.59,128.023,43
1lgL6WRBZ72ujASglPX73q,Die Maladie,Jubiläumscast Wien 2012,show-tunes,0.529,0.268,0.668,0.0,0.344,80.925,23
420FinHcfJIiCJIsXiYLxv,El Morocho y el Oriental,Adriana Varela,tango,0.703,0.373,0.832,0.0,0.678,99.9,17
1gn1jSK8io8C5kK7l0lmEN,45,Shinedown,grunge,0.453,0.65,0.00251,0.0,0.225,152.133,28
40iYxdRUZEkagnmLSeKjoL,"Les petits riens, K.app.10 (ballet): No. 15 Gavotte gracieuse",Wolfgang Amadeus Mozart;Concerto Köln;Anton Steck,classical,0.514,0.0489,0.964,0.949,0.453,97.303,7
5MMnwYs0hIxkENRsbkWJ2G,Smoke On The Water - Remastered 2012,Deep Purple,blues,0.598,0.676,0.13,0.225,0.805,114.169,73
0QOFo0tyB08D2lUCc69WEB,Lo más grande,Alex Ubago,spanish,0.57,0.788,0.00331,0.0,0.742,131.998,25
2tZtzQUgPsHIYbNesKUHb6,It's Four in the Morning,Faron Young,honky-tonk,0.462,0.277,0.749,7.56e-06,0.388,131.001,44
4KnnqhdNTtDruXonB0OY9d,Sortudo / Legenda - Ao Vivo,Dilsinho;Sorriso Maroto,pagode,0.318,0.737,0.516,0.0,0.653,159.67,45
55w3uYVfgZWZbbyIZJddz7,When You Wish Upon A Star,Jim Brickman,new-age,0.255,0.0928,0.976,0.927,0.18,66.85,20
190kU2WKyIzx9XaBjfWRPk,修煉愛情,JJ Lin,mandopop,0.471,0.648,0.63,0.0,0.239,135.053,61
0sXsq8sJa2yOdyRiLb5lgR,GATÚBELA,KAROL G;Maldy,reggae,0.627,0.858,0.263,0.0,0.342,92.523,10
5Vy4uSUbN0fDaAKqdsEetB,Orange Line,Ilkae,idm,0.6,0.974,0.0599,0.926,0.846,187.302,11
6g9hULFpG1pEyEH6HRMHaE,Vicio,Sonora de Llegar,punk-rock,0.411,0.878,0.00997,0.0,0.682,93.861,37
6QwMUkkJX7AyhrzKQzTKqx,Die Without You,Brandy,soul,0.545,0.571,0.0477,0.0,0.39,80.073,0
0Qnr5TKNz4vlYwlSBhtv8y,"I'm Your Boogieman - From ""The Crow: City Of Angels"" Soundtrack",White Zombie,alt-rock,0.645,0.985,0.00113,0.0102,0.446,113.934,0
305aEEVZaks5WE4CiUlU6x,The Whistle Song - Cinthie Remix,Frankie Knuckles;Eric Kupper;Director's Cut;CINTHIE,chicago-house,0.71,0.879,0.0117,0.904,0.859,124.972,16
7nPdbiSqvnJxIl28z6PQZg,Call It Love,Felix Jaehn;Ray Dalton,edm,0.616,0.841,0.0559,0.00217,0.714,110.029,1
4gsOvQW5liOq0uTYAnUpiH,Post Hero,Kettel,idm,0.447,0.51,0.152,0.741,0.172,169.976,11
24Gm1mIhO28NmgT17S95JE,KISSして,Masaharu Fukuyama,acoustic,0.467,0.851,0.000353,0.0,0.644,93.873,35
2scEOSUnDnquAY1qWCpTL6,21 Reasons,Nathan Dawe;Ella Henderson,house,0.621,0.785,0.0165,5.92e-06,0.779,123.96,0
4ruveLPYhBUgCImnUW79oV,86,Farzad Golpayegani,iranian,0.382,0.821,0.00666,0.0,0.323,100.04,4
2bSpjlkgj1GgziqW0lJ6BB,Diente Blanco - En Vivo,31 Minutos;John Quijada,ska,0.637,0.916,0.736,0.0,0.563,112.845,36
0dLKRS6SDz1b3opaNjMVu4,Shhhh With Air Fan,Silent Knights,sleep,0.291,0.0591,0.000174,0.0,0.0397,125.068,34
7CjM9CV5iSpK3Wa0XWAole,The Embrace,George Skaroulis,new-age,0.256,0.0762,0.99,0.929,0.117,94.236,19
7mazffu6nlIv0rtRyPDMTD,Find You,Zedd;Matthew Koma;Miriam Bryant,techno,0.53,0.783,0.0227,2.11e-06,0.397,127.971,53
7tirhoEiNOaHD2RYrjt1k9,Take Care,BCX,deep-house,0.805,0.637,0.0933,0.0015,0.577,120.039,51
0SsYlkXxZ5vkWOTsKxMfMz,Lonesome Town,Ricky Nelson,r-n-b,0.404,0.193,0.794,0.000296,0.273,77.026,63
6eXv1NUnjAhwFVy5WGNwov,Funeral Train,Merciful Nuns,goth,0.665,0.749,0.00155,0.532,0.277,134.006,20
1ybDBYsAIOO7Xbstm8AbqW,沒有人想念沒離開的人,WeiBird,mandopop,0.622,0.672,0.11,4.34e-05,0.519,144.066,56
4fyzrieCPwug9lm8NjgOze,The Swan (From: Carnival of the Animals),Henrik Janson,guitar,0.691,0.109,0.982,0.86,0.324,147.759,29
4H8EmS0t1zazZlAoUd3awI,Ser Mais Simples,CPM 22,emo,0.599,0.909,0.000683,0.0,0.486,140.047,38
7chO7fuXHHB3nZVjEQMXwx,Oohla Oohla,Tiësto;Lucas & Steve,trance,0.694,0.856,0.00198,0.000189,0.486,124.923,51
5MN4Z7ZCqfL0XMKsmR3l8o,Agamamou,Art Popular,pagode,0.753,0.888,0.629,0.0,0.648,100.034,42
2u54HNQamwFuOMLSuhSRom,Blood Sweat & Tears,BTS,k-pop,0.584,0.885,0.0244,0.0,0.605,92.9,75
6EJonmjC2pOwKfUHeIZyhu,Bicho de Sete Cabeças - Ao Vivo,Geraldo Azevedo;Elba Ramalho,mpb,0.482,0.354,0.739,0.0,0.379,104.297,41
7bwaQx5okSokcQQgzWL362,Mine,Everything But The Girl,trip-hop,0.607,0.634,0.106,0.000209,0.302,128.342,22
5kG1ARHk8dli0bKiMN2oE6,Cupid - Deluxe Edition Version,Amy Winehouse,british,0.641,0.609,0.163,0.0,0.696,87.181,59
5DW9YffKu5pcMxNWQmkxHo,"Good News - From ""James and the Giant Peach"" / Soundtrack Version",Randy Newman,disney,0.746,0.83,0.247,3.18e-05,0.661,120.18,19
1rsrri33ctr7nDU4Clf1qm,Rock Around the Clock,Bill Haley,rockabilly,0.682,0.777,0.48,2.88e-05,0.874,182.016,48
32XyUNQGL33AqoRBNlW4OS,"Oxe, Como Era Doce",BaianaSystem,afrobeat,0.69,0.695,0.0186,0.00351,0.564,106.032,31
22T6UPu3Ynx2Nk3e1GNtyg,Sequence - Original Mix,Major7,trance,0.622,0.782,0.00233,0.521,0.0295,140.018,40
0sr3jB8t2gHjQLO4AuYhLo,Tomahawk Chop (Remix),Roy Scott,kids,0.759,0.498,0.00319,0.0613,0.226,143.178,13
4SM1z0Y8dq0qQcM7MPrUP2,Someday At Christmas - Single Version / Mono,Stevie Wonder,funk,0.42,0.486,0.544,0.0,0.223,100.124,0
7oRpNoAsvWrBM69Vv2vK0x,成全 - Live,Yoga Lin,mandopop,0.413,0.491,0.0731,0.0,0.14,80.04,43
5SfZiWzTMrIXHBrVhpa4IY,Attraction - Background Score,OAFF;Savera,indie-pop,0.426,0.414,0.695,0.884,0.0423,114.888,42
6vUssnJuFxgw1EFG717Kd5,This Will Be Our Year [Mono],The Zombies,british,0.4,0.516,0.779,2.38e-05,0.522,145.544,45
4AoQVhME8Ko6LNm4lV2wwQ,Hookah Bar,Himesh Reshammiya;Vineet Singh;Aaman Trikha,pop-film,0.73,0.656,0.00797,0.00271,0.743,131.04,67
3iemW4O7Aew76rGEb2HXeV,The Goose Steps High,George Bruns,disney,0.889,0.0907,0.921,0.0161,0.413,120.023,19
4SFhDHfjkdu8wol0O0u2df,United Souls,Section 1;Rave Channel,hardstyle,0.416,0.849,0.119,0.0,0.708,151.982,20
7w749aVZCoiZZwxhMLslw5,Duhan,Serhat Durmus;Mazlum Uruc,turkish,0.42,0.681,0.0768,0.00016,0.0898,193.928,47
4EfcBQEzf6D3h2VrLD4tsX,Us vs the World,ilyTOMMY,emo,0.826,0.26,0.538,0.0,0.245,110.079,61
3Aod2IpCP00QHUlnbLRhq0,My Peace of Heaven,Ten City,chicago-house,0.665,0.723,0.0259,0.00469,0.74,121.473,16
6hlJtVICQWfF8u6z4lWxT1,I Should Have Walked Away,KAAZE;Nino Lucarelli,progressive-house,0.448,0.668,0.0311,0.0,0.282,129.935,60
0EJKjeFSxi4Rh0qrFtv5Ni,Zodiac,MACABRE,death-metal,0.279,0.996,0.00068,0.866,0.0522,103.972,22
4wh6bMUhAxldwgXg2tekeC,Blues de la Libertad,Patricio Rey y sus Redonditos de Ricota,punk,0.499,0.541,0.028,0.000937,0.317,146.939,40
5xKVYMxOHB2XRLCUafFrz6,Dream Is Collapsing,Hans Zimmer,german,0.518,0.433,0.0711,0.79,0.0892,126.017,56
0FHLdyKjddlKEvRpvFKaNV,Caneta e Papel,Os Arrais,gospel,0.576,0.288,0.717,4.81e-06,0.188,134.127,42
08FVjIlxDFr0ZV5fDLlhKE,Codinome Beija-Flor - Ao Vivo,Thiaguinho,pagode,0.651,0.413,0.733,1.02e-06,0.316,123.851,49
1rptK1oec3gjHpzzrxHyln,"Maybe It’s Time (feat. Corey Taylor, Joe Elliott, Brantley Gilbert, Ivan Moody, Slash, AWOLNATION, Tommy Vext)",Sixx:A.M.;Corey Taylor;Joe Elliott;Brantley Gilbert;Ivan Moody;Slash;AWOLNATION;Tommy Vext,grunge,0.396,0.781,0.00158,0.0,0.201,145.06,55
5nxcR7W60CU3cvmGX1jBzQ,Drowned in Emotion,Caskets,metal,0.444,0.945,0.0015,2.84e-05,0.333,77.041,61
3D6c6ALN1czsDf9wwZIGmh,Main Royaan,Tanveer Evan;Yasser Desai;Rajat Nagpal,pop,0.599,0.478,0.439,0.0,0.255,77.985,64
0og9wKFGgFFNQnrBe7eisG,Uff Teri Adaa,Shankar Mahadevan;Alyssa Mendonsa,pop-film,0.647,0.792,0.00536,5.82e-05,0.306,132.032,67
20aL7puq4bsxxnOI5xz0Ya,24'e 5 kala,Ravend,turkish,0.78,0.721,0.222,0.0,0.747,79.996,40
1EdHRAkS19Pj4B0mohrpjX,Chris Brown's Latest Hit,Ice Nine Kills,metalcore,0.51,0.95,7.03e-05,0.000317,0.457,135.067,30
5kTmg9n7FZ7xv8SZVFhX8P,I Am So Mad at You,AJJ,acoustic,0.682,0.666,0.0602,7.99e-05,0.79,93.992,27
6kY8q2a5ZAIX2Ch4WHhd0t,Golden Nights,Sophie and the Giants;Benny Benassi;Dardust;Astrality,indie,0.658,0.649,0.307,0.0,0.607,125.958,0
5p9mENkA1huAnZrtmN7OjX,Around This World (Nikko Culture Remix],Costa Mee;Nikko Culture,groove,0.758,0.76,0.00108,0.539,0.536,116.001,40
357tJIrwP4qdIoIPG2sp6h,By the Grace of the Sea,Dan Gibson's Solitudes,new-age,0.124,0.126,0.974,0.93,0.156,72.642,23
46elU7IBKWf55D5sjHGqO7,Dil Dhadakne Do,Joi Barua;Suraj Jagan,indian,0.778,0.599,0.0705,0.0,0.949,116.951,61
1JA3cUKq0xuTrBPJI3VgmA,Pensando em Você,Henrique Cerqueira,gospel,0.68,0.222,0.74,0.0,0.454,84.524,40
0yQuZWmqZ4ZcJRmRpryxMw,O Maya Chesi,Siddiq Ansari;Marcus. M,indie,0.869,0.69,0.547,1.86e-06,0.773,130.024,40
5xN4w313YMk97dspXDIZu2,Working Woman,Jeff Foxworthy,comedy,0.565,0.714,0.845,0.0,0.402,116.953,23
3OJG7Q6YeJJogzBv7uLAAk,Let Me Love You,DJ Snake;Justin Bieber,dance,0.475,0.715,0.0863,2.67e-05,0.159,199.892,0
5wW7fkOaNCKHM8NvEDf8Kh,Born Again,Big & Rich;Bon Jovi,country,0.476,0.888,0.0131,0.0,0.617,162.0,0
1E79kbM9zt1ZgduIvZBDbg,La Fotografia - Orchestra Version,Yiruma,new-age,0.139,0.243,0.901,0.887,0.0397,78.174,46
0AYctXMTV1O8aYjSEOBSWi,Diamante - Live At Teatro Colón / 2018,Coti,spanish,0.399,0.759,0.396,0.0,0.395,85.916,27
65lXKIwtMPW2HCr4CvLPiZ,Under The Influence,The Chemical Brothers,breakbeat,0.593,0.936,0.00283,0.862,0.0922,134.963,44
5lrq8sHObtY0xMmF7Ukzl7,Habibi,Ricky Rich;ARAM Mafia,swedish,0.479,0.609,0.499,0.0,0.74,75.113,64
0ZdyCcW6uUOBjb8CQvyg3m,EL MAKINON,KAROL G;Mariah Angeliq,reggae,0.689,0.705,0.256,1.06e-06,0.456,89.109,0
6evf00lyIgoltXmBmKwoZd,Jossain,Kotiteollisuus,heavy-metal,0.566,0.956,0.0207,0.00103,0.375,142.059,22
1VNP6bgTcqE6cxkU8Zpy21,Revival’s In The Air - Live,Bethel Music;Melissa Helser,ambient,0.593,0.625,0.015,0.000108,0.229,127.007,50
6V0cw3ZOtm5oQJrSv4QluQ,"Gerua (From ""Dilwale"")",Pritam;Arijit Singh;Antara Mitra,indian,0.371,0.668,0.636,2e-06,0.403,87.458,52
2ALMyNbuN8QSTf5Gl49vYx,Archetype,Omar Apollo,soul,0.676,0.338,0.372,5.57e-06,0.321,92.029,0
0KNXYLRR59LN2R4Qa8YGJ8,Ste Ska,La Matatena;Desorden Público,ska,0.56,0.898,0.0273,6.3e-06,0.915,102.215,41
4FrTPdAy7BbdiJUYw737a6,Keaton's Theme - Blue Potential Version,Jeff Mills,detroit-techno,0.706,0.532,0.532,0.208,0.402,119.495,7
7D3Kw5T7nQtM3Cg5jgNVeX,Fim do Horizonte,Diogo Nogueira;Hamilton De Holanda,mpb,0.613,0.533,0.684,0.000701,0.579,73.788,40
5l30Wt94zdLumkJTTzahjb,シグナル,GANG PARADE,j-idol,0.542,0.971,0.00257,0.00311,0.269,98.036,22
3uB2mkp8ovjiuJA734dbGe,Chalo Chalein,Ritviz;Seedhe Maut,hip-hop,0.461,0.5,0.00245,0.03,0.572,76.176,59
2KmnVxhUShzNDPSaRitvFp,Inner Space - Original Mix,Apex,drum-and-bass,0.451,0.894,0.00371,0.941,0.0874,172.015,38
5neWqXYNmxHScg72MUgeT7,Diez for Pay,Synapson,synth-pop,0.805,0.503,0.00196,0.0861,0.831,119.993,25
7gCJf1XJihp7LPhPlCItzo,Big Smoke,The Smith Street Band,garage,0.354,0.813,0.00505,4.89e-06,0.147,139.956,30
3lPSaYAvlmzNxkOKo79zps,Warrior,Dead by April,metalcore,0.505,0.932,0.00647,2.92e-05,0.566,92.105,49
4O0ymDK32zylHELT506JPI,Blinding Lights,The Weeknd,pop,0.512,0.796,0.00147,0.000209,0.344,171.014,0
6AQW8JZmdUpHoW1tdEahPN,Tudo Entregarei - Ao Vivo,Fernandinho,gospel,0.32,0.614,0.515,0.000681,0.171,143.996,39
4ipbXq1KBTFNCh6R9bAleD,AEIOU,Justin Quiles;Robin Schulz,hip-hop,0.689,0.856,0.0493,0.0,0.706,126.108,0
269izsyL5diRwlT8Hlo1ap,Sonho Real - Ao Vivo,Taty Girl,forro,0.591,0.919,0.0737,0.000339,0.804,114.954,41
4UmHbauXS8YYIGlYvAsDRr,The Rain,DMX,hardcore,0.719,0.846,0.173,0.0,0.514,89.04,57
4Mojr5CSSZnupTOaPHkal4,happier than ever,Loveless,punk,0.221,0.87,0.00322,7.05e-05,0.304,161.957,65
2RgiecQXtYUwE4tF3Q1BPo,Encounter in Bahia,Thievery Corporation,trip-hop,0.769,0.908,0.000132,0.92,0.585,100.002,21
2gxgKqVtZA1FjR4bkAtRRF,Vem pro Meu Piseiro,Brisa Star;Thiago Jhonathan (TJ),sertanejo,0.526,0.883,0.535,0.000744,0.8,172.042,46
1ELMyeJLDHUz3cK3XTWgEi,Piya Aaye Na,Tulsi Kumar;KK,pop-film,0.5,0.588,0.641,4.52e-05,0.35,81.973,61
5k6ofghQIYtSk6EgVPuZ7V,Sepasang Pendaki,Fiersa Besari,punk,0.754,0.394,0.289,0.0,0.428,120.096,38
5l5SMWVPhVlJOmYFzDmJvY,DEITY,Aries,sad,0.746,0.548,0.148,2.21e-06,0.498,87.946,57
0OKaPDf7ljRTHyEWfIEICn,リニアモーターガール,Perfume,j-idol,0.518,0.983,0.00458,0.000345,0.811,145.063,21
41lqtvA10K8l0hIR0X8M4T,Do Fundo do Meu Coração - Versão Remasterizada,Roberto Carlos,mpb,0.54,0.255,0.258,0.00241,0.179,75.948,42
5aXTfpNOqLj35ydEiLio67,Follow,Martin Garrix;Zedd,edm,0.588,0.78,0.0333,0.193,0.201,127.085,67
1C3yze5JZ5Frb0m1XBgYHT,Я милого узнаю по походке,Алёша Димитриевич,romance,0.456,0.44,0.905,0.00579,0.619,181.242,0
4psoLBmBWxK8v1qxBgI7Db,"Baby, It's Cold Outside",Beat Oven,study,0.773,0.287,0.659,0.797,0.574,129.984,1
1nBDeSiqD2z1ofv9hEttfi,History,Ron Trent,chicago-house,0.77,0.642,0.0206,0.914,0.369,124.073,5
0nmJE2cYELMVmrVaRUtdtx,餘震,Hins Cheung,cantopop,0.467,0.371,0.696,4.84e-06,0.286,133.791,49
2A7qdr3UNP9Pxjcxa5Jj53,Ride of the Valkyries,Richard Wagner;London Symphony Orchestra;Yondani Butt,opera,0.234,0.227,0.944,0.869,0.0703,101.636,49
78K98hFH9pfDGsH2zX96gK,Arruma Um Cantinho - Ao Vivo,Henrique & Juliano,sertanejo,0.796,0.645,0.671,0.0,0.761,104.057,46
4fY2JR0REUiykvzRw61sk9,Put Your Back Into The Oar,Amon Amarth,death-metal,0.477,0.934,0.000392,0.254,0.328,139.947,60
6OtqRo9wsVAtYhpDjWB7Di,"12 Variations on ‘Je suis Lindor’ from ‘Le Barbier de Séville’ by A.L. Baudron in E, K.354: 7. Variation VI",Wolfgang Amadeus Mozart;Danielle Laval,classical,0.519,0.199,0.995,0.939,0.581,92.138,15
27k9Vb6ko9YYK6N8EJ8SA5,Always,Bon Jovi,metal,0.377,0.658,0.117,0.0,0.307,143.713,46
6PurllVXXGL1s6UkLtzMVF,Champion - Remix,Fall Out Boy;RM,emo,0.532,0.73,0.0457,0.0,0.191,188.12,54
4NSKrUM7qvHYf49RmxYVnv,Cupid Shuffle,Line Dances,kids,0.883,0.633,0.103,0.0,0.806,143.572,15
3hxRbXl2ZsihBRWlnkV8ne,One Little Christmas Tree,Stevie Wonder,funk,0.406,0.377,0.764,0.0,0.717,92.23,0
23eNu1Z3GB7FGvI2VQYhYu,La valse d'Amélie - Version orchestre,Yann Tiersen,ambient,0.193,0.335,0.852,0.131,0.254,64.078,55
5JEyr135t1qMJioNg7fy5s,"Fem digte, Op. 26: No. 5, Herbststimmung",Edvard Grieg;Dietrich Fischer-Dieskau;Hartmut Höll,classical,0.357,0.0147,0.985,0.000447,0.11,107.869,0
4riBORG5X5kvQThwODPDDh,Japan - Satin Jackets Remix,Tycho;Saint Sinner;Satin Jackets,chill,0.708,0.771,0.00721,0.164,0.371,92.986,57
6LnZKT2R1jhUTXgwUPldIr,Out Of Jazzizity,Savage Bops,study,0.748,0.339,0.87,0.856,0.832,90.063,33
1zOddQyY7a6rYofnYRYtw0,Faltaba Una Razón,Amilcar Boscan,salsa,0.666,0.795,0.75,0.0025,0.951,178.557,32
5CNH1fectMnNkRmq6hMmIN,Midnight,1991,drum-and-bass,0.58,0.839,0.00873,0.666,0.276,174.019,49
7iXBqj42eDlccv9J2qjMnh,"The Well-Tempered Clavier, Book I, BWV 846-869: Prelude No. 1 in C Major, BWV 846",Johann Sebastian Bach;Pietro De Maria,classical,0.212,0.00299,0.991,0.941,0.0839,140.353,0
5s2E68l3hMHH3hyCefflWE,"Гори, гори, моя звезда",Oleg Pogudin,romance,0.413,0.0944,0.925,0.00162,0.156,109.174,0
2CF0l8a0Ly2G0ps7kcaYAt,Que sea acabe el mundo por favor,Alex Anwandter,electronic,0.781,0.71,0.0968,0.237,0.332,124.995,36
3exrP8BsX7hx42k5WfLvQ6,To em Frente ao Mar,Caio Passos;MC Ryan SP;Mc Davi;Mc Magal;MC PH;Mc Don Juan;Mc IG,funk,0.601,0.641,0.123,0.0,0.546,112.105,49
4jVBIpuOiMj1crqd8LoCrJ,FRANCHISE (feat. Young Thug & M.I.A.),Travis Scott;Young Thug;M.I.A.,house,0.835,0.699,0.00671,0.0,0.547,154.981,70
3b2vdOnwNbaLROePj1m0MM,Egoman,Barilari,heavy-metal,0.486,0.95,2.07e-05,0.0037,0.272,134.994,19
70BWIfaEgeZB0MJkUQmDqU,Yeh Jo Halka Halka Suroor Hai,Nusrat Fateh Ali Khan,folk,0.333,0.681,0.376,7.91e-06,0.43,76.551,46
1Qth3TmxzsBYDpCRCffdZk,Oh The Sunn!,The Avalanches;Perry Farrell,psych-rock,0.708,0.644,0.054,0.0252,0.124,111.221,55
0WBoGdKqK3Hlzt65o5vQqA,I'm Coming Out,Diana Ross,disco,0.741,0.92,0.182,0.122,0.739,110.141,1
4PvzL1WYQNUN0pkM7nk3ER,"Rain Noise, Ambient Sounds - 1",Rain Sounds,sleep,0.154,0.998,0.986,0.655,1e-05,108.123,34
47k1Cbink0USdP1eDmGjFj,Makers Anthem,Morillo;Michelle,disco,0.654,0.77,0.018,0.000677,0.288,96.493,30
0EVlhi2DePy8Qfc3suq0to,Raplord,Sea Smile,hardcore,0.508,0.983,0.0132,2.06e-06,0.582,141.96,31
7dYuI25NR8Y3VpV0IfBntP,Sleep Well,SPEECHLESS,chill,0.582,0.197,0.748,0.923,0.149,99.816,52
3ZextTfHDjf98vEsGbNtOs,Nobody Beats the Biz,Biz Markie,hardcore,0.806,0.772,0.216,0.0,0.625,97.219,0
5HllUwP1zQYGF7s8YfLToi,"Edelweiss (From ""the Sound of Music"")",Emile Pandolfi;The City of Prague Philharmonic Orchestra,new-age,0.138,0.0624,0.972,0.923,0.0743,94.435,21
6r1BGYEUf8JokpctyQJJFU,Mueve y Sacude,Compa;Zapata El Fido,dubstep,0.515,0.899,0.298,0.000844,0.917,114.109,45
71mdBWRWfnyf5Tu69SONg7,Twenty Two,Farzad Golpayegani,iranian,0.41,0.85,0.423,0.487,0.329,79.961,0
73LdhMZm8CrXJEi2wm6um3,Nightlight,Finding Hope,chill,0.542,0.0866,0.721,0.00246,0.161,147.808,53
0FlQr1kPj50rAee1kJjk5p,獨家村,Kay Tse,cantopop,0.644,0.49,0.781,0.0,0.447,116.027,41
0g9bfgn27MhVjQBngkONjO,Hantam Prasangka Buruk,Straight Answer,hardcore,0.213,0.998,0.00019,0.0,0.154,104.069,31
3V2CTVcrKZ3M6cVgiGKmml,Lighter,Nathan Dawe;KSI,house,0.703,0.837,0.0214,4.45e-05,0.356,124.953,0
3tshTnnudBH7kGW3QMhFuI,Eat Your Yokes,"Joey ""CoCo"" Diaz",comedy,0.66,0.707,0.839,0.0,0.692,78.296,21
7s1upm7yr7ZjrzXMwHawtG,Sexual Healing - Kygo Remix,Marvin Gaye;Kygo,soul,0.689,0.68,0.321,0.0211,0.646,100.987,64
3zPaMD0hfE7wvmIQXcR8MO,Everyday,Virtual Riot;YOSIE,dubstep,0.709,0.672,0.405,1.55e-06,0.746,159.924,41
70tjkOzaNVqijwbGN8ensk,Mot okända hav,Marie Fredriksson,j-pop,0.362,0.212,0.922,0.00238,0.138,144.851,36
6dmb2PApaoXVYWHgljp8IT,"Rangarattinam - From ""Natchathiram Nagargiradhu""",Tenma;M.S Krsna;Gana Muthu;Sangita Santhosham;Kavitha Gopi;Karthik Manickavasakam;Arivu,indie,0.738,0.758,0.273,7.15e-05,0.84,82.482,55
1FO1CtbUYpdAtkakWLH2HI,Caruso (Live Performance),Lara Fabian;Bogdan Mihai,opera,0.208,0.136,0.858,0.000892,0.215,97.637,19
46um7Q8vUyuEjeUqzxZ18l,Nanak Aaya,Pandit Jasraj;Bhai Nirmal Singh;Sonu Nigam;Kailash Kher;Puneet Sikka;Harbhajan Mann;Master Saleem;Roop Kumar Rathod;Bhupinder Singh;Sapna Mukherjee;Harshdeep Kaur;Ishwanik Kaur;Jiya Wadkar;Tej Boodardekar;Sukhjit Singh;Manjit Singh;Uttam Singh,classical,0.328,0.388,0.455,0.00174,0.0297,82.01,31
3dCp6utdXDkWOnG6eHOdqm,Meditation Rock,Augustus Pablo,dub,0.689,0.404,0.0617,0.668,0.782,148.125,0
4KWzmHFYCmZAasa0qXlwX0,Falling Apart,Ex-Voto,goth,0.472,0.932,0.0018,0.408,0.358,82.494,23
6b42V0AvjyRhGXsCod2nQe,For The Good Times,Ray Price,honky-tonk,0.323,0.339,0.84,0.000123,0.469,82.635,14
5Q2xFmSjxIlfzO0FJXLtb9,跳べ,Mr.Children,j-pop,0.536,0.959,0.0136,5.96e-06,0.697,133.982,36
1zI8C6f7LURY0eD0gMuVVY,Halloween,Misfits,hard-rock,0.382,0.937,0.0172,0.0,0.0957,108.729,2
7atsDzqc41OAtNHiovTmI1,Mimo a Mi Mamá,Panam y Circo,latino,0.603,0.499,0.304,0.0,0.802,124.842,39
6otiaV2fagE3s8IvP6WkwG,I'm Just a Kid,Simple Plan,punk-rock,0.527,0.834,0.00107,0.000102,0.422,110.065,72
3Tcp4rL3dml7pck2RnWsPf,Love Under Pressure,James Blunt,rock,0.613,0.754,0.00612,0.0,0.703,110.017,0
4hMvVrJQjn32JminhFfOSK,Qué Hay de Malo,Jerry Rivera,salsa,0.737,0.592,0.617,0.0,0.78,91.956,33
75X0empj9JK9h6SNOliKgW,Adurant,Little Symphony,ambient,0.136,0.116,0.828,0.903,0.221,79.102,27
4YXKVaWzHaVyDq2pVS5cgR,Proud,Marshmello,progressive-house,0.521,0.716,0.0372,0.0,0.12,77.562,55
21dQNF8DrxW5xmfmE9HYwi,Galleriet 2015,S3RL;Sara,happy,0.557,0.977,0.0025,0.0218,0.464,175.007,19
3NxuezMdSLgt4OwHzBoUhL,Way Back Home,SHAUN,k-pop,0.745,0.739,0.405,0.000183,0.556,99.913,71
1uIwVtzdG5tZT32O9wdXk9,Told You So,HRVY,house,0.745,0.825,0.0697,0.0,0.744,99.98,59
5V51oDyvvdhZmTb8Jzw3T9,Arabian Night - Dub Mix,Da Real Emkay,deep-house,0.702,0.649,0.0129,0.849,0.131,117.001,28
4inAT5fFLhvhSBSBqwPbvm,O Holy Night,Flower Face,ambient,0.129,0.251,0.545,0.0138,0.0416,76.63,17
45xXb4lQwMAwZwTzHeX6Jt,Das darf doch nicht wahr sein,Wolfgang Petry,party,0.752,0.91,0.151,0.0,0.816,127.988,24
40ZuPoRNZivOPIHuNelkaU,THE BLOODIESTS -最も血生臭い奴ら-,Seikima-II,heavy-metal,0.356,0.851,1.2e-05,1.96e-05,0.376,89.938,26
3ozA9R1QgtacABtpFpMEHk,Erro Planejado,Rafinha o Big Love,forro,0.809,0.681,0.65,0.0,0.625,141.84,42
4IjqZHdMBD6hAGSSNcAWZc,Só,Samuca e a Selva,afrobeat,0.757,0.84,0.0278,0.0335,0.734,112.081,19
7kl1KAzW5O4gOAesaHxiq0,Jeete Hain Chal,Kavita Seth,indie,0.569,0.6,0.652,6.44e-05,0.471,92.038,52
540QsouzBYNgD9cvEBhu68,Kill the Hatred,Angband,iranian,0.301,0.985,0.000928,0.0039,0.191,96.124,0
1gqcQWdsH5d141QcxotwfG,Let It Snow,Boyz II Men;Brian McKnight,r-n-b,0.696,0.462,0.695,2.47e-05,0.526,124.377,0
5Njrdd3SA4fOsDMPVphxSb,Maria Magdalena - Remastered,Sandra,synth-pop,0.629,0.726,0.0578,0.0115,0.892,104.114,58
3RVKJOoIVKXicFvNO7b2iK,Aaruyire,A.R. Rahman;Chinmayi;Murtuza Khan;Qadir Khan,pop-film,0.746,0.803,0.275,1.7e-05,0.831,144.024,60
5fG83KM7CgRmjcKwmBNx2p,Tears Don't Fall - Acoustic Version,Bullet For My Valentine,metalcore,0.316,0.596,0.705,0.0,0.563,147.842,52
2WVZwImXEOdSSvPZg0TQyx,Bom Rapaz (feat. Jorge & Mateus) - Ao Vivo,Fernando & Sorocaba;Jorge & Mateus,sertanejo,0.579,0.864,0.49,0.0,0.561,95.961,44
3OAW2oDJwA4MJKwlZ13pWv,Macabre Operetta,Samael,black-metal,0.353,0.709,4.68e-05,0.852,0.0677,135.092,19
3DS1sb4xQjCVBlTKfQ5bJL,Dança,Luana Berti;Vitor Soltau,mpb,0.557,0.533,0.804,0.0,0.627,89.257,42
6XB4v0c3IZjvA939Xn7PE2,Advance,LFO,idm,0.559,0.531,0.00124,0.722,0.131,110.003,12
4J7cSix3jYkSc6n76TgxEJ,We Bring It,Jamie Jones;Darius Syrossian,minimal-techno,0.802,0.913,0.00104,0.667,0.653,128.984,48
5au9uALlo4b2OQD6fKGp1V,Running from the Thoughts,Dub Pistols;Terry Hall,breakbeat,0.848,0.777,0.0583,0.000535,0.972,109.977,13
72HBiTSEwP1gwGHmxRONE9,Смуглянка,Oleg Pogudin,romance,0.553,0.536,0.85,0.0,0.691,133.187,2
22YA37z8UlBZ8qAywxuH2l,Deixa eu te querer,Gustavo Lins,pagode,0.447,0.489,0.472,0.0,0.455,150.829,43
2IqzdOGvyDueiKusxR513H,Rudolph The Red-Nosed Reindeer,Dean Martin,jazz,0.478,0.201,0.919,0.0,0.857,136.47,0
1mL049WdQx0AkXwyleFhcw,6ix out Here,Franco Wildlife,dancehall,0.787,0.675,0.117,0.0,0.546,100.129,28
68WY1o0WXPhHEHNKKp86D6,If I Ever Knew You,Jon Sarta,disney,0.679,0.0299,0.991,0.917,0.171,80.064,22
7vinIXouhmjaiDtWyZwgu5,Terlalu Dalam,D’MASIV,malay,0.512,0.495,0.154,0.0,0.314,137.964,29
7sWuIc5mCxnkyMvg9Yw7Q0,Heaven Takes You Home,Swedish House Mafia;Connie Constance,edm,0.665,0.738,0.0124,0.00598,0.0389,125.037,0
6AGgeL5zISW8ZNERLh1mN4,Baa Baa Black Sheep,ChuChu TV,children,0.875,0.952,0.00382,1.99e-06,0.946,120.026,24
1V0R5iue1zHwywZL0qwinr,Born Again,Big & Rich;Bon Jovi,country,0.476,0.888,0.0131,0.0,0.617,162.0,0
59P5MoE5SawsaMpBVHhj6o,Jiunu Nai Hola,Tribal Rain,indie-pop,0.617,0.426,0.95,0.233,0.4,154.025,49
1MkBh3awZuoZArtCmSmKR0,As Palavras,Vanessa Da Mata,mpb,0.638,0.5,0.357,0.00247,0.372,141.947,39
7ng66DtixkadH0wd6B9Z4T,"Vögelein, Vögelein, tanz mit mir",Rolf Zuckowski;Sasha;Oonagh,children,0.671,0.291,0.607,0.0,0.813,85.913,30
4VYc3oR2FH4ea4HYn07fBF,Green Utopia,The Vines,garage,0.642,0.81,0.0185,6.38e-06,0.851,137.009,56
2FGEfXuCyrAmiTvDfjF4QV,Better Word - Single Version,Leeland,world-music,0.41,0.685,0.0167,0.000336,0.154,167.971,54
4Ef3ODp0REOFXMgDL4S5fM,Stereo Love,HUTS;Brenton Mattheus,house,0.498,0.693,0.069,0.0,0.238,125.857,66
2aY9L0d1OPp0eVf5Vco51i,日不落,Jolin Tsai,mandopop,0.687,0.938,0.00555,2.5e-05,0.829,128.01,49
0DzCkhTWcCQQCb0son0e0G,FEAR,Boris Brejcha,minimal-techno,0.811,0.515,9.94e-05,0.796,0.236,125.003,44
6X3hbXaCuINOHylWtizU4t,Canción Animal,Soda Stereo,ska,0.634,0.864,0.00229,0.00443,0.739,104.718,35
5O4erNlJ74PIF6kGol1ZrC,Could You Be Loved,Bob Marley & The Wailers,reggae,0.916,0.72,0.36,0.00016,0.76,103.312,78
1mKoTwFGRzGr1qdXh9Sw81,On shoot,MZ,french,0.858,0.673,0.0602,2.64e-06,0.186,130.109,33
6GfahyZpvVE0FZKsLSRIoT,Bhuff Dem,Mr. Vegas,reggae,0.863,0.901,0.0755,0.00582,0.599,126.044,0
5Af9gYtsjipq5on2JgbGmm,Exodus,Lacrimosa,goth,0.235,0.53,0.00562,0.524,0.0634,104.272,25
45aFYE9VOofEpluTLWVQcv,The Matriarch,Hans Zimmer;Adam Lukas;James Everingham,german,0.212,0.371,0.659,0.953,0.0576,119.663,24
6DPl2JQGyXlACUgi90WHfV,Born a Jew,Marc Maron,comedy,0.623,0.688,0.925,0.0,0.533,69.634,20
5nxE00HIKaYhGykHypliPR,"Overture in the French Style, Op. 2, BWV 831 (Excerpts): I. Ouverture",Johann Sebastian Bach;Orion Weiss,classical,0.222,0.169,0.993,0.925,0.428,58.948,0
2w23qUiIWjvqK5ndnl6woP,Ave Maria by Bach,Henrik Janson,guitar,0.74,0.189,0.941,0.94,0.343,125.961,29
2GEqnEG1oGDEvf6nZGHjIx,"The Departure (Main title theme from ""The Leftovers"" - Music from the HBO series)",Max Richter;Khatia Buniatishvili,ambient,0.18,0.00656,0.995,0.956,0.0399,58.008,0
49gCOqE9Z1WiViwrbibwHN,Rockin' Around the Christmas Tree - Re-Recorded Version,Brenda Lee,rockabilly,0.682,0.641,0.564,0.0,0.824,141.003,0
0V6Eh5pLHczAGAW6punxB6,BBzinha - Ao Vivo,Os Barões Da Pisadinha,forro,0.644,0.916,0.651,0.0,0.932,172.053,38
2MugnVou4z1c7oh1kWHfZO,Starboy,The Weeknd;Daft Punk,pop,0.676,0.588,0.137,8.47e-06,0.484,186.012,0
4SO6wIaoA218qacHPN3S9s,Chitta Lofi Flip,Swattrex;Hardik Chauhan,indian,0.417,0.449,0.705,0.00279,0.106,169.694,45
0OqlORbUnYtoz5TvyZuUrq,Infinity,Jaymes Young,rock,0.671,0.673,0.15,5.16e-05,0.493,121.96,0
3i2njMyJOynYaC9o7QS0n7,La Llevo Al Cielo,Chris Jedi;Anuel AA;Chencho Corleone;Ñengo Flow,latin,0.795,0.845,0.105,1.14e-05,0.769,170.023,3
4ziflPIhTIz4eD5UFtFEiZ,Wanna Know - Remixed and Remastered,Groundation,dub,0.812,0.502,0.0546,0.000955,0.608,116.814,28
5JtuBSgTtSL6L1hL7HkBl0,Stars Align,Majid Jordan;Drake,soul,0.763,0.667,0.021,2.4e-05,0.75,95.864,2
73P5wYuZ1bsz0ZjsZiaSw2,Gone Away,Five Finger Death Punch,groove,0.502,0.738,0.000377,4.53e-05,0.3,106.047,54
0aZAYMvk37VZEM0gkUNxld,Merica the Beautiful,Chris Hardwick,comedy,0.534,0.902,0.668,0.0,0.483,86.19,25
3EvnnUOkj0A4auFD2leRvM,Frío Silencio y Soledad,Anabantha,goth,0.527,0.64,0.234,0.032,0.236,140.053,24
0j7mUIcfb2avUaOrNHbTK6,church,wavcrush,study,0.559,0.305,0.667,0.918,0.114,71.056,5
3Lv3frZVXU7Q0JEFvLIzWW,Promises (with Sam Smith) - David Guetta Remix,Calvin Harris;Sam Smith;David Guetta,progressive-house,0.588,0.697,0.186,0.000219,0.225,125.157,58
3RtlTA0LVkH0NFKw5my9w4,Miss You a Little,Bryce Vine;lovelytheband,electro,0.636,0.886,0.347,0.0,0.589,140.888,0
0ZabtZlw3tAdPzKLX75zEf,Diplomat,Masicka;Bounty Killer,j-dance,0.652,0.847,0.0855,0.0,0.383,127.446,20
6j5E4d2ZMTeJRRHJv0J4cQ,I Love Rossini,Andrea Bocelli,opera,0.51,0.497,0.954,1.04e-06,0.44,119.261,21
5EtNhhX4QqRgf2q7iImlwR,Maybe,DJ Herzbeat;Sonia Liebing,party,0.73,0.902,0.00184,0.0,0.749,126.054,29
7x2ub50ab3I6Ykk2ZoDFsM,Once I Caught a Fish Alive,Kidsounds,kids,0.808,0.498,0.708,0.0,0.914,180.233,33
2RUMDEHxOEUoGbPEtRR4L1,Marks On My Neck,Charlie Puth,dance,0.855,0.607,0.2,1.84e-05,0.943,142.002,50
59HKCnY01wQLydrAWqbva5,Otra vez,Zion & Lennox;J Balvin,latin,0.829,0.772,0.0559,0.000488,0.702,95.995,0
3uFvywKU5OfmVJTY5rfoa8,Tiderays,Nils Hoffmann,deep-house,0.731,0.718,0.00726,0.885,0.661,120.03,1
5hIYTHpbKZp5Rq1amDLL9i,Obvious (feat. Muni Long),Craig David;Muni Long,british,0.609,0.804,0.0799,0.0,0.736,89.875,20
42SZBL6gysJeLdrj8rWVyk,Se Eu Te Botar Faz Barulho?,Mc Gw;DJ Biel Beats;Mc Topre,funk,0.787,0.804,0.0364,0.0553,0.728,131.977,42
1QRpkJUOQeaT8HJ4QY02MY,Aradhichidam,Heritage United Musicians;Stephen Jebakumar;Merina Manohar;Keba Jeremiah,malay,0.576,0.271,0.786,2.55e-06,0.195,135.854,36
6TTObHutNMcPlNhDDiAFlL,Tere Toor,Apache Indian,dancehall,0.744,0.731,0.0018,0.000994,0.332,91.993,6
1ZBhrIxwuiDVB0NDkyekgN,るるちゃんの自殺配信,Shinsei Kamattechan,j-rock,0.357,0.873,0.00233,1.57e-06,0.858,198.156,57
3jvqqFqmRnZKZJXnOKV4zp,Attached,Ollie,sad,0.852,0.342,0.792,0.0,0.507,85.035,40
52Ove4ydQ1pidBTMe2cMZ1,Below The Waist,Queen Ifrica,dancehall,0.573,0.667,0.123,0.0,0.347,82.554,26
2AQRTn7yQ86LtwOyLAsUjC,Little Rock ‘n’ Roller,Surf Curse,punk,0.663,0.727,0.0587,0.312,0.325,117.948,42
1GkGwEqL9CSRoPelLofyEA,So Will I (Eu Também),Marine Friesen,gospel,0.461,0.597,0.00496,0.0,0.066,127.991,43
2V8v3sFAfpEe4D1oW8bo1x,The Summer Song,Pj Panda,kids,0.747,0.72,0.0192,0.0,0.432,160.034,9
4dfKkLkiQsPr6DNux83BC3,Young Hearts Run Free,Candi Staton,disco,0.646,0.693,0.162,5.79e-06,0.825,115.514,0
0ZHg7hCAw12rUubxS4fgGU,大スキ!,Ryoko Hirosue,techno,0.719,0.903,0.17,0.0162,0.786,101.491,33
1GM1o7Wgh3UhqgMf5Yqou6,O Que Meu Pai Falou Pra Mim - Ao Vivo,Armandinho,brazil,0.629,0.581,0.547,1.81e-05,0.299,86.005,42
2cElLvSDdahfr3sHb45oRu,Come Together,Ten City,chicago-house,0.672,0.85,0.0473,7.36e-06,0.869,115.032,6
1mSviQV9iQnGSRyvTIuxAj,Problemón,Alvaro Diaz;Rauw Alejandro,latino,0.706,0.739,0.266,2.62e-05,0.371,91.906,75
3S1x2oj2T4CL8pnJON66qi,Diez Mil Maneras,David Bisbal,latin,0.665,0.765,0.13,0.0,0.744,153.984,0
3AiZ1NZ41XnHTqakJg18Gj,You,Dan + Shay,country,0.544,0.572,0.118,0.0,0.52,169.885,0
2GMEYAYcH1EyBp4ClpIgPE,Gotoubun no Kimochi,中野家の五つ子,anime,0.527,0.922,0.0645,9.05e-05,0.915,175.032,54
4r8JqkhpTb5tzSKKHnVJIJ,Tujhe Bhula Diya,Mohit Chauhan;Shekhar Ravjiani;Shruti Pathak,pop-film,0.644,0.423,0.464,0.0,0.509,131.903,67
5dTMObaFfVTsyeErV5fF2v,Deck The Halls,Nat King Cole,jazz,0.635,0.393,0.652,0.0,0.97,107.172,0
0xdtum25Kqqr7v1tUIdJpf,Ganhar o Mundo,Thiago Ramalho,gospel,0.653,0.368,0.0764,3.55e-05,0.104,126.006,41
0Ky3rAaGVprE9xyGV8AXau,Burn the Bridge,Mushroomhead,industrial,0.288,0.921,0.00145,0.0,0.112,149.929,25
0y0sGn9Q6DehWp0mRujVy6,Das rote Pferd,Markus Becker;Die Mallorca Cowboys,disco,0.629,0.997,0.0203,0.0,0.691,133.995,0
3dskm5fAe8OkBtM9E0VVWx,Almost Like Praying (feat. Artists for Puerto Rico),Lin-Manuel Miranda;Alex Lacamoire;Ana Villafañe;Anthony Ramos;Artists for Puerto Rico;Camila Cabello;Dessa;Ednita Nazario;Fat Joe;Gilberto Santa Rosa;Gina Rodriguez;Gloria Estefan;Jennifer Lopez;Joell Ortiz;John Leguizamo;Juan Luis Guerra 4.40;Luis Fonsi;Marc Anthony;Pj Sin Suela;Pedro Capó;Rita Moreno;Rubén Blades;Tommy Torres,show-tunes,0.471,0.791,0.0198,0.0,0.507,188.36,51
57Hk29LVcJAaGSFYQSuOKM,Zenzenzense - Original Version,RADWIMPS,j-rock,0.29,0.878,0.000371,0.0,0.518,189.857,45
2wLkOJ9pwMu0kfV5tlPDUp,Assassin,Sultan + Shepard,electronic,0.637,0.687,0.0587,0.704,0.0878,119.995,50
3ym3NPqfGB0nJFz8iX9cqq,Lord of the Dead (Mortician Part 2),Mortician,grindcore,0.161,0.708,1.58e-05,0.945,0.15,91.848,17
139nCjBRQCLgnWNRxBKAC7,Arhbo [Music from the FIFA World Cup Qatar 2022 Official Soundtrack],Ozuna;GIMS;RedOne;FIFA Sound,latino,0.675,0.888,0.12,0.00967,0.526,119.018,63
4lNeLiwxBC6J9kJxUtJLxh,Lloraras,Oscar D'León,salsa,0.708,0.751,0.517,0.000717,0.962,96.994,0
1qv0hJRov7RgdD81ySHEq2,Viejo Ciego (feat. Antonio Agri & Esteban Morgado) [En Directo],Roberto Goyeneche;Antonio Agri;Esteban Morgado,tango,0.447,0.114,0.936,0.0,0.189,76.983,19
4ACGa15ogiMGLQPCv2ay5b,Life,Ludovico Einaudi;Daniel Hope;I Virtuosi Italiani,ambient,0.334,0.268,0.933,0.904,0.0523,93.405,50
20zzr5ptoz7htV9Li3WEqo,Santa Stole My Girlfriend,The Maine,emo,0.677,0.493,0.601,0.0,0.738,107.993,0
7j3nbSiaWphYU2cFgyQXd9,Everything Is Embarrassing,Sky Ferreira,synth-pop,0.667,0.783,0.0606,1.17e-06,0.564,117.145,55
1fqIhFZWgxTAyzYemLzAn3,Raped in the Back of a Van,Last Days Of Humanity,grindcore,0.313,0.979,0.0368,0.234,0.0445,78.327,13
34HLm0LVMY1rYEUKQBZrVP,Na Le,Omiki,trance,0.538,0.977,0.00088,0.0792,0.0704,140.038,40
5maqE0Bx0zNFvliGm50VBi,Tyranni,Avslut,black-metal,0.252,0.985,2.61e-06,0.27,0.0397,119.967,17
3Y92KuhfETiU7BaAQyVgyi,Over The Rainbow,Andrea Bocelli;Matteo Bocelli;Virginia Bocelli,opera,0.289,0.226,0.968,1.23e-05,0.234,86.547,0
0Ley2dKfWsTgMEZGES12Ep,Birsiney Hau Ki,The Elements,indie-pop,0.586,0.35,0.247,9.49e-05,0.549,81.762,46
5S8wnzW1ZUf6lp1sN1Zc2d,"Gangster (Feel So Good) - Tails, Noizer & Drokz Ouwe Gabber Mix",3 Steps Ahead;Tails;Noizer;Drokz,happy,0.477,0.98,0.00043,0.0785,0.268,190.251,23
6btegcu44HqquqArljhFxu,Nanchaku,Seedhe Maut;MC STAN,hip-hop,0.81,0.66,0.141,0.0,0.443,140.081,56
1ax8ZuwRVkSdzzsIqyCNWQ,Tumse Milke Dil Ka,Sonu Nigam;Sabri Brothers,pop,0.853,0.745,0.0642,1.87e-06,0.882,107.985,65
3Zl1BIkTA0SS2iY1w0pjQF,Гитара,Стронгилла Иртлач,romance,0.497,0.123,0.994,0.0755,0.293,97.549,0
4qdciGWDHMCQrXz86KMt7q,Percussion Baby,Sumo,punk-rock,0.89,0.543,0.106,0.159,0.284,111.926,40
2hi7Jw3clS1Vg0L1NNwrNG,El Regalo,Diego Herrera;Leandro Ríos;Pancho Uresti,r-n-b,0.754,0.452,0.552,0.0,0.765,90.025,41
0hAmNalTo8tOdDxFekAFSQ,愛就一個字,Jeff Chang,mandopop,0.566,0.504,0.725,0.0,0.202,120.908,46
5wIe2YrF6reUmKu1paRNp7,"Verdi: Aida, Act 2: ""Ebben, qual nuovo fremito t'assal, gentil Aida?"" (Amneris, Aida)",Giuseppe Verdi;Riccardo Muti;New Philharmonia Orchestra,opera,0.356,0.128,0.989,0.0,0.103,79.638,21
52L7fjH7wVsmOmeGHI6rJx,Mountains of Es Cubells,Magdalena,techno,0.676,0.85,0.001,0.66,0.0892,119.997,40
4Est2AoCaL1zVMmU78Qw3H,Así,Chivirico Davila,salsa,0.417,0.428,0.646,7.74e-06,0.398,81.927,28
5VIwXWdInlq1Q7DuYcaJ46,Ariyathe Ninayathe,Jaiz John;Vineeth Sreenivasan,malay,0.581,0.485,0.127,3.35e-06,0.472,125.025,43
3jumxkobNDisdRz27CxhOF,King Inna War,Rytikal,j-dance,0.795,0.6,0.0838,0.0,0.721,99.862,21
2KJc0tlouvIy4xwwlp40Hr,The Hook,Reality Test;Gproject;HYBIT,trance,0.587,0.913,0.00145,0.9,0.0487,137.993,30
1VgzZhrDM5zKjXxlEaSr6U,Wati by Night,Sexion d'Assaut,french,0.929,0.758,0.139,0.0,0.742,114.951,34
4kXkT9HF9ZfDjuv3LIKcwJ,"Dil Beparvah - The Dewarists, Season 5",Ankur Tewari;Prateek Kuhad;Dhruv Bhola;Nikhil Vasudevan,indian,0.762,0.391,0.867,0.000521,0.355,137.956,54
68xcotSk1Qc0Hij0M7ov7W,"Trance/Floden, som kan lede",ORM,black-metal,0.221,0.114,0.596,0.854,0.0365,84.387,21
1Ph65gYzHdiNDs9yWh4ePY,Fake A Smile,Alan Walker;salem ilese,electro,0.427,0.541,0.21,0.0,0.257,149.802,56
3RhSYslhNvVrJXRXcoerhq,Teenagers,My Chemical Romance,emo,0.459,0.858,0.0506,0.0,0.855,111.682,3
1zMSZbxk4dDAHxBS5V07KT,Mundo Agradable,Serú Girán,alt-rock,0.499,0.502,0.0115,2.78e-05,0.294,120.177,44
6IjtnlEV9IzgkTKr1DloeN,Bad Behaviour,Mabel,edm,0.797,0.812,0.00451,2.19e-06,0.421,106.998,0
4TnUKixNWMfajncgdSwFoi,Amarillo By Morning,George Strait,country,0.606,0.361,0.264,3.39e-05,0.621,121.059,70
54X78diSLoUDI3joC2bjMz,Purple Rain,Prince,funk,0.367,0.452,0.0353,0.00228,0.189,113.066,75
78YJJJH55MSyk7547100sW,The Day I Tried To Live,Soundgarden,grunge,0.472,0.752,0.000164,0.181,0.305,133.248,59
3Xw8Y6PAARxYOar665cM68,Time and Space,Voidax,hardstyle,0.47,0.966,0.0128,0.0041,0.31,155.007,21
0Esga9nT74zsIrvKQrkgzL,The Ultra-Violence,Death Angel,death-metal,0.242,0.99,1.42e-05,0.693,0.19,110.976,0
6c2fQZSOr2Ph0ptwDf0lm2,Juwita Malam - Blues Version,Slank,blues,0.178,0.569,0.0873,0.0568,0.244,138.157,37
3DQisSEr1TLp9H0BEeKiQS,Uncover,Zara Larsson,swedish,0.556,0.529,0.4,0.0,0.308,89.887,65
3B94r0dwWtdZFxVU6URfOt,渚の泡沫,WANIMA,j-rock,0.563,0.975,0.00903,0.0,0.664,127.004,31
3UsflFxjhrLOLY5ErGq6rZ,Angel Eyes,Lime,disco,0.7,0.721,0.00914,0.000839,0.786,121.785,31
7LxeS6YSxwhKkEevTfBEFm,Torba Var Mı Beyler?,Kilink,punk,0.393,0.802,0.279,0.0,0.691,108.498,36
7asFHR74hcfNANNJ79cqVw,Al Mundo Le Falta un Tornillo,Edmundo Rivero;Orquesta de Horacio Salgán,tango,0.554,0.487,0.908,0.0,0.773,120.667,21
03ZW7ctBFti8Odwn2hGZr9,Summer Paradise (feat. Sean Paul) - Single Version,Simple Plan;Sean Paul,punk-rock,0.421,0.822,0.0132,0.0,0.751,171.935,56
0iP9WHQ6AgGNEEDl50TnrC,Preguntando Lo Que Todos Saben,Ricardo Iorio,heavy-metal,0.532,0.617,0.177,0.0,0.416,132.053,20
78LFKyCWZXJU96MEvKIUVz,Azarbaejan,Rashid Beibutov,romance,0.358,0.366,0.97,0.00309,0.631,72.329,7
6RcDE3raQ0X2SRdmFTfZVk,On & Off Loyalty,Shane O,j-dance,0.631,0.661,0.279,2.67e-05,0.314,169.895,18
4WMIpIlBVJIIUxZywSyqBi,like coffeeのおまじない,UNISON SQUARE GARDEN,j-rock,0.656,0.92,0.0727,0.0,0.922,112.889,32
6EWoLZ6n26bF3Cl9Hq3pqv,I Need U,BTS,k-pop,0.485,0.897,0.0184,0.0,0.649,78.851,57
7gOVxn8jQX8rhBYcKfMtBn,The Truth Beneath The Rose,Within Temptation,goth,0.227,0.867,0.00189,3.52e-06,0.191,119.487,22
4MXUaW8VNDPlWPSVqhzNVz,Beat as One - Original Mix,D-Block & S-te-Fan,hardstyle,0.556,0.801,0.00902,1.19e-05,0.458,149.977,21
1JxbwPjI3lyjDDdTvF5O8W,Desta Vez Não,Gerson Rufino,gospel,0.69,0.616,0.103,0.0,0.385,74.992,39
6SesqTxqo0FlU6XlHNHKuG,Sorrow and Pain,The Delta Bombers,rockabilly,0.593,0.614,0.659,0.0135,0.531,81.557,23
1qcWuAqrckB7uoAxVnrBDm,Normal,Feid,latin,0.709,0.56,0.034,0.0,0.541,170.082,6
0dbqfTpjH8VQQfteESvXh6,Friday Night Blues,Johnny Maddox,honky-tonk,0.688,0.505,0.74,0.515,0.968,94.877,20
3US162zs7rZ7nHbc8biYTx,Arrow,Surf Curse,punk,0.285,0.864,0.000432,0.0,0.423,158.673,48
0o28lIvk1p4gXuAPSBDr8w,See You Other Side,Confess,iranian,0.369,0.99,0.000151,0.000161,0.443,144.761,1
1797zYiX4cKosMH836X9Gt,La Corriente,Bad Bunny;Tony Dize,latino,0.663,0.786,0.229,0.0,0.579,196.12,90
0TQp3SpfrkWtGCyJJgMbHW,Hot Potato,The Wiggles,children,0.669,0.737,0.0289,0.0,0.948,170.925,59
2LYrK7rIwqP809PneuLhQz,Tillas con barro,El Shaaki;Ley 20mil,dancehall,0.801,0.953,0.388,0.0,0.87,90.89,35
50bDdkv5BSVQmI3OFZSCA5,Quiero,Willie Gonzalez,salsa,0.728,0.798,0.48,2.5e-05,0.807,162.445,29
4gC6xOiJLHTpIARRdmYMaQ,Ra Ra Reddy I Am Ready,Lipsika;Aditya Iyengar,indie,0.738,0.903,0.383,0.0109,0.699,78.971,72
150kk5S2hUULZD4yApAwSH,Ya Vstretil Vas...,Dmitri Hvorostovsky,opera,0.167,0.203,0.983,0.144,0.0888,178.579,19
5UbJVD4o55Pjqo2505gidh,Artwork,Art Of Fighters,happy,0.371,0.982,0.359,0.543,0.0785,168.934,23
0b6zTHZIsHW75vNGZs89wq,Popatrz na niebo,Kuba Jurzyk,disney,0.356,0.32,0.731,0.0,0.356,173.92,22
3VdqPC4Br395dR4qf3ngZF,How Can I Call This Home?,Brent Carver;John Hickok;Parade Ensemble,show-tunes,0.466,0.342,0.808,5.52e-06,0.453,69.316,25
0bBd6K5X4W7t9GyXcaVOA7,Sigue,J Balvin;Ed Sheeran,latino,0.889,0.641,0.0515,2.75e-05,0.588,87.99,74
2eZjO58Qe9og2xmyfw4qwJ,Ludens,Bring Me The Horizon;Death Stranding: Timefall,metalcore,0.295,0.679,0.000551,5.44e-05,0.381,197.964,58
2nqhQaJH4zJ6F2X2wBQ1IT,Little Things,ABBA,swedish,0.647,0.165,0.894,0.00187,0.59,75.978,0
6pnkWwsWrwWY00Xpw3pc3b,novo - Ao Vivo,Leonardo Gonçalves,gospel,0.305,0.606,0.461,0.0,0.311,147.047,41
1Wh5LO3TWAvaeDrwp4FZgo,King,XXXTENTACION,emo,0.421,0.154,0.102,0.00692,0.0949,99.886,68
3J94hQqXFN1gy56b3n9UCD,Fragments of Hope,Mokhov,idm,0.695,0.603,0.171,0.28,0.629,102.966,8
51jwJt0AOoHRerPrzv0NHy,Shivaya,Omiki;Melicia,trance,0.519,0.945,0.0392,0.288,0.136,140.017,37
0zhQbe6w8Hm6U5HV7f7rSw,トキノワ,PASSEPIED,j-idol,0.434,0.822,0.00153,0.00477,0.373,176.043,25
0MTCFni4P52YiGDHYEgKKZ,My little room 000,arai tasuku,idm,0.417,0.67,0.938,0.0113,0.225,90.4,8
16dmMHLSFpOHP3CQ3UxnJ2,Polaris Dream,Rexanthony,happy,0.444,0.997,0.0536,0.916,0.441,160.698,21
15blW8gWnwnu96IVuHnWs2,Holding On (ASOT 1090) - Steve Brian Remix,Robbie Seed;Steve Brian,progressive-house,0.541,0.812,0.000445,0.0166,0.145,127.993,38
6EnfbMj5Ui3jkIw8CDaYIW,Wi Deh Yah,Kranium,dancehall,0.648,0.725,0.063,0.0,0.563,100.192,55
24miLxqEchxqXnm528AI2H,Inabalavelmente,Charlie Brown Jr.,hard-rock,0.702,0.813,0.151,0.0,0.879,151.013,37
2hoTBcSjmzGEVNyR5sL8Qj,Escape from the Catacombs,The Sorcerers,afrobeat,0.595,0.721,0.428,0.864,0.831,166.305,18
7bpHvOnc4KTMD1Bd8RZTCa,Robot House,R.M.F.C.,garage,0.232,0.935,0.132,0.637,0.785,113.554,27
5iFwAOB2TFkPJk8sMlxP8g,Make You Mine,PUBLIC,indie,0.606,0.799,0.0128,0.0,0.638,103.014,77
26HTczHXyN2wkeM6ajQcRt,Half-Breed,Stephanie J. Block;Teal Wicks,show-tunes,0.654,0.802,0.393,0.0,0.749,104.718,20
0jPA9srCfJRn0dEV1OoByv,Toda Forma de Amor - Ao Vivo,Lulu Santos,mpb,0.516,0.805,0.0422,0.0203,0.514,137.161,40
7JvWMDI6HjcvaE4mhCZqxx,Chekele - VIP Mix,Ribin Richard;Archana Mohan Iyer,malay,0.517,0.677,0.021,0.0,0.16,150.014,23
6lFUdRItQEsEuD7dSINL47,Follow You,Bring Me The Horizon,metal,0.54,0.661,0.0765,0.0,0.506,90.012,69
2o5GJ6ODpzswofGKNI2ZYv,Heads Or Tails,QUIX;Amba Shepherd,dub,0.72,0.681,0.0289,0.000147,0.558,145.046,46
6kbc35XZMhs9y9SEpAJKLJ,最偉大的作品,Jay Chou,mandopop,0.432,0.58,0.5,0.00774,0.23,159.908,51
4JoD7kvZ8Cj0dyXMtpybRX,Me dê motivos,Tim Maia,samba,0.47,0.411,0.672,0.088,0.384,73.491,38
101QdafoK9zk4lB4vFO5Yy,Aarti Kunj Bihari Ki,Anuradha Paudwal,k-pop,0.528,0.748,0.583,0.0,0.845,130.125,45
11TQiyteH2AdJKhxraxEKB,Roma (Lrdp Maqueta),Sabino,indie,0.732,0.686,0.7,0.00329,0.877,92.104,53
0k4eJ29svqXvVT6gywwelF,Fabrica de monos,Mastifal,heavy-metal,0.486,0.949,1.05e-05,0.49,0.372,97.511,22
3OycrGOe84DHAO3crPP2qW,Purple Widow,Nico Moreno,techno,0.594,0.978,0.0028,0.639,0.154,145.014,55
6Ff4RmRYkznFT9mv4uVo2h,Volverte a Ver,Jah Nattoh,spanish,0.755,0.74,0.491,0.0,0.805,76.981,28
7iQeIx7Ko1Wfemi46OpQL4,girls girls girls,FLETCHER,electro,0.649,0.478,0.658,0.0,0.468,139.859,1
6P55lJj1EpPAIwHzyxZeTW,Rulla runt,buller;GLOBBY;Grayuboi;Kladd,goth,0.854,0.547,0.431,0.0,0.848,127.945,27
3pbMHrYR8i2qndIDhwtVBg,"Carmen: ""Habanera""",Georges Bizet;Francesco Verzillo;Danilo Dellepiane,classical,0.572,0.0144,0.995,0.969,0.536,123.784,0
1almCHdsfikRPfVB9VrEdT,Little Do You Know,Alex & Sierra,pop,0.5,0.292,0.746,0.0,0.37,145.879,77
3H2QL13RLffEoHls92ClHK,Somebody,Moonkids,french,0.749,0.385,0.278,0.791,0.24,118.009,57
4NKO0wVXkC435PQivgBpcD,My Favorite Boxer,Martin Lawrence,comedy,0.509,0.381,0.686,0.0,0.253,78.081,25
6J77IL7C21HvGmMe6XHzWH,Blue Bucket Rebirth,ThirumaLi,malay,0.662,0.796,0.0691,0.0,0.636,195.936,34
4R1ucIN3cgWBcHxbeSmgzB,Gammy Elbow,DJ Zinc;Chris Lorenzo,drum-and-bass,0.838,0.737,0.00138,0.897,0.799,130.024,49
4siZLgCKM0IKnD1ek6Bt4d,Good Things Fall Apart (with Jon Bellion) - Stripped,ILLENIUM;Jon Bellion,dub,0.575,0.314,0.763,0.0,0.653,150.459,47
6tcGeOQz4f6VbQRx0rW2W6,"Baby, It's Cold Outside",Dean Martin,jazz,0.439,0.196,0.88,0.0,0.525,129.581,0
5Bv3hddlRFyhTcYtYeoXed,Naav (Chadhti Lehrein Laang Na Paye),Mohan,ambient,0.608,0.687,0.449,2.1e-06,0.548,83.918,43
6pRaRbJVkHyQdlW3MGvkgT,Hot Knives,Pigeon Pit,acoustic,0.501,0.44,0.818,0.0,0.311,89.881,30
7lVCNk7lDX6zZUShe7cFfI,Amor da Sua Vida - Ao Vivo,Ferrugem,pagode,0.564,0.782,0.703,0.0,0.805,87.882,45
5DawrKDU1AympiSzqrUY0b,Risin' to the Top,Blank & Jones;Zoe Dee,techno,0.746,0.517,0.0665,0.313,0.518,91.986,26
6apY0slN5xSpb7u8Azlpyu,"See Me, Feel Me",Scooter,happy,0.442,0.998,0.00032,0.0195,0.715,146.023,18
1sBGKVkGtoyxjtVKp5Vz2K,Bergagasten,Månegarm,black-metal,0.565,0.852,0.00129,0.00114,0.51,124.96,16
4V68G1f2P3xGjfCiit6P43,Bon vieux temps,Taïro,french,0.71,0.825,0.045,5.22e-06,0.671,87.068,31
6TgWP4HXj9wZyJF3yoghRj,Superhéroes,Charly García,punk-rock,0.601,0.562,0.228,0.000261,0.413,79.817,40
4YZbVct8l9MnAVIROnLQdx,Forrest Gump,Frank Ocean,soul,0.701,0.417,0.0888,0.000648,0.186,95.003,69
7JA6riGm8ibV6aDl9DX3LI,Intentions,Mini Pop Kids,kids,0.832,0.532,0.46,0.0,0.746,148.031,14
4CqnZVnY48DT8Xwv3F3mco,Firework,Katy Perry,dance,0.637,0.867,0.143,0.0,0.652,124.069,1
6LA7WgwRca4bYg7Ip50dqN,PS5 (with TOMORROW X TOGETHER & Alan Walker),salem ilese;TOMORROW X TOGETHER;Alan Walker,indie-pop,0.602,0.642,0.0131,5.33e-06,0.54,175.978,50
2cs4ppEftLQDyxbtjPAYyG,Cara Valente - Ao Vivo Na Lapa,Maria Rita,mpb,0.603,0.839,0.442,4.16e-06,0.611,89.369,38
55JE6x9A4V4Px6CVHB8nCW,Oh No (Sentimental Things) - Radio Edit,So Solid Crew,garage,0.868,0.718,0.0184,0.000163,0.905,131.626,25
5BtFkPust4wifo9KOThNGI,Sábado a Noite (feat. Lulu Santos),Cidade Negra;Lulu Santos,brazil,0.773,0.94,0.193,0.0,0.887,97.135,42
5kVjNlwI6vDvbuYJohhUqh,Kannai Vittu,Yuvan Shankar Raja,k-pop,0.691,0.806,0.0729,0.00452,0.958,76.992,51
5Bl7fjZwq3u37T51tspPAp,De seu,Mirta da Silva,piano,0.322,0.0343,0.995,0.95,0.312,178.422,49
3QdYdxBCEjqUGVMAASBi5m,Old MacDonald Had a Farm,The Countdown Kids,children,0.922,0.562,0.762,0.0,0.749,109.949,26
5fI7BQ3NERlq6YdldHVQqz,RIGGED,The Plot In You,metalcore,0.558,0.583,0.00303,0.000287,0.169,119.988,48
0ehtFnPWJIYVwZhca6GBu5,Talvez A Metade Do Caminho,Charlie Brown Jr.,hard-rock,0.56,0.972,0.00408,0.0,0.587,92.125,34
0uLhNT7UIH3nZCCDZd3OBl,Anna Molly,Incubus,grunge,0.451,0.973,0.00428,7.36e-06,0.628,151.885,61
10QGhgqQm0I2Y9maxrM7T6,Jack Your Body - 1986 Club Mix,"Steve ""Silk"" Hurley",chicago-house,0.803,0.84,0.017,0.0936,0.943,122.543,41
5N8PNPuZSolQk7hFwtEkIw,Night Life (with Waylon Jennings),George Jones;Waylon Jennings,honky-tonk,0.496,0.39,0.692,0.0216,0.513,96.375,10
5A1wvkGE6tOyrIOhjQ9bjy,3 CAP,Zyrtck;Radical;Mothz,metal,0.769,0.847,0.476,0.0,0.865,160.058,40
6NfrH0ANGmgBXyxgV2PeXt,La Difícil,Bad Bunny,latino,0.685,0.848,0.0861,7.14e-06,0.761,179.87,80
2V2mEnBBn4HsDRNxuVJvwP,Diamonds,Mone Kamishiraishi,acoustic,0.755,0.918,0.356,2.23e-06,0.634,111.017,26
4Y1igB1GDncJvt7ezbV3cW,Suspirium,Thom Yorke,electronic,0.457,0.223,0.988,0.918,0.438,150.998,59
6x8ZfSoqDjuNa5SVP5QjvX,Miss Perfumado,Cesária Evora,world-music,0.629,0.329,0.867,0.0,0.743,132.378,22
2OtHPItRShU1by6SliultH,Love Me,TEEMID,french,0.706,0.606,0.033,0.00215,0.254,101.491,55
0LZLl5OiwYmMOFTVLK0ADD,Lentekriebels,Kinderen voor Kinderen,children,0.696,0.665,0.0897,0.00105,0.455,96.015,32
6F9EKejcV13lR8tZXnawmy,Oke Oka Oorilona,Yuvan Shankar Raja;Deepak Blue;S.P. Abhishek,k-pop,0.651,0.729,0.308,2.95e-06,0.619,150.041,46
5OHNTGHfzm41FeJJdSUPSM,La Entrevista (with Marvin Freddy y Kayanco),David Calzado y su Charanga Habanera;Marvin Freddy;Kayanco,salsa,0.716,0.953,0.0822,5.41e-06,0.847,97.976,27
598lzqNKYDQo8M17IQznRk,Can't Get High Without U,Joey Negro;Dave Lee,deep-house,0.713,0.717,0.00145,0.322,0.746,127.97,25
4F3thQX8OVHkquqoDk8yAU,Você Me Vira A Cabeça (Me Tira Do Sério) / Depois Do Prazer - Ao Vivo,Mumuzinho;Luísa Sonza,pagode,0.444,0.589,0.686,0.0,0.412,120.006,47
6TFUGAC1zk57FICwy1wZNW,Dura - Remix,Daddy Yankee;Natti Natasha;Becky G;Bad Bunny,hip-hop,0.772,0.803,0.187,0.0,0.853,94.98,0
5rM3D9t7d7DlcsDe9RIB3b,Frieza (Ao Vivo),Murilo Huff;Marília Mendonça,sertanejo,0.564,0.792,0.342,0.0,0.586,113.742,53
6kqdxmOjUWXjbQeThu7jlM,Feat Challenge,Deluxe,spanish,0.732,0.771,0.356,0.0,0.86,92.121,30
2D8RTkLjzhCisKhy9z3Apb,My Girlfriend's Boyfriend,Mike Birbiglia,comedy,0.531,0.719,0.88,0.0,0.364,76.568,23
5VWz3CYPwY7BWvtTIEyNXG,seja a Ti (nada além de um instrumento),Purples;Rachel Novaes,groove,0.579,0.606,0.59,0.0,0.244,95.99,26
3vq7aH5bBDHGg2szzHUdUw,I Don't Wanna Be Me,Type O Negative,alt-rock,0.473,0.977,0.0243,0.604,0.0449,100.552,0
4CglFxZhBqgr8nUMDjxalT,That Cannot Die Which Eternally Is Dead,The Black Dahlia Murder,death-metal,0.412,0.994,2.8e-05,0.24,0.044,92.999,26
1yYFR3mLtGDzg6EAVBwndk,Mina De Fé,Waguinho,gospel,0.527,0.681,0.187,0.0,0.606,154.518,42
4LKmNU9RTRw5nfRwLNb4CM,The Passenger,Iggy Pop,punk-rock,0.487,0.935,0.0398,5.53e-06,0.735,134.831,0
2WOCQriCJaM9hhDZLZihRR,Frustums,Ochre,idm,0.611,0.436,0.469,0.965,0.204,116.989,11
73JI06Eznb1N22KHpo3HL7,Boycott Me!,Mischief Brew,acoustic,0.684,0.509,0.571,0.0,0.69,132.297,33
0zFComc9VzjCKWm4PSbIJk,Equally Lost (feat. Doja Cat),Tove Lo;Doja Cat,swedish,0.654,0.766,0.0178,2.37e-05,0.521,187.901,59
5hiQRUtRsUqTecmvuTEgSv,Wildcattin',Matt Braunger,comedy,0.622,0.631,0.655,0.0,0.48,79.905,27
7egj375ez0KtF3bYCfAHdZ,Crashing (feat. Bahari),ILLENIUM;Bahari,dub,0.582,0.681,0.342,0.0,0.273,95.995,49
6DnWbfjjMo7KoC4tYTZDsP,Mamãe que é Mamãe (Versão Grave),Os Barões Da Pisadinha,forro,0.719,0.753,0.0198,0.00128,0.777,171.999,41
1X3Ghvq7Hh09nl51wNtWQI,Walkie Talkie,DJ Shadow,trip-hop,0.753,0.866,0.0517,0.000114,0.598,171.901,20
7Meqm9jgQXhh08vdnbrvfY,Both Sides Now,Pat Martino,guitar,0.423,0.0266,0.963,0.957,0.526,129.686,51
0qRgtkRi15K2osfLIvcHEs,"Ondra Renda (From ""Kaakha Kaakha"")",Bombay Jayashri,classical,0.642,0.562,0.584,0.0,0.671,149.82,48
1swmf4hFMJYRNA8Rq9PVaW,Martha My Dear - Remastered 2009,The Beatles,psych-rock,0.472,0.292,0.872,0.0007,0.824,177.624,54
02obeYkCdobtFWUBXkScFP,Hot Dog!,Little Apple Band,kids,0.889,0.566,0.553,0.0015,0.918,92.055,8
7oJNgM72SenJwREyTLyzk1,Duppy Destroyers (Sound Boy Killer) - VIP Dub Mix,Deekline;Trigga;David Boomah;Specimen A;Navigator,breakbeat,0.552,0.921,0.00897,0.0457,0.701,173.996,12
2x9gxKi3h7o7gLbzC37rPk,Deck The Halls,Nat King Cole,jazz,0.635,0.393,0.652,0.0,0.97,107.172,1
5v3TSHYm8BzbON2u6QBEG7,Dunkelheit,Burzum,ambient,0.295,0.545,1.5e-06,0.891,0.438,54.669,52
1EO0s40WFVCoipkiDC0HWN,Fuk,Plastikman;Richie Hawtin,detroit-techno,0.544,0.9,0.000325,0.922,0.0643,125.181,11
1zZTvax6SvPuoudxmfZfqV,Azhagho Azhaghu,Yuvan Shankar Raja;Naresh Iyer,k-pop,0.83,0.603,0.395,0.0,0.789,108.039,48
0oykoQRx0Zg25RDRNMyeg2,Порги,Nikolai Erdenko,romance,0.252,0.304,0.713,0.0109,0.0893,85.309,0
3ed1b5bDbGy0IxjYnkfOZ7,Una Noche No,Imelda Miller,rock-n-roll,0.584,0.0917,0.799,0.0,0.53,100.757,31
5BqBeEwb9sqUtRLKyzgQQe,Tu Meri Zindagi Hai,Anuradha Paudwal;Kumar Sanu,k-pop,0.507,0.56,0.878,0.000572,0.592,127.318,53
3XFqW9PbzMBy6wV06egJQ2,Discourse Is Dead,Architects,metalcore,0.484,0.925,0.000128,0.000238,0.245,123.966,49
2j02RtZz6v53FRw4oWliZf,BURN IT,FEVER 333,metalcore,0.591,0.959,0.00343,0.0,0.426,130.017,56
75lHwDgxIYZcjPOVAf2GGV,Del Mas Alla,Almafuerte,heavy-metal,0.427,0.84,0.0001,1.99e-05,0.501,132.008,23
1iGucHmN2U9G60sMaAzvfL,Wat Zullen We Drinken,Lawineboys,happy,0.687,0.929,0.0173,0.0,0.628,141.02,28
0Ey0BnhP2exQWpw8xuHar3,No Pidas Mas Perdon,Los Llopis,spanish,0.659,0.374,0.956,0.00219,0.616,112.78,27
22SToG9KlymigsuFqkG4lp,Iniyennum Ee Lokham,Sajeer Koppam,malay,0.527,0.249,0.904,0.0,0.293,72.028,34
2XWb43IH6lK831IZjLKra1,Ele Sabe o Que Faz,Sync 3;Ericka Nascimento,groove,0.319,0.603,0.543,0.0,0.344,131.768,29
5M4NzskhOnjs5q1osSSBj2,Sometimes I Feel Like,Chez Damier;Ron Trent,chicago-house,0.824,0.645,8.05e-05,0.909,0.607,123.656,13
2EoOZnxNgtmZaD8uUmz2nD,Black Hole Sun,Soundgarden,alt-rock,0.35,0.828,0.000217,0.000161,0.147,105.435,77
5MmrVp9ZoHkIumPajat8F6,The Best Side Of Life,Sarah Connor,german,0.631,0.634,0.568,0.0,0.569,90.947,0
2lTWvfqX8itVpHvQ8EMhS6,"The London Sketchbook, K. 15a-ss (arr. and/or orch. E. Smith) - Three Contredanses: in F, K.15h",Wolfgang Amadeus Mozart;Academy of St. Martin in the Fields;Sir Neville Marriner,classical,0.661,0.042,0.976,0.968,0.575,82.314,23
45uqKF8Fqwd0LgAABnRRYg,Every Little Thing (feat. Andy Mineo),Hillsong Young & Free;Andy Mineo,world-music,0.526,0.707,0.053,0.0,0.39,154.83,36
5mY3UCVhLzKlOmLvKEWKgj,Was einmal war das kommt nie wieder,Jürgen Drews,disco,0.659,0.975,0.0295,0.0,0.768,130.012,0
6QEQQbdqy6MIjqIa8tNvTj,You,Dan + Shay,country,0.544,0.572,0.118,0.0,0.52,169.885,1
2X9fsxb6O6bYEopJYmUbNC,Gold,Spandau Ballet,synth-pop,0.711,0.74,0.258,0.0111,0.639,143.053,61
2wPUZSVeVXmMWz1PMapwds,Beth,Kyle Kinane,comedy,0.582,0.823,0.725,0.0,0.251,138.553,26
0EilBeTWRxeJ2PPwhS7vdm,Cada vez,Triciclo Circus Band,ska,0.757,0.909,0.579,0.0,0.91,172.066,35
2pvGHaskdT2ZrKlXCVr03g,Tramp the Dirt Down,Elvis Costello,power-pop,0.403,0.272,0.485,0.0,0.302,143.598,27
7jMjMcyt3qxEkbC0s8LJQf,Ghuroor,Izzchughtai;Abdul Hannan,indie,0.392,0.331,0.737,2.23e-06,0.26,74.824,48
3PvwlVjMxuAqN8rJc84zPg,Hands Held High,Linkin Park,grunge,0.335,0.567,0.276,0.000354,0.126,103.987,38
1xtlT8C62HToUvB0xmwvyi,Kurumugil,Vishal Chandrashekhar;Sai Vignesh,pop,0.419,0.342,0.518,0.0,0.599,149.798,65
4B161tnzwvFCWiOfx9T8Di,Dying Is Absolutely Safe,Architects,metalcore,0.415,0.592,0.258,0.192,0.235,114.956,45
78L3WTRWjcKmpw2So7t0Tc,Lucky Mistake (Her 2.0),Vincent;Alice Berg,dubstep,0.522,0.544,0.399,0.0,0.435,150.195,44
7CTb6vw1xDE3pxJLt18unK,Bye Bye,Marshmello;Juice WRLD,dance,0.692,0.517,0.0665,0.0,0.181,83.091,52
2UsHzjgsBhSf4m0eNLFRVz,Kungar av December,Danny Saucedo;Niello,swedish,0.681,0.775,0.0622,0.0,0.938,92.956,0
0tutwq4hC8qFaLvLb1rEFQ,San San Rock,Thievery Corporation,trip-hop,0.857,0.538,0.47,0.947,0.962,153.986,50
6MzQl8HDmtHuumL95EcCwd,Utter Control,Sight of Emptiness,death-metal,0.497,0.982,2.19e-05,0.000455,0.0789,104.954,25
2FPxdkJbS7Ft0u6wg8gQUM,Happy Holiday,Peggy Lee,jazz,0.376,0.371,0.449,2.28e-06,0.656,195.668,0
0VYl6MeDfICsBCiopYfv0a,Nostalgias De Buenos Aires,Las Lagrimas,guitar,0.542,0.143,0.976,0.928,0.25,79.413,28
6Ate9lyxjDuiespFQJc1HC,Dunkles Wolkenmeer,Kerstin Heiles,disney,0.315,0.174,0.859,2.04e-06,0.338,169.903,18
7aokiMHeHTBynFXaiBlXbm,Crocuta Crocuta,Siavash Amini,iranian,0.171,0.427,0.302,0.896,0.0375,115.531,0
3T3b3sSibIpkJZeLV9TDqX,You Are Not Alone,Modern Talking,synth-pop,0.649,0.996,0.0623,0.204,0.926,128.036,48
6uP2G9yg9zidWT8kyy9pPT,Intro: Singularity,Smyang Piano,piano,0.318,0.0168,0.993,0.947,0.114,73.25,38
7LNiAjyg9P2GKINTtN6Yt8,We Can Work It Out - Remastered 2009,The Beatles,psych-rock,0.381,0.608,0.113,0.0,0.742,106.299,52
2wfHc3wJjCeaaB78MlIJ2i,Da Capo - Video Mix,Perplexer,happy,0.591,0.816,0.00123,0.895,0.162,158.775,30
4rFkB0p9ZWloxnLC6iCqmc,Don't Poop Your Pants,Blake Rules;Netherfriends,kids,0.761,0.8,0.368,0.0,0.744,93.854,7
0HHJtINBmlDvdYu2CvdLd8,Lembro Quando Começou,Bullet Bane;Lucas Silveira,hardcore,0.488,0.606,0.211,2.53e-06,0.147,119.963,33
5LXaBBZePqShzKxM6b9RFU,Velvet Morning 22 (ASOT 1090),Kyau & Albert,german,0.479,0.946,0.000548,0.261,0.0381,125.487,41
5VxyIwQRhDMX08RPzkxQz6,Take It In - Hybrid Minds Remix,Feint;Hybrid Minds;Koven,dubstep,0.546,0.717,0.00491,0.0534,0.0372,87.491,24
7N31Y7XEzOvDzKuFkCgDon,Wonder Woman's Wrath,Rupert Gregson-Williams,british,0.171,0.632,0.0864,0.785,0.0379,158.297,46
7hCliCeK5O44yfTgDR2DmK,Asteapta-Ma Dincolo (De Moarte),Bucovina,black-metal,0.417,0.965,5.9e-06,0.0989,0.154,148.008,24
14o0i8EQ2H61ayf5rXFJuH,Un été français - Joachim Garraud & Ridwello Remix,Indochine;Joachim Garraud;Ridwello,synth-pop,0.717,0.846,0.0218,3.63e-05,0.368,125.988,23
4N0QRParKSzFyEtqSIDT97,"Let It Snow, Let It Snow, Let It Snow - Remastered",Dean Martin,jazz,0.446,0.214,0.885,1.46e-06,0.741,133.436,0
4YgEwanzISFU4xa27saTux,Reason,YUZU,acoustic,0.363,0.819,0.0591,0.0,0.468,122.527,47
1KeBXa5MW4dpVEmtk6r83U,Infant Soft Brown Baby Noise,"White Noise for Deeper Sleep;Baby Sleep Sounds, White Noise Therapy",sleep,0.205,0.456,0.521,0.00601,0.0218,77.26,36
1BneA4ZZW619uYVl5Z6La4,Five Little Monkeys,The Hit Crew Kids,children,0.935,0.412,0.752,0.0,0.91,131.993,41
2Ii5427sI5vRkbpjLbQvD6,This Track Is Not Called Something Like That,Kyle Kinane,comedy,0.656,0.695,0.774,0.0,0.686,123.907,27
00MzADTo5mKZHI0crdQ84L,湯気(Album Mix),Chatmonchy,j-rock,0.375,0.816,0.00095,0.000122,0.649,184.719,31
6A2tclDi7xkgRO4y59f65O,Castle,N3WPORT;Leila Pari,dub,0.566,0.759,0.0112,1.29e-05,0.38,159.965,38
5gqm23iFgOEwCnwrZGoJeS,Biermelodie,Killermichel,disco,0.606,0.974,0.00422,0.0,0.668,139.966,35
7glG2aRcS9PsbBDiSbsliO,Krwlng (Mike Shinoda Reanimation) [feat. Aaron Lewis],Linkin Park;Aaron Lewis,grunge,0.415,0.528,0.088,0.00595,0.0479,105.217,48
5EuXqe8xIlAd6ckMUO7Exv,Little Things,One True God,club,0.664,0.892,0.119,0.867,0.288,123.014,34
1fMnqF3hdQWXiC5Amb9EI0,Luova,Lumi Couri,sleep,0.0627,0.00202,0.984,0.88,0.0397,67.996,64
1ATiZWaQ3xKkXhnBUL75rV,i got yr message,sadeyes,emo,0.563,0.68,0.741,2.49e-06,0.349,143.843,49
3S0gwZJ3GonEYRqYpTWIuh,I Surrender All,David Nevue,new-age,0.446,0.015,0.988,0.916,0.346,79.718,47
1sWTcRWqKCxTJyPKhMjKOC,Tô Com Saudade / Alô / Dividido,Rodriguinho,pagode,0.616,0.826,0.265,0.0,0.523,88.044,45
7brgkYerKVc72OqHtMbC47,Coqui Sutra,Shastro,new-age,0.23,0.115,0.667,0.71,0.229,136.28,42
0LBIf9EFHuxmuNig4JHGZo,Crossing Wires 002 - Continuous DJ Mix,Timo Maas,breakbeat,0.697,0.632,0.00815,0.871,0.151,121.055,11
0ZVgOdwrHcAxxhxLrS1ZsG,Stonefall,Idlefon,iranian,0.35,0.583,0.859,0.925,0.141,109.971,0
6ZLt6fyonW1xOGMBC9vJPJ,How To Never Stop Being Sad,dandelion hands,emo,0.414,0.245,0.952,0.761,0.132,97.236,67
6DuvzywDvjoNfL1v8SZQX9,"The Ballad of Sweeney Todd: ""His Hands Were Quick, His Fingers Were Strong""",Stephen Sondheim;Cris Groenendaal;Frank Kopyc;Richard Warren Pugh;Paul Gemignani,show-tunes,0.585,0.23,0.92,4.75e-06,0.603,118.823,28
0yc37FvbXRwwFaQxzpxbsd,Somebody To Love,OneRepublic,piano,0.401,0.503,0.0158,0.0,0.236,118.491,56
109AZuGAl3xtTgxwbonnEb,Toda Noite - Eu e Você - Ao Vivo,Swing & Simpatia,pagode,0.483,0.912,0.474,0.0,0.526,106.286,44
1HiJ7iacnc1kFWHpc3HRoU,Que Manera de Perder - Remastered,Cuco Sánchez,guitar,0.523,0.0966,0.937,0.0,0.441,109.628,23
2s6gzgAjQIqv8dhFZbyiRU,Déjate Querer,Lalo Ebratt;Sebastian Yatra;Yera;Trapical Minds,latin,0.755,0.792,0.028,0.0,0.842,106.015,0
2CTHn9Pb4MIMuzFnvSSeer,Blowin' In The Wind - Single Version,Stevie Wonder,funk,0.591,0.518,0.498,0.0,0.777,105.382,1
6Mhmo7rJ4DN4k6cZ4fUqoq,Dutty Wine,Tony Matterhorn,j-dance,0.714,0.891,0.0992,0.0,0.846,119.985,19
4Ef4F9tbb9XcAJwBIdoag7,Stop to Think,Millencolin,hardcore,0.358,0.967,0.000282,0.0,0.579,137.395,34
6x3OZsw5KqSL0nBsG5P5ch,Descartável,Gerson Rufino,gospel,0.628,0.742,0.254,0.0,0.445,99.985,39
0h2ZSu1j6YFsGj85eSyrI4,Ground Shake,Crankdat;Bandlez,dub,0.63,0.984,0.000666,0.00804,0.214,145.074,49
4PdLvrHcVSMUxuxr2apuU3,Papegaai,Kinderen voor Kinderen,children,0.761,0.916,0.0314,9.87e-05,0.535,135.957,28
4rrDNJIlcE03cUe4RA74Z6,Amaneci en Tus Brazos,Chamin Madero,guitar,0.655,0.458,0.753,0.908,0.697,89.999,22
33acPRmJHlRdLxO8t4S63w,Motel dos Bruto,Loubet,sertanejo,0.836,0.837,0.227,0.0,0.834,105.074,45
0DIB9KkBUjr3t80NiNYf4u,Dema - Original Mix,Octave One,detroit-techno,0.786,0.633,0.000172,0.904,0.421,133.065,9
1yBfX6XP085S7jZxQnpymy,Drinkin & Smokin,Vybz Kartel,j-dance,0.715,0.571,0.0803,7.07e-06,0.369,83.453,18
1BBLD1ud5QeAlugtiHUPUn,The Jungle - Original Mix,Jungle Wonz,chicago-house,0.781,0.587,0.182,0.495,0.799,125.004,8
2eJeHq2qMrBTdBNvWpocUX,Moonglow,Michael Whalen,new-age,0.207,0.0825,0.974,0.946,0.107,68.36,25
2EjXfH91m7f8HiJN1yQg97,Rockin' Around The Christmas Tree,Brenda Lee,rockabilly,0.589,0.472,0.614,0.0,0.898,67.196,71
5074Vt992hKDNhwXMhRceJ,Touch in the Night - Radio Version,Silent Circle,disco,0.707,0.731,0.114,0.0217,0.924,123.088,53
4atLCK41iF1xFDydQ6WliG,PS5,salem ilese;TOMORROW X TOGETHER;Alan Walker,indie-pop,0.602,0.642,0.0131,5.33e-06,0.54,175.978,50
2ScU6iEvgb0TIuKiyem9rg,Proibida Pra Mim (Grazon) - Ao Vivo,Charlie Brown Jr.,alt-rock,0.345,0.976,0.000587,0.0507,0.818,181.121,48
1eqeDeOm0TsjS3j3vlSan2,(......棕髮少女)(feat. 小野麗莎),吳青峰;Lisa Ono,mandopop,0.534,0.592,0.0426,0.0385,0.202,88.012,40
7snQQk1zcKl8gZ92AnueZW,Sweet Child O' Mine,Guns N' Roses,hard-rock,0.446,0.952,0.0901,0.0857,0.624,125.303,79
0BmV8OlrvNbLbu9ZmIpdvg,Dream & Reality,Area 11,industrial,0.478,0.992,0.014,0.0,0.611,178.026,24
7eau3g0DSyHcrA7t673eCE,サードマン,Sayaka Yamamoto,j-idol,0.528,0.638,0.118,1.16e-05,0.224,93.036,22
2b75Q3C7hQcJ4XOA6Sb81N,Outras Freqüências - Ao Vivo,Engenheiros Do Hawaii,mpb,0.676,0.676,0.377,2.57e-05,0.253,93.09,41
106fpyAO4qjDIA1bcaXp6N,Kernkraft 400 (A Better Day),Topic;A7S,edm,0.623,0.727,0.184,2.02e-05,0.4,125.975,0
6DVjpD3z71kA7dAssucVIY,"ON MY BEAT - FROM ""GIGS"" CASE OF BOOWY",BOØWY,j-rock,0.204,0.992,0.0212,0.000389,0.233,151.338,34
7wBJfHzpfI3032CSD7CE2m,STARGAZING,Travis Scott,house,0.487,0.789,0.00947,4.05e-06,0.0564,150.007,75
3iPwSxaLCpFRNZmyLKbXjQ,Million Little Problems,The Walters,indie,0.609,0.525,0.0746,9.36e-05,0.476,107.981,0
0L7TjIdcVQaDlX3nQbMdQC,Voice of Wind (Movie Edit),RADWIMPS,emo,0.519,0.924,0.0288,0.0,0.883,119.969,43
4JfiZjxURRSroTqETjK2za,Svalbard,Julyan Brynn,guitar,0.676,0.175,0.972,0.855,0.141,84.685,41
7lOswwKheYUuvxmJsN2JV4,Dragon of Eden - Original Mix,Kevin de Vries,techno,0.702,0.678,0.000216,0.921,0.0328,125.016,43
6BWU3P2Q73XEicLPQTAgCN,Ya me Voy,Juan Falú,guitar,0.627,0.27,0.977,0.896,0.534,116.826,25
2Q3l3bQGRvx7seyvtOwYEM,快盗ルビイ(小泉今日子 & 大滝詠一デュエット・ヴァージョン),Kyoko Koizumi;大滝詠一,techno,0.529,0.622,0.438,7.72e-05,0.498,117.572,28
55RxX3NEDSrPiE4s1nxrdA,Jarak Dan Kita,Dhyo Haw,reggae,0.703,0.552,0.304,8.95e-06,0.658,116.025,45
5burXYqqO8z0GEnltThZKw,Geronimo's Cadillac,Modern Talking,synth-pop,0.691,0.785,0.428,0.0,0.722,110.376,59
3WJsbRrS5rE2FxBWe1Pkhq,Phosphor,Bölzer,black-metal,0.156,0.981,2.68e-05,0.534,0.0965,127.326,20
3v2u6vEUgHiFdQA4PsIpoE,Grayscale,Lamb of God,groove,0.421,0.991,0.000916,0.0298,0.413,175.023,51
6IBZDnSNOwQnHPD6cri3ME,Chain,Gene Karz;Lesia Karz,minimal-techno,0.684,0.959,0.0164,0.883,0.167,140.0,21
46fKTdEBlU0kDDfg8XouXk,Make You Feel My Love (Glee Cast Version),Glee Cast,club,0.373,0.12,0.978,0.00135,0.192,168.857,39
60vuYUz6MHkANmQG0iFqDq,Rakilithan,Sujatha,malay,0.353,0.459,0.453,0.0,0.316,159.958,21
5nCwjUUsmBuNZKn9Xu10Os,Celebrity,IU,k-pop,0.73,0.784,0.191,0.0,0.673,99.995,68
4fCzT5etBddT4Ua9F1CfXD,En la Barra,Joan Sebastian,r-n-b,0.559,0.318,0.72,9.5e-06,0.929,174.751,43
5Uh3R4qOKxusChZuDpzMoq,Snowman,Sia,dance,0.716,0.511,0.483,0.0,0.324,104.964,0
46eHxWRKmtYhUHPDRgclt6,Careless Whisper,Seether,grunge,0.469,0.943,6.07e-05,0.00547,0.358,134.031,65
26ddue2i7qw3ZDtnfSEuXx,Island,Ikson,swedish,0.662,0.609,0.18,0.0534,0.218,94.973,30
1LRnLcvfg4fC7Jt71OIFaB,Curiche,Newen Afrobeat,afrobeat,0.79,0.711,0.221,0.0693,0.861,110.063,20
1ncodDZqf5JkRcBM01tQ1v,NETTAIYA (熱帯夜) - Remastered 2022,Eikichi Yazawa,rockabilly,0.7,0.592,0.0289,0.00853,0.894,115.22,23
5wNpnKRUxbPoIpDXFZ5NkU,Sochta Houn,Nusrat Fateh Ali Khan;A1Melodymaster,folk,0.8,0.634,0.356,0.000605,0.46,100.001,59
4uPOZjjtf8hwD7uxArwVh4,"Trapped In the Drive-Thru (Parody of ""Trapped In The Closet"" by R. Kelly)","""Weird Al"" Yankovic",comedy,0.751,0.503,0.46,0.0,0.692,108.061,24
0WeHOnIMnwKEoS7DTPx1ho,Ousado Amor,Paulo Cesar Baruk,gospel,0.316,0.438,0.201,0.0,0.185,107.828,39
2ZdhylKMQC5uEMfo2MCwjF,Trakterna,Labyrint,dancehall,0.714,0.773,0.094,0.0,0.835,172.106,33
0iHvpSHYsp4tSrYlvgEh7l,Love,Greyboy;Nino Moschella,afrobeat,0.851,0.414,0.0498,0.00135,0.581,102.807,53
60SVKic93qC7WC7cdm3y4U,Aluga-Se,Raul Seixas,brazil,0.71,0.823,0.467,0.0,0.967,143.138,50
3hoJMemGymL4H7YJsWfxDh,Cold Cold Heart - The AFRS Shows,Hank Williams,honky-tonk,0.526,0.344,0.725,0.0,0.636,114.165,10
3UdSY1SgSF60lpYdMbmeXm,Seven,Von Von Bon,study,0.691,0.32,0.829,0.687,0.407,89.973,49
4Docia19HSKxQkmf3EiMDo,Christmas Lights,Coldplay,pop,0.315,0.418,0.131,0.000679,0.237,129.116,2
2Lb7W4SQkT2V9aCUYZeqb6,Pullen Park,"Sarah, the Illstrumentalist",study,0.711,0.528,0.00378,0.863,0.0863,107.976,32
2HbYLDA1SigY1ilC94ieVu,American Sports,Arctic Monkeys,garage,0.372,0.865,0.00169,0.00293,0.594,176.689,54
1z1XegUChLLQfcbtIK8ABn,Body Back (feat. Maia Wright),Gryffin;Maia Wright,edm,0.686,0.83,0.0948,1.33e-06,0.486,123.032,64
4x723mcckl6ToQHuXPhrIX,Toota Jo Kabhi Tara,Atif Aslam;Sumedha Karmahe,pop-film,0.443,0.674,0.424,3.15e-05,0.219,139.906,61
0rZFY2cnAlMSu7t9GegK9M,Nostradumbass,The Good The Bad and The Zugly,rock-n-roll,0.409,0.884,1.72e-05,0.0442,0.443,139.955,30
4KVMPQ5ei2LKBaeMmcOBBA,Piece of My Heart,Big Brother & The Holding Company;Janis Joplin,psych-rock,0.571,0.72,0.223,0.000329,0.566,80.277,27
0y3ISXx180Hs7MGMH2RUZN,Catalonia,Vance Joy,rock,0.399,0.801,0.32,0.0,0.696,199.792,2
53fLhYCMX5VHSVimHX0C7B,Morte da tossico,Cripple Bastards,grindcore,0.225,0.995,0.00269,0.00112,0.091,132.549,14
6hf0RpxTbOprT5nnwzkk8e,Qué Más Pues?,J Balvin;Maria Becerra,latino,0.891,0.819,0.0261,0.000354,0.768,101.968,76
1eDwCN3vM597Xzn0Yviu0T,Amémonos a Escondidas,Eyci and Cody,reggaeton,0.761,0.909,0.15,0.0,0.555,99.999,39
5ZKG94fnjiuMH5yrC5S9lS,One Dance,Drake;Wizkid;Kyla,hip-hop,0.788,0.605,0.00899,0.00275,0.427,103.94,66
0RojAyIouILEA6nxbZ5fNN,6 da Manhã - Ao Vivo,Sorriso Maroto,pagode,0.622,0.633,0.784,0.0,0.715,144.034,42
6Luz0Yuh9iqxaxW1BYU9Pe,No Me Arrepiento de Nada,Estela Nuñez,rock-n-roll,0.875,0.616,0.46,0.0,0.904,117.512,31
2oc453fwBG0zy4LWRW11Fb,PAL PARY,Kail BRL;NvshoFlight,reggaeton,0.931,0.868,0.303,0.0,0.965,95.96,39
7w7e9BHRU87XLwyZsXTn5J,Ayrilik,Düş Sokağı Sakinleri,j-rock,0.692,0.284,0.956,0.0332,0.264,103.895,35
4SCbD68sf3dBfaE2X8uDSP,Seven Nation Army,Gaullin;Julian Perretta,electronic,0.822,0.89,0.0382,0.00206,0.218,122.989,68
2mhD6IAZ7oGdRT8bzFI5tF,Backbreaker,FREAKY;Shaquille O'Neal,dub,0.416,0.963,0.0056,0.0011,0.0361,111.498,45
3dWXi0xNXqtBEjjbxwVbua,Primavera,Ludovico Einaudi;Robert Ziegler;Royal Philharmonic Orchestra,ambient,0.23,0.206,0.965,0.856,0.134,139.114,0
1DaHUMcaC22IWHG9ueTm9A,Dichotomy,Full Of Hell,grindcore,0.238,0.625,0.000708,0.924,0.0868,64.455,12
4PShfgy75bCYTWb6hNEMPe,Buniyaad,The Yellow Diary,indian,0.476,0.481,0.733,0.123,0.152,130.031,45
0j2BydmlwcMqffV08hFDyI,Rip X,iamjakehill,emo,0.67,0.366,0.415,0.0,0.649,63.116,65
44TkgjaEIM0yGe7QvzCgwi,少女には戻れない,Keyakizaka46,j-idol,0.557,0.792,0.155,0.0,0.88,93.048,24
6Vs53ujCYKgv2OHfFU0FrU,Tin Omen,Skinny Puppy,industrial,0.66,0.83,0.000879,0.0266,0.514,125.369,22
3Ddgh4ZwVIkLx0f4WeDFmo,sugar honey ice & tea,Bring Me The Horizon,metalcore,0.431,0.914,0.000243,0.0096,0.534,147.108,62
209DMKJgqiJwjvFCCEW3N6,die first - sped up version,Nessa Barrett,electro,0.604,0.671,0.117,0.0,0.38,110.343,68
2TnfIvH4ywjwcJiS049sdh,No Days Off,Julianno Sosa,latino,0.835,0.681,0.139,1.31e-06,0.195,106.054,42
3v9xlH6BpmRbqL7hgNJhfT,I Get Around (Mono),The Beach Boys,psych-rock,0.39,0.625,0.36,0.0,0.514,144.338,66
19xCyaXBkWUkzn4vNIOVzH,Perfume / Sem Perceber / Lugares,Samba De Dom,pagode,0.67,0.706,0.773,1.08e-06,0.829,165.995,47
4R9iIidJVTzOMpYXD8Yr2R,Fire,Inner City,detroit-techno,0.718,0.513,0.000635,0.306,0.515,124.889,5
77LGo7rrklGFB2kGaiqq0E,"The Tiki, Tiki, Tiki Room - From ""The Enchanted Tiki Room""",Richard M. Sherman;Robert B. Sherman,disney,0.649,0.448,0.812,0.0,0.923,89.856,23
2cTOee6bTauDFK1QuDS1BD,What Else Is There?,Röyksopp,trip-hop,0.704,0.927,0.185,0.108,0.342,114.995,58
67AylYLcfFigZDHcIg4xdo,Dos Cruces,Los Tecolines,guitar,0.728,0.463,0.842,0.000189,0.641,115.121,24
6mRBgY035bPtHXGen5XsYg,Satu Sisi,Burgerkill;Ahmad Dhani,death-metal,0.468,0.865,4.36e-05,0.0467,0.286,144.06,32
1SC5rEoYDGUK4NfG82494W,MONTERO (Call Me By Your Name),Lil Nas X,hip-hop,0.593,0.503,0.293,0.0,0.71,178.781,83
6r7uNQPj4LfNj70j21CJR2,Simple Kingdom - Live,Bryan & Katie Torwalt;Cody Carnes,world-music,0.266,0.318,0.265,0.0,0.219,190.389,24
3i0VfLdOUCks9DmAht65XI,The Best You Had,Nina Nesbitt,singer-songwriter,0.69,0.582,0.358,0.0,0.448,122.02,60
5H4cctAcxdH3pY88bsEktV,Azrael - Live,U.D.O.,heavy-metal,0.46,0.75,0.0254,7.22e-05,0.258,96.072,20
1u7uf9ZXgNd2P6h43dKlYT,Buscándote,Yamal and George;George Mayer;Yamal,reggaeton,0.876,0.621,0.0861,3.95e-06,0.733,91.99,38
1HTZHkdWeTTgzrBcsl4mur,"Cherupunjiri - From ""Maheshinte Prathikaaram""",Nikhil mathew;Bijibal,malay,0.594,0.273,0.858,0.0,0.254,80.028,48
52pOPJgFEd8QkjyKZ3rqe6,Não Sei Viver Sem Ter Você,CPM 22,emo,0.452,0.902,0.0011,0.0,0.605,97.223,34
5K09dIo3e7CUFsiHTM4tUp,Holla - VIP Mix,OnDaMiKe,breakbeat,0.725,0.974,0.0191,0.82,0.537,127.009,27
2l3gQ8Zv1KlGqyE6B4ntPC,Distance,OneRepublic,piano,0.611,0.766,0.112,7.13e-06,0.713,150.956,51
6m37YblnnlJ1x7DfTc3Vj0,Floor Seats (Text Back),Moxas,chill,0.74,0.453,0.656,8e-05,0.178,75.992,61
0TWIl5FZSQVuKtEwO2MPp8,Tek It (Sped Up) - Remix,Cafuné,indie,0.348,0.95,9.93e-05,9.68e-06,0.377,168.964,1
2vEdYRSw9j6sulr7cvZ8t7,否定した未来,Keyakizaka46,j-idol,0.692,0.796,0.184,2.62e-05,0.737,111.993,25
3A0ITFj6kbb9CggwtPe55f,Venom,Little Simz,alternative,0.436,0.655,0.425,0.0,0.523,139.712,64
60a0Rd6pjrkxjPbaKzXjfq,In the End,Linkin Park,alternative,0.556,0.864,0.00958,0.0,0.4,105.143,85
0nev2Tq1NaEnS7Ry3OYZQh,Ghost,Katy Perry,dance,0.55,0.624,0.0372,0.0,0.34,125.008,2
62GHlwr1hoj9l1UAMb4zbV,Pintura íntima,Kid Abelha,brazil,0.617,0.672,0.0855,0.000125,0.931,135.518,46
3z0pJZshc9J3SabF4iYjWZ,Velhas Fotos,Tequila Baby,brazil,0.603,0.817,1.52e-05,0.0115,0.795,125.033,43
5dQxHCVmt6PNqNsza6XI63,Me Enamoré En La Cola De Las Torillas,Los Estramboticos,ska,0.566,0.588,0.0171,5.57e-05,0.807,125.728,38
2xwP8GKfFoNJXVnnnER2Tp,Schwarze Natascha - Party-Remix XXL,Peter Wackel,party,0.756,0.965,0.192,0.0,0.969,130.036,26
01YIoxhuISTSBh8cOvhIbG,We Will Rock You - 2020 Remaster,Nickelback,grunge,0.58,0.903,0.0291,0.0,0.218,81.036,56
02tWxsxgRYdquJqB4eT8Rv,Shyama Meghame - Reprised Version,Sanah Moidutty,indian,0.748,0.57,0.487,0.00237,0.207,99.926,50
0OP07gLuFKLHyV2GhdzyMd,Leva Minha Timidez,Zezé Di Camargo & Luciano,sertanejo,0.621,0.53,0.102,0.0,0.768,119.044,44
5xmjWsbzanFZFnWsIfzNUQ,Bhula Dena - Lofi Mix,Coffeekids;Tragedy 999,indian,0.509,0.209,0.209,0.00234,0.0382,72.022,41
2M7L6ZcvqvLWexJzwKZRqC,La Bruja,Juan D'Arienzo,tango,0.701,0.375,0.97,0.00045,0.764,140.428,17
7fbZjEmoOFBu1HrhrRHLFc,Eu Não Ando Tão Bem Assim,Bia Marques,mpb,0.651,0.508,0.12,1.06e-06,0.558,79.886,43
2qxmye6gAegTMjLKEBoR3d,Let Me Down Slowly,Alec Benjamin,electro,0.652,0.557,0.74,0.0,0.483,150.073,85
1K7x1fONfIj7gwGVX6OrHR,Dieses andere Gefühl,Michelle,party,0.696,0.848,0.184,0.0,0.429,122.988,30
577MNC3o3L0lNIzx9abqOk,Thank You For Loving Me,Bon Jovi,metal,0.385,0.342,0.416,0.0,0.131,132.864,67
60GTOisUSdUksjMzq17XvO,Love Me Like I Am,for KING & COUNTRY,world-music,0.492,0.429,0.0368,0.000164,0.0981,159.746,53
1GQDiMcvhXlnz9G90n9q6h,Revival - Original Mix,Vermont (BR);Pondora,trance,0.518,0.866,0.0203,0.737,0.149,104.93,35
3b2d75RwH46FU8LSXmulOF,Remember You,Cr3on;Marcus;Gwendolyne,deep-house,0.645,0.674,0.0289,0.0223,0.35,124.032,46
5xAYqEHINZ6PXkLJlP0yk5,Chamego ou Xaveco,Banda Magníficos,forro,0.761,0.881,0.446,0.0,0.596,100.077,40
6epaiMkEa1UEdPylf3TsoO,Hatiku Senang,Maranatha! Kids,children,0.772,0.536,0.451,0.000224,0.92,60.492,29
06afPlVcnfVAjWnI6GuBtI,Bogotá Salsera,Guayacán Orquesta,salsa,0.815,0.595,0.269,0.000212,0.905,105.008,31
4R7cuj0TvkNxURIAKReRh9,Transito Lento,Andrés Calamaro,alt-rock,0.704,0.533,0.587,1.64e-05,0.695,94.056,0
1xvabzc77mLFpP7WpaDtmu,Candyman,Violet Soda,grunge,0.472,0.896,0.00169,0.0,0.746,135.947,28
2cKWZV0iHkZc5RzxpwszAM,Yes Yes Bedtime Song,CoComelon,children,0.921,0.23,0.715,0.0,0.903,100.002,52
6SR0dDuXH2vtgBfMLrivKV,One Love / People Get Ready - Medley,Bob Marley & The Wailers,reggae,0.67,0.516,0.0673,0.0,0.939,154.186,71
10ohUdSA7ZKCSeulKs1ciP,"Carmen, Act 1 Scene 5: L'Amour est un oiseau rebelle (Arr. for Countertenor & String Quartet by Eric Mouret)",Georges Bizet;Théophile Alexandre;Quatuor Zaïde,opera,0.362,0.0919,0.978,1.52e-06,0.371,86.732,20
1BKr79f62jo7IGwIQJchnx,Blanche Monnier,Eternal Griefs,iranian,0.383,0.875,4.36e-05,0.87,0.262,134.998,0
10nnCsc6unlme3bImINZV3,Aisi Deewangi,Alka Yagnik;Vinod Rathod,k-pop,0.444,0.755,0.512,7.71e-05,0.619,115.051,52
1u73lqyN5sXys0H6aQVRht,Чистые пруды,Igor Talkov,romance,0.355,0.353,0.303,0.000412,0.165,141.473,10
4KID9HaJFhbaTnZFV8X0JI,Maybe Little Baby,George Jones,honky-tonk,0.581,0.75,0.906,0.00166,0.845,96.184,20
4PwTeFfKqmR3XIeXXUBDOf,"Maiyya Mainu (From ""Jersey"")",Sachet-Parampara;Sachet Tandon,pop,0.63,0.739,0.194,0.0,0.224,109.985,78
3iV11AiIEDIOVjKy3kgjld,Becoming,Pantera,groove,0.578,0.896,0.00104,0.00513,0.576,129.843,56
38msGDKGlIRI4GOkaSk2wF,Ramenez la coupe à la maison,Vegedream,french,0.808,0.66,0.0358,0.0,0.804,107.994,2
0pW4iiqD5lr2c9FwDtmGCG,Que Mas Da,Ricardo Ceratto,rock-n-roll,0.792,0.435,0.531,0.0,0.963,100.197,40
2uXkW8uJcOIhlbUatEPLPs,Have Love Will Travel,The Sonics,garage,0.506,0.948,0.727,0.0,0.934,130.195,56
37NRNwqKLqtzMpVfBuhl0n,They Can't Take That Away From Me,Ella Fitzgerald;Louis Armstrong,blues,0.551,0.232,0.626,0.0,0.394,103.308,0
5mSV839zj5rWgD8iKYr2Vo,Pending Machine - LIVE,Official HIGE DANdism,anime,0.522,0.882,0.0425,0.0,0.633,103.972,22
1OAafkUy9nIhbFY4SDWRxH,Growing Pains,Michael Cera Palin,emo,0.631,0.891,0.0451,7.26e-06,0.402,105.066,31
4D8xgk4Cin0beAmJlTzohD,Stand By Me,Florence + The Machine,alternative,0.598,0.335,0.841,0.00016,0.245,107.988,3
1V8TQ7Uhauq1GdhctrMJf9,Spiritual Fire - Original Mix,Davide Sonar,hardstyle,0.537,0.74,0.00226,0.936,0.322,150.01,24
3RZMzCvYsmJ0u2ioKTOsmJ,Honky Tonk Women - Mono Version,The Rolling Stones,british,0.562,0.779,0.363,0.0292,0.967,119.602,59
5fOAqQede0xm3pocMD3X8u,Forever in My Mind,COY,french,0.802,0.486,0.222,0.721,0.159,107.005,61
2mSn4k4ZSTEYrMlXe2tMRq,Cash Out,Rarin;Darius King,sad,0.813,0.808,0.0651,0.0,0.496,95.023,45
79wKOav861jNgpLXkz5HLi,SEJODIOTO,KAROL G,reggae,0.822,0.736,0.157,0.000781,0.679,175.93,1
1fHjtMHTzBP2lPmuKmQl4F,Somewhere Only We Know,Keane,piano,0.453,0.655,0.0794,7.06e-06,0.366,172.01,0
24HOrMOXoDhw0s4uJVTmij,A Night Out,Tiger Movie,study,0.848,0.172,0.376,0.887,0.569,156.229,35
3NpJ7aW0QhdIRZRRz4cmxk,Ooh La La,Trampled by Turtles,bluegrass,0.45,0.484,0.669,0.0,0.514,138.633,28
7tUpvgMTJfB4OARD8gD6vg,Brand New Day,Living Room,jazz,0.794,0.733,0.00369,0.87,0.359,124.977,0
5I1rnFqgXYR7ydIcaPCZI1,In My Feelings,Mini Pop Kids,kids,0.79,0.673,0.0116,0.0,0.572,181.98,8
0Wc6cbF38a90b8wov9V63F,Like Strangers Do,AJ Mitchell,electro,0.633,0.242,0.515,0.0,0.694,98.219,69
3gY6tiCNsuVi6s8kPV6aQg,Nas Is Like,Nas,hardcore,0.634,0.845,0.00602,5.29e-06,0.929,94.0,67
1lYOu6AUCU7O5T8gl7aCCw,Come Back,Sarcastic Sounds,sad,0.665,0.204,0.52,0.168,0.346,76.052,45
2xZyd4VDrWOz2bHZRvt5Xu,Grand Blue,Shonan No Kaze,j-pop,0.648,0.951,0.00959,0.0,0.564,134.048,50
28cnXtME493VX9NOw9cIUh,Hurt,Johnny Cash,country,0.534,0.392,0.649,0.000227,0.163,90.379,74
6l1VsKiMyaUWElFrM1rsuu,Saansein,Prateek Kuhad,folk,0.693,0.518,0.653,0.531,0.374,128.041,54
7nHQMSRzvcv9nxp2TmIdtV,某夜後台,my little airport,cantopop,0.525,0.504,0.229,0.0333,0.555,80.002,45
3bToEljuzvsBFBd0smEDBx,Daydreamer,William Black;Amidy,dubstep,0.554,0.87,0.174,0.00124,0.159,149.933,36
3zEQlCnBhEYlFofoJRudnD,Am Zuckerwattenstand,Jörg Bausch,party,0.693,0.938,0.0584,0.000176,0.901,129.993,24
42XheQzhWfX8Sc6VXvm25G,抱きしめてアンセム,Team Syachihoko,j-idol,0.51,0.964,0.0109,7.81e-05,0.468,193.067,19
3XFhSbm8EdZD6Cjrm1dNJQ,Polaroid Picture,Frank Turner,acoustic,0.564,0.604,0.0287,4.74e-06,0.341,113.091,33
2lcfGO79t1PqcXc2Mbxyd5,One of Those Days (feat. Eric Clapton),Ozzy Osbourne;Eric Clapton,hard-rock,0.412,0.835,0.000434,0.457,0.313,81.958,64
6YLo5SejKIp8D8Ui0VVn57,Just A Heart,James Hand,honky-tonk,0.698,0.384,0.699,0.000233,0.656,106.829,14
4Im0speRB37D00RNeKpMk3,El Preso Número 9,Los Tres Caballeros,guitar,0.611,0.436,0.859,6.94e-06,0.573,123.499,30
7HMdbgEuBQHTcitMmhfmB9,É Tudo Sobre Você - Ao Vivo,MORADA,reggae,0.397,0.746,0.257,0.0,0.165,137.821,51
0GkeBYwG6SMswKyArNHH9N,Open Your Eyes,S.P.Y,drum-and-bass,0.447,0.944,0.00156,0.139,0.411,107.717,16
4y2QEmnp3DRgXjdbZfUs3X,Rihaee,Suzonn,indian,0.767,0.125,0.982,0.0,0.838,145.136,43
59Ib7akxdOoKgSQQTk5gHZ,Agg Paniyan Ch,Surinder Kaur,folk,0.652,0.664,0.0676,0.0,0.887,109.059,33
3Qz9U818hhJTrK169zY9NL,Cali Pachanguero,Grupo Niche,salsa,0.655,0.728,0.752,0.00188,0.966,96.385,0
6KAFBAzHVvBmp8zYhtrQvq,Neethan,MC Qiru;Nirujan;Vernon G Segaram,malay,0.646,0.379,0.0734,0.0,0.16,110.064,27
5FrsFlteBq3DuIoCv5fKAp,Yolla Yarim,Barış Manço,psych-rock,0.751,0.643,0.603,0.0,0.84,102.03,34
2SiL41C5cHNbMkH5jDdYYp,Vem Me Dengar,Rasta Chinela,forro,0.705,0.963,0.119,0.0,0.949,95.988,39
1hFuvB4jZ5vi79RmVCQlT5,Ya Pomnyu Valsa Zvuk Pryelyestniy (I Remember the Wonderful Sound of Waltz),Keto Dzhaparidze,romance,0.532,0.0543,0.981,0.0,0.129,111.882,0
4CgJCGujC2fsKwuUyBNlc5,Gimme Shelter,The Rolling Stones,british,0.634,0.63,0.447,0.0374,0.489,118.642,0
2UkHuOfxBPLliEKCVep30k,Mistletoe - Recorded at Electric Lady Studios NYC.,Chelsea Cutler,electro,0.579,0.33,0.739,0.0,0.298,79.885,0
2BSr4z0b0hPo6akG3IXwi0,Forget the Rules,Kyson,idm,0.298,0.187,0.871,0.83,0.106,126.192,0
2wDsZgFps34cgGMiYeeszB,Aise Kyun - Ghazal Version,Rekha Bhardwaj;Anurag Saikia;Raj Shekhar;Mismatched,pop-film,0.395,0.378,0.88,0.0879,0.286,152.204,60
4JHvqjJ8ntYh3XP89zJdej,La Negra,Ramon Dona-Dio;Sus Guitarras Mexicanas,guitar,0.506,0.102,0.912,0.924,0.598,105.899,20
6E7oFW7xTK6Ghucsq6tMUj,Emergency,Icona Pop,synth-pop,0.834,0.969,0.0558,0.000723,0.928,125.985,56
7yieArGOFIdoGJv1V8hDr2,"Ce matin-là - From ""L'uomo in più""",Air,trip-hop,0.21,0.445,0.726,0.51,0.164,102.089,52
1AkJ0KWEvJaziCj9XIdt1v,Cumbia da Simone,Manoel Cordeiro,afrobeat,0.721,0.777,0.504,0.85,0.782,114.014,18
1nufXiTCTTAeJfO9hLHvO8,Save Me Tonight,ARTY,progressive-house,0.55,0.899,0.0113,9.65e-05,0.408,125.85,58
4faxL6KhHe3puLaKGaJjql,One Little Christmas Tree,Stevie Wonder,funk,0.406,0.377,0.764,0.0,0.717,92.23,0
3JntO4crk6HGxKkqPrDZMu,Nights in White Satin,Joseph Sullinger,guitar,0.556,0.0709,0.965,0.908,0.263,74.44,24
7Jryb0dEqCliFaGVsDmxEs,Retrato,Flamman & Abraxas,hardcore,0.784,0.618,0.0034,0.926,0.18,108.357,34
1qwno7xb5mJe71xtMS6jl2,High Enough,K.Flay,electro,0.606,0.62,0.0301,0.0916,0.543,88.984,76
4dOJXVWJUBn3C0RH47bN3X,Sun Seeker,"Sarah, the Illstrumentalist",study,0.68,0.779,0.0926,0.517,0.762,121.006,19
4SatRTEgOoq5hWsSkGTt6P,I Just Called,NEIKED;Anne-Marie;Latto,house,0.626,0.849,0.0732,0.0,0.898,138.997,0
1GGPUkn7gZtsxoMdLqwHms,Toujours,Anne Vallayer,piano,0.457,0.155,0.969,0.953,0.494,137.284,48
78lA0dzTRBVztaaaanp0xv,Här och nu,Thorsten Flinck,swedish,0.614,0.682,0.0241,0.00151,0.822,104.005,35
2aSP07jHAlACdY9tphgkA8,Ain't No Grave (Sparse),Crooked Still;Aoife O'Donovan,bluegrass,0.67,0.145,0.935,1.29e-05,0.284,81.055,40
2sY2djYywKHbvT44vI2D57,Jugnoo,Ashwin Adwani,singer-songwriter,0.663,0.497,0.394,0.00026,0.336,115.436,33
7EKylE34yNJV97yIYgwwTl,I Ain't Worried,OneRepublic,piano,0.704,0.797,0.0826,0.000745,0.825,139.994,2
4QhauEdXYPp4blaqNeo12M,Mimimi - Mittwoch - Der Party Remix - Greenhorn Remix,Fäaschtbänkler;Greenhorn,party,0.774,0.806,0.243,0.0,0.665,128.022,28
06YVd30bpfbyLnfNp4Lsnf,Tum Chhupa Na Sakogi,Prashant Katheriya,pop,0.471,0.229,0.88,0.0228,0.641,80.99,67
7toIqSTfa9Phsmu2hKwTyx,Slippery Fish,Amy Liz,children,0.777,0.111,0.414,0.0,0.556,139.888,58
6EzC80O5pl3vPkh4bST7V5,Christmas Time Is Here - Vocal,Vince Guaraldi Trio,jazz,0.375,0.139,0.977,8.61e-06,0.0878,75.993,0
6J2iYZyg1msLFo37600hLs,Thunderbird,Whitefield Brothers,afrobeat,0.709,0.978,0.026,0.851,0.744,94.391,18
4dRb7kdtBVBFzSiCqsY7wP,Forget About You,Devin Kennedy,chill,0.627,0.525,0.892,0.000233,0.207,98.08,62
2xO8kCpctRw9ofqeL71NaT,Kill,Jimmy Eat World,power-pop,0.55,0.907,0.00437,0.0,0.512,127.068,23
2ivnsOi3RcEbskFvTS9zt3,Timelapse,Boris Brejcha,minimal-techno,0.819,0.606,0.000716,0.864,0.253,125.007,0
5dkwiG1BobrRzlumWc8LsC,Coffee Can Money (feat. RUNAGROUND),Borgeous;MORTEN;RUNAGROUND,progressive-house,0.641,0.71,0.0169,4.5e-05,0.59,90.019,43
3myYTXSc9Epsgdc2ehGAMp,Do It,K-Hand,detroit-techno,0.764,0.785,0.0098,0.224,0.468,124.028,9
5GGtoBwQtvoXRvfeKBToG1,Chama Por Mim,Pedro Gonçalves,disney,0.656,0.633,0.367,1.57e-06,0.473,139.899,19
4GK2HN2CyBq3cGDSbkqVqr,Idiot,Michelle;Matthias Reim,party,0.646,0.857,0.22,0.00152,0.71,136.038,27
7vPaMOFsH5Rlg9rGwVlkBV,Jamás Tendrás Mi Gloria,Plan 4,heavy-metal,0.32,0.986,7.1e-05,0.000222,0.414,175.822,24
7FDV5ELOJHCGLe52AnttEd,Angel,Shaggy;Rayvon,reggae,0.74,0.766,0.116,0.0,0.807,170.531,74
7kUBocchlTtTZVNplR9ZJI,Trip To Mars (Astronauts),Sub Zero Project,hardstyle,0.418,0.865,0.000647,0.000125,0.253,150.027,60
7g7Zqii3qccY5O8DNL8PFw,Jingle Bell Rock,The Platters,r-n-b,0.525,0.711,0.651,0.0,0.904,69.688,0
2isunnayB7fJUBhTLnbGYi,Get On,ANUQRAM,progressive-house,0.561,0.901,0.00189,0.906,0.144,124.011,35
30BsewEJZPxfuLNAlZPFje,"Read All About It, Pt. III",Emeli Sandé,soul,0.63,0.44,0.822,3.87e-06,0.343,98.082,68
5CQq6JyQ4MCI4Nspxdnz22,Pledge Allegiance To The Hag,Eric Church,country,0.588,0.644,0.0444,0.0,0.27,92.924,0
0PNKW23m5Qu4OJ9UjPZTuQ,The World Is Ending (No One Cares),Direct Hit!,power-pop,0.43,0.994,0.000384,0.000184,0.583,95.974,21
3tXRoB1oEESThX67OOVBvh,Rillumarei!,Viikate,heavy-metal,0.411,0.752,0.000123,0.0224,0.157,110.016,21
1tBdqGyiKOhbzhNbuizLQF,I Knew You,Pete Bernhard,honky-tonk,0.675,0.184,0.883,0.000852,0.336,92.083,13
2XO4ndxUTWvbD5OpWEcko7,Me Vas a Recordar,Servando & Florentino,salsa,0.595,0.372,0.121,0.0,0.347,145.988,29
44YADxNo3TdpkwEr5DvV2B,A Good Goodbye,Joanna Dong,mandopop,0.525,0.457,0.716,0.00141,0.308,82.184,47
3jq4I4Ab7npoDx22ka89T4,Cierra Tus Ojos,Doctora Juguetes;Felpita;Lambie;Hallie,disney,0.327,0.251,0.903,0.000275,0.446,202.984,25
232gT5IspcqSA7PwAqCCQh,Le temps des cathédrales,Alessandro Safina,opera,0.196,0.453,0.885,0.000794,0.202,75.155,19
5OSrMt5y9dExB2J5vMdTVk,Un Traguito,Lérica;Belinda,spanish,0.642,0.851,0.143,0.0,0.653,96.996,56
5IUtvfNvOyVYZUa6AJFrnP,Spicy (feat. Post Malone),Ty Dolla $ign;Post Malone,soul,0.782,0.51,0.143,0.0,0.118,99.993,74
34miSNKQ0xN7EG8zzzaFzI,You're Gonna Miss Me (2008 Remastered Original Mono LP Version),13th Floor Elevators,garage,0.428,0.923,0.0108,0.436,0.681,151.005,54
4mzP5mHkRvGxdhdGdAH7EJ,Give Me Your Forever,Zack Tabudlo,acoustic,0.627,0.363,0.279,0.0,0.301,99.905,74
6VpWcEEG7EIyDnyN9kvJOp,It Must Be Halloween,Andrew Gold,power-pop,0.507,0.472,0.652,0.0,0.527,117.053,0
61YcJKRn2y1si5jGc7LUIN,It Won't Always Be Like This,Inhaler,dub,0.518,0.895,0.000241,5.28e-05,0.278,127.965,55
7KW1AtQKFToSoF1kmyk2wE,snowflake (feat. Jaden & Sarcastic Sounds),Powfu;Jaden;Sarcastic Sounds,sad,0.419,0.408,0.95,0.0,0.502,62.829,64
5s0M5MAHdkOBTxMBCBOHFr,"Baby, It's Cold Outside - Remastered 2004",Dean Martin,jazz,0.499,0.304,0.81,0.0,0.521,129.321,0
26f5mnEGCvDAAJk05Bhi8K,You Better Be Burning,Trivax,iranian,0.227,0.986,4.32e-06,0.821,0.199,94.809,0
7537JfhvVpEqkrY2CIY7zu,好きだ,YOASOBI,j-pop,0.771,0.935,0.174,1.06e-06,0.86,120.032,67
0HTAIhTWy9RLhbSgnYUzfD,Solamente una Vez,José Carreras,opera,0.29,0.204,0.994,0.342,0.279,85.044,18
2oEiP9LTNw1xMc0AhpJfSL,Sofrendo Ao Quadrado - Ao Vivo Em Goiânia / 2019,Pedro Paulo & Alex,sertanejo,0.464,0.903,0.429,0.0,0.691,157.687,47
1AhblVSR0pkEYNdNk9KHJJ,Unfilial Son,Confess,iranian,0.46,0.894,1.6e-05,0.717,0.436,98.022,10
6Qe3oEUnOc3YkmDtvoFRLj,All Made Up,The Reflectors,power-pop,0.411,0.918,0.00822,6.68e-05,0.673,156.836,19
49vtjqhxPVKz7BK7IYjBru,Eternal Youth VIP,RŮDE,chill,0.454,0.611,0.00192,0.928,0.109,143.862,49
5uq3x8Pg8HAj8qNwPFOzfl,Light,Sleeping At Last,ambient,0.224,0.387,0.532,0.00548,0.0395,104.566,60
5cRPdqpWkaNmIbPi6wJDg2,Born For Greatness,Papa Roach,metal,0.525,0.85,0.0571,0.0,0.275,134.115,62
35WuqC0pMixNnnljOx1wjc,Let It Rain - Live,Jesus Culture;Chris Quilala,world-music,0.314,0.711,0.0283,4.85e-06,0.147,141.911,46
1ZjYhlyj6lSDEJQvLgngyV,Det här är min tid,Håkan Hellström,goth,0.53,0.561,0.705,0.0287,0.419,102.527,28
14GdA6cBcjBUjNNNBcA0ZK,Michael - Radio Edit,Roy Davis Jr.,chicago-house,0.778,0.701,0.00823,0.864,0.961,124.992,9
5k9o0bOuUm1xAbmJOMhjqR,Bola Outro,Sotam,brazil,0.819,0.449,0.652,2.04e-06,0.719,100.193,49
2zM1zEjv2JX1qTmSDeB8IL,Concrete Angel - Radio Edit,Gareth Emery;Christina Novelli,trance,0.63,0.892,0.0105,0.0069,0.557,130.012,54
20zlgRB6E9LroNBkSoFaUe,Ilasas,Plaid,idm,0.718,0.555,0.00773,0.731,0.969,163.22,13
5djymDPX9E9k6kHzEukIeS,Kazahi,Vermont (BR);Bandi,trance,0.338,0.891,0.000153,0.541,0.135,106.508,46
4SHKP9NefTNi8KWo9jBbnP,Billabong,Tony O'Connor,new-age,0.361,0.111,0.913,0.000424,0.119,79.633,25
5XPo15e5ICs6NvSMn44pTF,Malibu,Virginia To Vegas;NOTD,house,0.657,0.653,0.0568,0.000142,0.624,111.974,68
5Ofosg7jR8oQykf137uZ6k,Vine Cruzando el Mar,Ricardo Iorio,heavy-metal,0.313,0.955,0.00103,0.00726,0.368,104.29,20
50CggSymeHKf2oNETGw9Qh,Não Devo Nada,Onze:20,j-rock,0.638,0.729,0.00492,0.0,0.966,150.049,33
0qLzylCTgseaShZirfSti6,"6 Variations in G minor for Piano & Violin on ""Hélas, j'ai perdu mon amant"" K.360: Var. II",Wolfgang Amadeus Mozart;Arthur Grumiaux;Walter Klien,classical,0.336,0.0891,0.987,0.698,0.373,86.995,11
34MVKkHUp5gVtqP5bXXdMu,Караван,Oleg Pogudin,romance,0.345,0.0855,0.925,2.86e-05,0.0911,167.066,0
6QDq5BKqPSqsSRc6wiElIe,Nap Time,Bedtime Baby,sleep,0.472,0.114,0.992,0.936,0.177,130.472,37
1G7VT3YnG7u9QHDtnjP7G0,River's Still Running,High Valley,country,0.542,0.795,0.0251,0.0,0.476,85.951,0
6IOyREuOor8IVa0x0fvKfh,I Just Called,NEIKED;Anne-Marie;Latto,house,0.626,0.849,0.0732,0.0,0.898,138.997,0
2SoHnESLR60erIgFi8zFFi,Não Há Outro Lugar (feat. Alessandro Vilas Boas) - Ao Vivo,Central 3;Pevê Brito;Alessandro Vilas Boas,gospel,0.488,0.531,0.209,5.37e-05,0.22,141.023,42
7ATKVmfMqNxwfFxkx1VQAn,Raiva De Saudade,Kevi Jonny,forro,0.712,0.617,0.45,0.0,0.81,136.982,43
0SQbZHWkzlr5H6GqudaqVL,Ljug För Mig,Roffe Ruff;Hofmästarn,goth,0.807,0.607,0.246,0.0,0.944,94.277,22
7bl8qstk4K7d1wkbDmNnZL,420,Afroman;Yung Fate;DJLeach;Jake Strain,comedy,0.848,0.482,0.547,0.0022,0.783,120.008,45
0nWhWuaLLCcJS0D19np9Cb,Backseat Rider,Sara Kays,singer-songwriter,0.569,0.538,0.593,0.0,0.552,104.05,56
2c2MyN7J63YIjsmw1a2xPu,New Jack Hustler (Nino's Theme),ICE-T,hardcore,0.83,0.859,0.000956,0.0,0.653,109.319,0
4uC6QxhtsmHijo8DcCsYJe,Lover of Mine,Louyah,sad,0.633,0.424,0.736,0.00182,0.258,86.0,57
56r3ks5zd81BMGpfeWW0v3,Morning Factory / Choose Me - Mixed,Ron Trent;Chez Damier;Deetron;Steve Spacek,chicago-house,0.808,0.753,0.000498,0.153,0.353,124.3,10
1J7wMZrvCtWZlXBdMM25Ce,Strawberry Fields Forever,The Beatles,british,0.383,0.558,0.0303,3.98e-05,0.207,102.508,48
5TvrqyQnMUNfPtbcXOpZru,Bobby & Sulaiman,NJ,malay,0.81,0.627,0.1,0.0,0.905,85.034,33
2J3g4zwpM6wL9JWzcIDuDD,Species of the Pod,Drexciya,detroit-techno,0.794,0.609,9.12e-05,0.919,0.333,139.916,29
2BydLQAh7CUIFvSEqAMc4x,If You Want Me to Stay,Sly & The Family Stone,psych-rock,0.843,0.48,0.28,0.000782,0.762,101.993,67
28kat5VccKACzCXiQe25FK,Mi Persona Favorita,Alejandro Sanz;Camila Cabello,latin,0.581,0.659,0.538,0.0,0.577,155.945,0
09ezgACZuwWZt6CtQSSLRG,End of the Night,The Doors,psych-rock,0.41,0.218,0.902,0.000396,0.0755,72.081,50
4R5rg9XCEp7sX5jS6whkEa,Lo Que Ves,La Mississippi,blues,0.733,0.75,0.23,3.38e-06,0.701,128.044,37
6k0X05danQOXSBTVek5DU1,The Rumbling,SiM,j-rock,0.459,0.878,5.62e-05,0.000307,0.494,144.852,73
1GzgV0pRSUbenz25xWV2s8,Tauba (feat. Badshah),Payal Dev;Badshah,pop,0.727,0.56,0.462,0.0,0.684,86.993,68
6DMXjv5oc6qU9VhlHwWdAv,You Deserve It All,John Legend,soul,0.524,0.739,0.215,0.0,0.48,83.095,0
1wwKY8ICsV9wiCFMpdhPrr,Colder Heavens,Blanco White,british,0.224,0.547,0.773,0.00305,0.291,83.416,58
0U6rFNfrKdYd8IklLJpk1T,流星雨,F4,mandopop,0.554,0.414,0.142,0.0,0.177,136.045,38
1mCIgYhMPorNlMCqr1RNEM,A Marshmallow World,Brenda Lee,rockabilly,0.73,0.406,0.444,0.0,0.895,121.097,0
0RW1xWSPxmbXf012RN3yWl,This Is Amazing Grace,Phil Wickham,alt-rock,0.512,0.814,0.00419,0.0,0.277,97.996,65
4UHR07RtIxz53CmPtU1MjH,Poor Leno - Istanbul Forever Take,Röyksopp,trip-hop,0.504,0.888,1.26e-05,0.902,0.309,129.04,19
6dfAQwO6Pg9o5wrsUwG3Ip,Duckie Duckie,Mister Rhythm,kids,0.809,0.0612,0.967,0.0,0.771,95.938,26
5cjaDxaXyRlxGgGjRlte7m,Daydream In Blue,I Monster,trip-hop,0.547,0.508,0.0151,0.00116,0.382,153.822,53
0tQesiSZJQOdHeAC7r59us,원펀맨 Theme - Sad Theme,GODA,piano,0.542,0.337,0.985,0.933,0.443,159.951,37
0yYUFlFU2qxjz3YFVwC0FR,Michael in the Bathroom,George Salazar;Joe Iconis,show-tunes,0.644,0.105,0.928,0.0,0.491,110.89,21
2QWxX8oNv7vFL1yJpjgsOq,Mi Tierra,Warcry,spanish,0.184,0.667,0.000817,0.259,0.116,69.98,27
10l9RI8IHp1Z7b7dM3tMSv,Pushin P,Gunna;Future;Young Thug,hip-hop,0.773,0.422,0.00783,0.00693,0.488,77.502,0
0yx5NqfsUHUqkcPSyRiGa5,Sunny drop,Novelbright,j-pop,0.483,0.917,0.00146,0.0,0.568,100.06,1
3e2dvkOLVW1415ebR5cJ5v,"I'm a Raver, Baby",Scooter,happy,0.478,0.957,0.00901,0.0458,0.335,150.058,24
5zqObw7wjBgL9TDiAymxPn,Our Song,Anne-Marie;Niall Horan,house,0.595,0.759,0.141,0.0,0.515,80.953,69
5E0Rk6dIfej6CzPN8yuH7f,Kadınım,Levent Yüksel,j-pop,0.625,0.32,0.433,1.81e-05,0.305,101.865,40
0xTt4ZNGExjOuzHKVHr0zN,Desliga e Vem / Gamei / Gandaia (feat. Péricles & Chrigor) - Ao Vivo,Turma do Pagode;Péricles;Chrigor,pagode,0.332,0.745,0.729,0.0,0.793,80.024,54
0DzcFzEdZioULwgls86VSj,"Carnaval, Op. 9: No. 14, Reconnaissance (Live in Japan, 2022)",Robert Schumann;Pavel Nersessian,classical,0.409,0.0964,0.993,0.87,0.379,101.231,0
4YFymYyDfTeFtPcCmvxR7k,Psika,Dusty Kid,minimal-techno,0.811,0.348,0.0302,0.874,0.0382,123.992,34
1ydA4b3RCTHhsvGmn8v7fm,Bachata Rosa,Jorge Muñiz,rock-n-roll,0.777,0.387,0.814,3.71e-05,0.51,115.012,32
3znQDoykfwsv9mWo3he849,1992.,Omar S,detroit-techno,0.823,0.457,0.00301,0.882,0.459,123.067,6
4otjxyVALgzos9DnHMMg0c,No Mesmo Manto,Jovelina Perola Negra,samba,0.669,0.875,0.343,0.0001,0.915,105.873,37
38XmF28XW6a7g44JhZdsDT,Forward!,Anaal Nathrakh,black-metal,0.441,0.997,0.000562,0.019,0.0314,150.036,44
43djyGEvUsYRphVLkWk6kL,Hello,Izzy Vadim,dubstep,0.631,0.839,0.0431,0.758,0.318,144.607,36
4ltC6PrqkTtpcRNi5lvS4z,No Reply - Remastered 2009,The Beatles,british,0.718,0.593,0.67,0.0,0.869,124.251,54
1Cls464Epr7JDUxwyEbQEg,Amor No Te Guardo Rencor,Sonia Rivas,rock-n-roll,0.701,0.548,0.367,0.0,0.842,119.938,28
4ysOuRIGNFsItKyg37PCdl,Double Decker Dog,Kevin Bloody Wilson,comedy,0.694,0.409,0.507,0.0,0.617,136.241,21
3YxK4m96nKH7Vw3vX1B04p,Kanavellam,Dhilip Varman,malay,0.592,0.696,0.559,0.0,0.614,149.881,54
0Zdnb9FSYwh1lVdDuOJRrg,Woops,Binum,j-dance,0.736,0.8,0.0511,0.41,0.523,75.007,20
0laUPhh0p0BceQBPqwwck5,National Library,Alexandre Desplat,french,0.0938,0.151,0.917,0.959,0.038,79.952,14
1TuWr81XEnKF2oyKxeYHWf,Uiyi Guaye,Calle 13,afrobeat,0.734,0.783,0.0692,0.00323,0.767,183.918,22
6QtmvqyqMsEYYXkdxhYATK,Ain't Over You Yet,Flatland Cavalry,country,0.503,0.525,0.126,1.31e-06,0.208,137.916,48
3mNVXuLY3MHMRc8CMKLGuu,Son of Suffering,Matt Redman,world-music,0.49,0.565,0.0743,6.88e-06,0.271,142.047,50
7dHyEEppnmfZJjNaNZzhl6,See The Light - Studio,Hillsong Worship,world-music,0.595,0.836,0.00689,4.39e-06,0.441,116.0,48
7DypcsKIIfCp8dgfZgoD7c,Amelitango,Astor Piazzolla,tango,0.54,0.34,0.691,0.172,0.63,121.449,18
51E5LzhlwzrPSyE07df48k,The Christmas Song (Chestnuts Roasting On An Open Fire),Justin Bieber;Usher,pop,0.533,0.426,0.46,0.0,0.152,103.267,0
5z0QLEpkbUh00SevSuYxOh,Divine Moments of Truth,Shpongle,trance,0.449,0.704,0.0194,0.614,0.273,90.822,42
5WK6RdWMzy727y7S6SuuvV,El Loco - En Vivo,Babasónicos,electronic,0.737,0.54,0.0385,0.307,0.47,112.012,37
04VF6MKVTUh5IusNvNaYq7,Pooran,Electroqute,iranian,0.413,0.899,0.00434,3.94e-05,0.361,182.289,0
6MoYUUZCiaFHJTtJxn8Uxp,Pai - Live,Grupo Revelação,pagode,0.572,0.913,0.48,0.0,0.833,106.497,41
7ad7ylxNmPqxmS8SJYEUeJ,Peace - First Sessions Demo,Norah Jones,j-pop,0.46,0.0414,0.978,0.00035,0.056,80.349,0
4l9GmtSbgenAGPwiXKZvph,Jingle Bells,Tatiana,children,0.751,0.87,0.25,0.0,0.783,104.493,0
63z9Y6FwHp2D9vfTyBuR7I,Viralizou - Ao Vivo,Thaeme & Thiago,sertanejo,0.705,0.935,0.567,0.0,0.862,164.018,45
3Nf1KQH090C4FVrjOXrioq,Gives You Hell,The All-American Rejects,punk-rock,0.725,0.675,0.0165,0.0,0.595,99.979,1
0urAdcTNGNqUwFsiIEMA9C,Blue Christmas,Brenda Lee,rockabilly,0.467,0.207,0.836,1.05e-06,0.247,90.02,0
238gnNF6BNdECfytAVEuM1,The Ansaphone,Jonny L,drum-and-bass,0.624,0.876,0.00955,0.818,0.322,149.982,15
031UpfMz8ezzJSB39T07f0,The Girl From Ipanema - Single Version,Stan Getz;João Gilberto;Astrud Gilberto;Antônio Carlos Jobim,jazz,0.695,0.178,0.875,0.000196,0.486,130.415,39
6KBEi0APTBDw4xY0pHdFxl,Wishful Drinking,Ingrid Andress;Sam Hunt,country,0.678,0.528,0.289,0.0,0.614,79.018,0
1TWDoN2SuVuUZk1OBByZzE,Cambalache,Julio Sosa,tango,0.636,0.659,0.659,0.0,0.89,121.34,19
2rka3Vd8JhoTd8M2xrvdQH,Nothing Era,Alphaxone,iranian,0.0617,0.464,0.779,0.973,0.0373,67.281,7
6QLKiicKZXwzaCtUWS1SI3,Para Sempre,Novo Som,groove,0.625,0.399,0.423,0.0,0.388,130.298,25
2vzMWO0T008m86yDnXwkII,Blame It on Me,George Ezra,singer-songwriter,0.537,0.757,0.473,0.0,0.421,103.882,68
5dTg6siS27l7o2ZYWdkFoq,God Is Able,Hillsong Worship;Reuben Morgan,world-music,0.34,0.81,0.0165,6.92e-06,0.104,157.972,42
4MWFv1DJVvQzEh949d9GfZ,"I Was Once, Possibly, Maybe , Perhaps A Cowboy King - Demo",Asking Alexandria,metalcore,0.363,0.931,6.57e-05,8.38e-05,0.199,124.9,24
1x1e7T0TFQP9tv4OJaj5qf,More Hearts Than Mine,Ingrid Andress,country,0.375,0.428,0.109,0.0,0.361,78.516,0
5LEXecCiCViwcdJvDMoWZR,Precis som Romeo,Håkan Hellström,goth,0.342,0.77,0.0585,1.46e-05,0.411,89.553,29
6b3pQUwEfy9yOaPtrP9vXS,Symphony in D Major K. 135: 3. Molto allegro,Wolfgang Amadeus Mozart;Academy of Ancient Music;Christopher Hogwood,classical,0.436,0.362,0.907,0.864,0.709,142.696,10
4ptBcM7E0pG49gJ364TUBx,The Pirate Song (When I Was One),Top of the Bus,kids,0.599,0.913,0.232,0.0,0.968,145.13,9
2EVZJ77JRXgrt8Mvt3jRa5,Rigoletto - Pari Siamo!,Piero Cappuccilli,opera,0.439,0.133,0.994,0.0129,0.0711,89.6,19
6O3FZGHypfvAJNsY12MPAJ,Kimseye Etmem Şikayet,Müzeyyen Senar,j-rock,0.257,0.422,0.948,0.00821,0.334,96.078,41
45SW4gTA0jvwLWfL3lLKy2,Na Hora H,Bonde do Forró,forro,0.591,0.868,0.465,0.0,0.833,91.055,40
7lJtRbSmuXwzoeFbtrYHzr,Can't Relate,Omah Lay,dancehall,0.642,0.479,0.295,2.89e-05,0.398,101.825,46
5xo1Gj4WTssjQgQ0w03cf2,Jackie And Wilson,Hozier,singer-songwriter,0.566,0.712,0.0687,1.3e-05,0.753,82.193,60
637zt19BccA8sBpb4taT7Y,Prisoner,Moliy;P.Priime,alternative,0.581,0.52,0.209,0.148,0.603,186.504,7
6vWZ3AWJZSU4GImoBJFcon,Free,Kideko,deep-house,0.674,0.9,0.00617,0.516,0.77,126.01,5
3i4ssEZfLO3bgaB6hnj3tp,Baixinha - Ao Vivo,Matheus & Kauan,sertanejo,0.74,0.545,0.656,0.0,0.829,103.982,45
6fhpTq4Kgq2WPtRHStiS4a,Un Año Más (En Vivo),Ana Torroja;90´s Pop Tour;Sentidos Opuestos;Lynda;Benny;Kabah;JNS;Erik Rubin;Magneto,spanish,0.548,0.834,0.023,0.000441,0.476,96.992,30
0RIuAkPZlstLtckTla1i9c,"Frecuencia Álmica, Pt. 11",Lucas Cervetti,world-music,0.285,0.21,0.934,0.0601,0.105,70.582,25
1nYuroLdp35I01UFOvQABT,Be Yourself,Morcheeba,trip-hop,0.768,0.74,0.101,0.0103,0.893,110.053,52
0VmcSr1nhFldapVD7A7atA,Maybe You're the Problem,Ava Max,dance,0.53,0.835,0.0453,0.0,0.471,166.02,0
3vPUCrcr6J25qlFOCPjZWS,Kallt regn som faller,Lars Winnerbäck,swedish,0.439,0.689,0.0524,0.0,0.641,134.182,38
5QofAKRR2TupPuoBkm81EO,Wot,The Black Dog,idm,0.507,0.633,0.0142,0.355,0.46,99.066,16
6S2UlwxfsDpR5yqKaVASMv,Últimos Días,Zoé,alt-rock,0.45,0.92,0.00117,0.123,0.438,145.608,44
4atXnrsTrNuKSi7DMU5wdY,True Rebel,Nitrogenetics,happy,0.539,0.985,0.00857,0.12,0.127,162.065,18
4uVz63luo9MJ4aFSLuW9sz,Right in Front of Your Eyes,Amy Spanger;Matthew Saldívar,show-tunes,0.598,0.598,0.135,7.27e-05,0.82,145.664,27
2O3l4X1yTua8oMMCtazkyo,The Happiest Days of Our Lives,Pink Floyd,psych-rock,0.74,0.231,0.551,0.747,0.546,103.994,59
2WeH8E3AcxhxJ6JzVfAPNm,006 B2,ONYVAA,detroit-techno,0.66,0.698,0.00711,0.885,0.0984,129.016,9
1wPZSxai0IQWb3eB0iabbH,Holy Shit,Owl Vision,club,0.638,0.915,0.00031,0.754,0.132,109.01,44
0sf1u8LA2LOpKMJtlatP6g,Dear Brother,Hank Williams;Drifting Cowboys,honky-tonk,0.512,0.357,0.887,0.0,0.297,110.88,14
0K9Xk9AKGtvjXn063Ok6Eg,Riot In Cell Block Number Nine,Wanda Jackson,rockabilly,0.565,0.707,0.753,0.000185,0.75,127.476,25
0puCOCSanni13tgXPVq192,Ode To My Family,The Cranberries,rock,0.365,0.517,0.0622,0.0,0.0777,93.862,1
1bkixKBIn6QVOMUPgwm2QF,Your Girlfriend's Head,Zombina & The Skeletones,goth,0.333,0.899,2.03e-05,0.000268,0.641,102.34,21
66StBiNf3hpDuwsm1UtyLx,Bugatti,Serge Legran,groove,0.776,0.811,0.349,0.346,0.408,110.093,42
3U4FsGcEbM7eOk8kvIIwVY,The Christmas Song (Merry Christmas To You),Nat King Cole,jazz,0.32,0.21,0.92,8.01e-05,0.208,73.196,0
0y5ZLV36KZq52ZGfkEgkcA,Akiliz - Remix,DJ Noiz;Bina Butta,dub,0.857,0.491,0.182,0.0,0.43,103.993,43
2RxVyU62OqPMIzvSJruNyL,Romance Anónimo,Narciso Yepes,guitar,0.521,0.226,0.99,0.844,0.263,106.783,43
2QuOheWJqShIBIYC1ZCcFu,The Right Time - Remaster 2005,Hoodoo Gurus,power-pop,0.412,0.998,0.00162,0.00158,0.31,165.509,32
1jJMmAIjtQCJKIVeUeHEVH,Mi Castillo de Blanca Arena Con Vista al Mar - Gary González,31 Minutos,ska,0.555,0.776,0.776,0.0127,0.723,135.088,38
4QYV42XR08VCKSkBOjnlUe,If Everyone Cared,Nickelback,grunge,0.519,0.85,0.000246,0.014,0.211,132.022,55
7doebiokA0utWXWcw7rD82,Baarishon Mein,Darshan Raval,pop,0.352,0.34,0.898,3.3e-06,0.314,179.865,69
0pU3BtslOPzQIhwgdZMd8O,Lay It On Me Baby,Nick Lowe,power-pop,0.592,0.597,0.163,2.78e-05,0.844,119.363,21
0bTLGlCqwZXwJGWGE2Dywg,Drain You,Nirvana,grunge,0.325,0.929,0.000129,2.22e-06,0.198,133.358,61
1vCZDcHV3VaL14O01iUQVQ,UNHALLØWED,Machine Head,groove,0.511,0.978,0.000185,0.000893,0.233,115.046,56
3IuTraprrDiCiGJ7tiGpGu,My Hope Is in You,Aaron Shust,world-music,0.434,0.873,0.0234,0.0,0.365,150.077,48
2cMPBRVDmZL48phGwYWXPE,Лирика,Sektor Gaza,punk-rock,0.539,0.478,0.0661,3.11e-06,0.386,149.108,51
1ygF2oxp5bjMQctM7c3kxS,colors of a night,Antennaah,study,0.788,0.432,0.387,0.734,0.349,123.913,45
5ER73exV0Vqu56UxMe8PGt,Escalate - HAAi Remix,Ben Böhmer;JONAH;HAAi,house,0.529,0.974,0.000421,0.947,0.535,135.0,2
1QJsh2kVaZRW765ydUKMhN,Must Be Love (feat. Celina Sharma),Blinkie;Celina Sharma,groove,0.617,0.821,0.00537,0.0211,0.591,125.943,41
6fkjiRiUOO5UTUC5hPwqcB,Roots Dance,Chimarruts,brazil,0.828,0.778,0.13,3.82e-05,0.888,79.531,43
1RtDOgXYOrME0SIl4vjUi6,Say More,Moonbootica,minimal-techno,0.8,0.841,6.71e-05,0.564,0.763,124.003,32
1kUyRmkOjUZYkmxB1CC801,Twinkle Twinkle Little Star (Lullaby),Listener Kids,children,0.602,0.0675,0.983,0.677,0.137,70.015,39
37Ex1AZEE0TEZ1K12eUk5G,Give U Love,Ransom,hardstyle,0.463,0.907,0.00291,0.000943,0.118,152.033,25
1aC5yJ8CQPAvIDMiAf2kfF,Eskidendi O,Kamuran Akkor,psych-rock,0.379,0.599,0.488,2.1e-05,0.459,155.163,29
5klQNwm8fCDGGBJwESWFT5,Could This Be Real (Extended Mix),Sub Focus,drum-and-bass,0.705,0.793,0.00336,0.205,0.539,125.01,17
50CumCDAfvKZj9T1qqTWPH,Beto Lava Platos,No Tiene La Vaca,ska,0.516,0.921,0.0758,0.000906,0.879,169.635,35
725QAOexNLmGZiFMN7U8pF,Dumb,Nirvana,grunge,0.69,0.542,0.567,0.000779,0.673,109.449,58
7hn8Q8WAxFdL4aZ159GI7C,A Thousand Years (feat. Steve Kazee) - Pt. 2; The Twilight Saga: Breaking Dawn Soundtrack,Christina Perri;Steve Kazee,rock,0.272,0.281,0.618,0.0,0.152,138.856,65
3tZXR1QTZihYHLIdByiNh3,Box in a Heart (with renforshort),The Maine;renforshort,punk-rock,0.594,0.468,0.168,0.00113,0.299,94.14,59
5aHZnvy8EqhViyoJo971Wy,Amen,for KING & COUNTRY,world-music,0.64,0.469,0.00758,0.000453,0.305,90.001,55
3hF9qaRKobDwHSMoOkQPWi,Can U Dig It?,Pop Will Eat Itself,industrial,0.654,0.82,0.0012,2.07e-06,0.671,129.007,24
35abva2BFuFolO8sXCRHaX,No Difference,Everything But The Girl,trip-hop,0.497,0.839,0.05,0.000284,0.517,180.056,18
4AHe46XPJyR6wt4jngb75M,Old Heart Falls,Katatonia,goth,0.285,0.533,0.00495,0.0364,0.197,140.069,45
07FrAYhbINYe2oLnpLAtjm,Sandunguera - Por Encima del Nivel (En Directo) - Remasterizado,Juan Formell;Los Van Van,salsa,0.51,0.776,0.508,0.00106,0.894,93.282,28
7mjSHL2Eb0kAwiKbvNNyD9,Wild World,Yusuf / Cat Stevens,british,0.48,0.542,0.345,0.000609,0.567,152.853,77
2BEcap3xJtmiPaHKyfQi4e,Nostálgico,Rvssian;Rauw Alejandro;Chris Brown,latin,0.734,0.846,0.166,1.74e-06,0.604,98.026,80
6u2DMKOq3A57msjbMPjZhF,Little Things,ABBA,swedish,0.647,0.165,0.894,0.00187,0.59,75.978,0
63vwFiYW1mkStNOmTVOlMS,"Che Papusa, Oí!... (with Orquesta Tipica Porteña)",Roberto Goyeneche;Orquesta Típica Porteña,tango,0.504,0.524,0.821,4.24e-06,0.764,111.388,17
2AQrJrVe2pIBZ1S3aGESEx,Wornout,Traitors,death-metal,0.49,0.981,4.25e-05,0.732,0.242,130.027,22
6CDMcrebvE7J0fEzgyQYJy,Creepy Smile,Keith Alberstadt,comedy,0.524,0.756,0.82,2.92e-06,0.383,89.874,21
7pjj6hVH1uh9Mf6rQ6QO0O,En Kungens Man,Hjalle & Heavy,punk,0.547,0.898,0.049,0.0,0.647,95.612,38
4OYhOYnrwWDNlOByAdPAHM,Warrior's Dance,The Prodigy,breakbeat,0.579,0.989,0.0128,0.794,0.0759,137.015,52
3NcOlyaj8fEPbVfvNOKeaD,Two Dots,Lusine,idm,0.709,0.661,0.608,0.711,0.608,119.984,43
0pp7ZaS8BM0t3iB3DzioJ0,Bad Ass Bitches,Wiz Khalifa,dance,0.904,0.601,0.0305,0.0,0.761,87.037,0
0wLyfz8brTiQayMxdStnx4,Elokuutio,Stam1na,heavy-metal,0.47,0.993,9.51e-06,0.0255,0.253,134.964,25
5GorCbAP4aL0EJ16frG2hd,Boulevard of Broken Dreams,Green Day,punk,0.496,0.682,0.00552,2.94e-05,0.474,167.06,77
3BgDOvuTSCBzAMexFcI5rg,Do Mato pro Mundo,Luan Pereira,sertanejo,0.477,0.857,0.559,2.91e-06,0.558,158.016,55
1IOKIOnUJnnjZSutpirvIl,Jamaica Jamaica,Busy Signal,j-dance,0.714,0.803,0.103,0.0,0.859,168.04,46
5le94AmYDEMG15R5iRfgxJ,Ala Delta,Divididos,alt-rock,0.555,0.622,0.00208,0.162,0.734,156.415,0
1P0ooWu6ITsbPpJ7B51bYq,I Do,boom boom kid,punk-rock,0.383,0.599,0.197,0.0,0.419,163.172,38
6Qn5zhYkTa37e91HC1D7lb,Whatever It Takes,Imagine Dragons,rock,0.672,0.655,0.0362,0.0,0.556,134.945,81
063WxqGkf9CzQ4Ug4hipaR,Lighters Up,Lil' Kim,alternative,0.624,0.764,0.00494,0.0,0.719,91.73,0
3trM3reRxzmof5cEwnzBH5,Crucifícame,Anabantha,goth,0.542,0.818,0.0594,0.0779,0.34,124.94,25
3wri5yUnp1PiXn7Cecom8C,Dusty Cabinets,Theo Parrish,detroit-techno,0.562,0.463,0.00103,0.952,0.219,116.765,6
34fAFal5MCnRHnEZoV9OJa,Press It Up,Chronic Law,dancehall,0.685,0.695,0.152,0.0,0.791,105.561,27
1qybLossSiYbT9eNh9QHzu,TO THE MOON (Drill Remix),creamy;untrusted;11:11 Music Group,sad,0.671,0.454,0.332,0.00486,0.57,143.645,39
2eLA6GJ3yhP49zZEXbBXdw,Brand New Love [WANDS 第 5 期 ver.],WANDS,anime,0.61,0.854,0.0106,0.0,0.578,112.012,32
2hQykQxAGtmbMBvAN7T4Z0,Folha De Bananeira,Armandinho,brazil,0.834,0.562,0.0982,0.0,0.953,129.086,44
0PdM2a6oIjqepoEfcJo0RO,Pour Some Sugar On Me - Remastered 2017,Def Leppard,hard-rock,0.267,0.953,0.00211,0.0,0.568,84.989,74
43brQXHf3umpF5I7FZRuig,About Damn Time,Lizzo,hip-hop,0.836,0.743,0.0995,0.0,0.722,108.966,0
7aJullbEquStpAgjgjw3IF,"Stand Up, Sit Down",Patty Shukla,kids,0.607,0.657,0.0723,0.083,0.964,106.001,44
6AGOKlMZWLCaEJGnaROtF9,Put Your Records On,Ritt Momney,indie-pop,0.399,0.491,0.0563,0.00089,0.151,91.066,77
6F8GSWUO4zMJYwZFxqg25m,"Frecuencia Álmica, Pt. 10",Lucas Cervetti,world-music,0.445,0.168,0.962,0.679,0.0951,132.089,23
3yWa4RnK34hCiK6RkHe6Q1,Corazoncito tirano,Cuco Sánchez,guitar,0.468,0.222,0.888,0.0,0.673,82.328,26
1rg9XExYRDpEPn2cDqwz6A,Pelangi Baruku,Dhyo Haw,reggae,0.529,0.64,0.398,0.103,0.521,137.031,46
5imMVggvBrWxJ4hnLexkhd,Qué Mal Amada Estás,Gualberto Castro,rock-n-roll,0.36,0.494,0.669,0.0,0.516,168.455,30
4p7na6NSU0F7lMOhx9kg9k,Material Girl,Kris Bowers,jazz,0.588,0.155,0.633,0.694,0.404,136.482,59
7JBQPFOBszYYGk4lUIfmfA,На луне,PHARAOH,emo,0.733,0.427,0.0812,9.46e-05,0.451,149.974,53
1cdbkpZ3q1KYZDNSrOpdkb,Ice Cream (with Selena Gomez),BLACKPINK;Selena Gomez,k-pop,0.791,0.733,0.0305,0.000169,0.913,159.974,70
3EzZBU7SHFfQZ8DGKX5PUO,There Will Be Blood,Kim Petras,dance,0.563,0.879,0.00125,1.76e-05,0.602,107.013,4
73EFmhx2tU7sN9YvnegEj0,Don't Look Down,Trampled by Turtles,bluegrass,0.514,0.749,0.501,0.947,0.756,132.218,22
6F9ut42DdA4jl6wQm0q47H,Target,Tommy Lee Sparta,j-dance,0.739,0.878,0.29,0.0,0.665,112.041,18
2iv6WW9vINyoRV8UTemp0n,Good Time,Owl City;Carly Rae Jepsen,indie-pop,0.569,0.899,0.0304,3.86e-06,0.625,126.054,0
52y30MrhmdXnF0VaxJPLNz,This Girl - Kungs Vs. Cookin' On 3 Burners,Kungs;Cookin' On 3 Burners,house,0.792,0.703,0.0874,0.000129,0.472,121.975,0
3wf8esPMWHNYuWoiCPgKHt,I'll Be Home For Christmas - From The Kacey Musgraves Christmas Show,Kacey Musgraves;Lana Del Rey,country,0.469,0.183,0.829,0.0,0.381,139.592,0
2mHD1X70ZkFXzVcyUbC4up,Bellatrix,Steve Dekay,trance,0.501,0.936,0.00102,0.875,0.247,138.016,44
50GVOG4eAa2MUP5YWgBZv3,Ut med allt,Björn Holmgren,swedish,0.606,0.591,0.106,0.0,0.427,128.097,0
4RBuB7D4zW3dy6ZvuQgN7c,Skagerrak,Jacob David;Arvid Holst,piano,0.301,0.0248,0.979,0.907,0.0831,96.67,62
6qM2C6CqPN4dtxSQVQy0gc,Cathy,Surf Curse,punk,0.543,0.694,0.00107,0.0982,0.632,130.262,46
2iH1dTkVI0pdFMSfLd4MaW,Vapo Vapo (Remix),MC Ingryd;Mandragora,funk,0.789,0.886,0.00117,0.000805,0.0393,149.966,60
5qA35ZZWFOqynheP5x8rty,Around - Solomun Vox,Noir;Hayze;Solomun,techno,0.867,0.345,0.0212,0.666,0.259,115.0,58
01R8E80wecrjrq6iwrdZx3,Coração De Rua - Ao Vivo,Henrique & Juliano,sertanejo,0.56,0.799,0.362,0.0,0.661,174.005,60
51FpWWh2vjCpZ1vRa18Dk6,Aponte,Maria Bethânia,samba,0.496,0.369,0.232,0.000159,0.213,125.662,37
44hEYBddwf9u0t14i9BHia,Seu Perfil - Ao Vivo,Henrique & Juliano,sertanejo,0.648,0.755,0.564,0.0,0.778,105.658,54
2b9sTGqIWVTFVu7AUMQn7h,Kool Kids,Kids Rap Radio,kids,0.814,0.75,0.104,0.0,0.48,146.058,9
7cn8UphRWOPeGn4hxMvY0X,Invisible Love,Los Amigos Invisibles,afrobeat,0.731,0.747,0.0136,0.0301,0.962,125.98,29
7cWv5h1KQjBnhhZ3Voljx8,¿Dónde Están Corazón?,Coti;Enrique Iglesias,spanish,0.659,0.506,0.602,1.57e-05,0.721,83.97,27
1OLv5MkZEkrQqEmNJOxgGY,You Can't Stop It,Skindred,industrial,0.556,0.956,0.000827,0.000136,0.464,94.029,23
4ckh5VN2HYQ8TzS51Nh7ol,俏郎君,Hins Cheung,cantopop,0.611,0.411,0.633,0.0,0.391,123.728,57
0cJTjTH3XVTTJh8F4Uq1db,Waqt Ki Baatein,Dream Note,indian,0.556,0.202,0.915,0.0381,0.2,145.017,70
5Kelvlf6aU6is8muBjaZ4S,Better Days,Hedley,punk-rock,0.355,0.728,0.368,0.0,0.646,93.203,52
1MF0kjpj7JXaZUKlK5Nw9y,Decaying,Capitalist Casualties,grindcore,0.294,0.847,4.9e-06,0.901,0.921,99.527,20
2kx5sQgmjYug0GiDh1a4sU,"Living Life, In The Night",Cheriimoya;Sierra Kidd,sad,0.624,0.499,0.82,0.0,0.298,143.249,83
4wxm46qMm1P7JH1ivm1BQ2,Ambiramus,Eluveitie,death-metal,0.434,0.908,0.00791,0.0,0.461,126.331,52
4JLQxXAf8gyZoOpVbcLs0H,Take It Easy - Eli Escobar Remix,Gershon Jackson;Eli Escobar,chicago-house,0.785,0.906,1.78e-05,0.733,0.515,123.974,5
451zZpz3lMOSIzaqcqjTj8,Algo Tonto (Something Stupid),Cesar Costa;Eli Guerra,rock-n-roll,0.63,0.492,0.452,0.0,0.496,106.973,34
0kYMwaQWABTkFff8AZjmYI,Hayloft II,Mother Mother,indie,0.326,0.866,0.0044,7.37e-06,0.172,178.181,78
0pKxnYBfKR4v3sH6tEusNn,Heute Nacht für immer - Partymix,Maite Kelly,german,0.729,0.978,0.0677,0.0,0.952,125.986,0
5Z34NH1AsA3xPL5OsDTfOa,Part of the Process,Morcheeba,trip-hop,0.616,0.525,0.173,0.0125,0.402,155.954,51
71ntIc5obhKGFeLWTrdQ1L,Autonomous,ALEX,club,0.645,0.993,0.0338,0.874,0.599,109.983,17
2GYHyAoLWpkxLVa4oYTVko,Alors on danse - Radio Edit,Stromae,house,0.791,0.59,0.0994,0.00203,0.714,119.951,78
17neROWsvsALyjxRZyC7CK,Sleepwalker,Smartface,study,0.727,0.365,0.72,0.901,0.54,173.917,2
5bulpXWEmHEvIkWjSP1WwJ,"Strange Things - From ""Toy Story"" / Japanese Version",Diamond Yukai,disney,0.526,0.509,0.102,9.07e-05,0.673,135.505,31
627Fx7V0wH8jbmzBAWvdP1,Brawling,Nervz,j-dance,0.643,0.485,0.0609,0.0,0.115,98.96,22
3VUJKtY0YKkeUGHBHzuxTW,Down To The River To Pray,Celtic Thunder,opera,0.635,0.371,0.802,0.0,0.52,136.021,24
4L3gudFA7H9VA89ryy6UKd,Good Good,BadKidMacei,kids,0.744,0.719,0.284,0.0,0.592,89.967,20
1ChulFMnwxoD74Me8eX2TU,You Spin Me Round (Like a Record),Dead Or Alive,synth-pop,0.554,0.963,0.000244,0.0702,0.918,128.175,76
4GanJ5X4LQSXbTAQpbNIvQ,Rör mig sådär - Radio Edit,Odd Vibez,dancehall,0.602,0.589,0.18,0.0,0.722,168.02,26
3wLtdAGqJ34asPPgOAvc7e,Aquí Estoy,Los Rude Boys,ska,0.641,0.801,0.000396,8.51e-05,0.875,82.492,35
4RoblsWbf7A2wj2x91N9lb,Shenpa Indicator Light!!!,Fire-Toolz,club,0.357,0.882,0.00267,0.626,0.291,114.43,15
6ULjJomtdRstnT9BPMAf9d,Swad Kutde,The Landers,hip-hop,0.853,0.511,0.188,0.0,0.795,90.171,58
2VAGD3r6wODe61kJq0ZY3C,Naive,The Kooks,indie,0.564,0.818,0.0767,0.0,0.712,103.342,1
2LIWXaIe3eZnsNKIdORPaS,Khom loy,Lars Winnerbäck,swedish,0.514,0.57,0.283,0.0032,0.469,104.041,39
4C95pR86Pp1CiRDJQnGFWk,Mo Funk (Indo-Western Fusion),Advaita,folk,0.468,0.756,0.223,0.296,0.927,113.375,34
0wa7EK7anD0IM9qeYISUnN,OI F#KN OI,Code Black;Toneshifterz,hardstyle,0.562,0.969,0.0549,3.37e-05,0.345,75.007,20
5Z9gjSD3mglkexfM8QbGHo,Throwin' Elbows,Excision;Space Laces,dubstep,0.574,0.94,0.00317,0.0431,0.362,149.988,51
0IXX9iie1HesOlW0OmG5sq,Nosso Grito / Quando a Gira Girou / Tá Escrito,Renato da Rocinha,samba,0.51,0.656,0.614,0.0,0.913,114.012,38
3VX2JAoUxJtPIO4ve1YWIW,Pony Girl,Michael Cerveris,show-tunes,0.514,0.00896,0.703,0.00187,0.221,121.008,20
0mpkpO26XkXjT5t3vyl8PA,5th Avenue,Trinix,french,0.791,0.387,0.482,0.000109,0.528,117.05,61
1LfenlmTcE1isHsa0dVFek,Shake My Sillies Out,Play School,children,0.816,0.414,0.704,0.0,0.946,132.47,39
381UrJYySidrMAIgZB9I8S,Pedestrian,Grinspoon,psych-rock,0.423,0.964,0.000155,0.0,0.819,175.345,27
5119q7EHJi4C9fxZLkr4i2,"Albinoni: Concerto a cinque in G Minor, Op. 10 No. 2: II. Andante",Tomaso Albinoni;Claudio Scimone;I Solisti Veneti,opera,0.222,0.229,0.966,0.844,0.276,105.289,20
7034weTiBHETcBGfx30owY,Joel,Apparat,ambient,0.325,0.469,0.243,0.736,0.275,72.69,37
49PyCCLOdJi0jHkGyyY2vv,Sonate Pacifique,L'Impératrice;Isaac Delusion,french,0.558,0.538,0.629,0.0198,0.254,99.992,61
7xj2n1FdeULoyFrOWDPLDA,2STYLISH,Jack Harlow,hip-hop,0.941,0.618,0.0112,0.0,0.489,99.98,0
5tddNi5J7fZzpyfeW3mGJj,Zakázat,Schyzo,emo,0.83,0.397,0.481,1.16e-05,0.35,85.979,44
5h7t3xeHdfDthaqIF0fn3q,ミスター・ギブソン (セルフカバー) - Remastered 2022,Eikichi Yazawa,rockabilly,0.585,0.825,0.00398,1.5e-05,0.773,115.266,22
246ton97bgCFoFWGbQnsTg,Heer Ranjha (Lost Stories & somanshu Remix),Bhuvan Bam;Lost Stories;somanshu,indie,0.631,0.674,0.173,9.26e-06,0.276,104.901,43
0v9mFL6DK8xiyJWNPYjXca,Abra os Meus Olhos,Jozyanne,brazil,0.479,0.693,0.242,0.0,0.352,139.93,44
2Fpbt4UYV8mYYNOlq5Imor,Raprockandrollpsicodeliahardcoragga,Planet Hemp,hard-rock,0.639,0.886,0.0413,0.0,0.837,99.512,40
1nfYgAwhHh37Kl6Z0YQf7Q,carpool,Zachary Knowles,chill,0.565,0.612,0.457,4.89e-05,0.522,171.876,56
7KbF6AdprOXEEHlsq11Z6d,11 PM,Maluma,latino,0.777,0.712,0.217,0.0,0.68,95.692,75
4MEe0BmJyrA5cHW6ILOQJl,Anachronism,Crywolf,dubstep,0.459,0.543,0.132,0.0265,0.0718,110.002,39
0yrlRdgnfEFvk5zlZ9yCKy,Turn It Up,Armin van Buuren,progressive-house,0.582,0.953,0.00136,0.00197,0.12,138.025,52
0hO4hmbQhMBv3sbmpGu3Kb,This Is What I Meant,Anenon,idm,0.489,0.552,0.102,0.881,0.247,115.98,8
0UsdtLayy7SqJ4rUsDMRk8,"Perhaps, Perhaps, Perhaps",Doris Day,j-pop,0.616,0.271,0.759,8.47e-06,0.649,104.519,59
43Aw7i0PCijYdMeVCs3i5v,home styling,slån,study,0.792,0.164,0.826,0.893,0.354,90.125,26
3sBpwAkBOUKyATRbzrjujG,チャイナタウン - Remastered 2022,Eikichi Yazawa,rockabilly,0.648,0.619,0.226,3.92e-05,0.754,125.599,24
14ypQg7lie3otWSkfhS38x,Sounds Like a Movie,Trampled by Turtles,bluegrass,0.503,0.851,0.593,0.969,0.788,95.664,24
6SUHMSU9EBORT2fskEirQE,One Woman Army,Porcelain Black,industrial,0.592,0.842,0.0661,0.0,0.708,121.077,54
07OupZibyc5OR3xSw6TcGZ,Been Lead,Despise You,grindcore,0.27,0.955,9.63e-05,0.522,0.257,136.701,16
0cb0jSGfnO7SB5xDTgIGqS,Happy New Year,Benny Andersson,swedish,0.383,0.0654,0.992,0.954,0.173,129.009,0
6WTMUBQXNEU2usO5aekg64,chandelier,creamy;untrusted;11:11 Music Group,chill,0.407,0.736,0.0324,5.56e-05,0.348,130.443,23
3xF6OYQ4Da4JhPGsmubG9M,Mille Lune Mille Onde - Live,Andrea Bocelli,opera,0.51,0.602,0.556,2.73e-05,0.334,109.933,20
2EvrZ38B9uMg75OvyA58bu,Lo Prohibido,Mariah Angeliq;Casper Magico,latino,0.83,0.679,0.137,7.78e-05,0.213,95.003,0
6350t5ExUoKr7hxFQygFtG,Party Girl,Busy Signal,dancehall,0.832,0.717,0.0214,0.0,0.732,102.032,45
4dCa3tf7dhIuFw8JokedvG,My Darling,Junerule;AUGUSTKID,deep-house,0.596,0.501,0.284,0.00128,0.202,124.004,55
4hBW3h6FnQNh7NRmyxLLG7,Valerie - Glee Cast Version,Glee Cast,club,0.651,0.889,0.00308,0.0,0.813,107.009,59
6m6kcrobidpOuWj2AazFKr,Sin Buscarte,Antonio José,spanish,0.434,0.792,0.24,0.0,0.356,92.158,55
2uKgvkGPMdum5EIxEVmNAd,Global Player,Paul Kalkbrenner;Florian Appl,minimal-techno,0.739,0.397,0.125,0.871,0.57,128.011,19
7AbWuxhd0aQrrdqNSKuoST,Sonho de Amor,Nosso Sentimento,pagode,0.568,0.651,0.767,0.0,0.652,146.021,42
4Do8zB8wXpDEn0lBKg3Rf0,Big Toe,The Growlers,garage,0.51,0.766,0.00943,3.1e-05,0.729,132.162,55
7b94Oh1p69ue3mCdXsngrh,El Gran Tomás (Norman),Mayte Gaos,rock-n-roll,0.716,0.195,0.781,2.45e-05,0.943,132.025,31
2h8WDN4coD8MliR1ffGwn3,Dwaadashiyil Mani Deepika,Vidyasagar;K. J. Yesudas;Sujatha,k-pop,0.535,0.538,0.237,4.08e-06,0.69,91.641,43
1ZAP6PRNrAUcnbFCfuW2mb,I'll Be Gone,Oblivians,garage,0.386,0.995,0.0717,0.118,0.294,154.49,25
3VyXwM2xemrXttbWUb004d,I'm Alive,Kerry Butler;Curtis Holbrook;Anika Larsen;Kenita Miller;Mary Testa;Jackie Hoffman;André Ward,show-tunes,0.645,0.634,0.549,1.19e-05,0.503,127.971,22
564R2CUjKmBW3hNTghZeKk,Cacique Yatel,Aonikenk,heavy-metal,0.277,0.97,0.000194,5.24e-06,0.119,116.211,31
7cYIJYDp9ZhkELwN6LjEqg,Notion,The Rare Occasions,indie,0.309,0.883,0.0673,0.00111,0.312,159.488,0
0HuaNaoQcCTb72OZOaPLZp,Nacido y Criado en el Sur,Ricardo Iorio;Cianciarulo,heavy-metal,0.326,0.755,0.00255,0.00132,0.292,88.357,24
0h20ZtzbQa7H9YzfYvV8pd,Tides,Armored Dawn,metal,0.444,0.97,1.2e-05,0.211,0.235,170.014,53
1XYCWk1IBt0qA8BaQPV0VM,Cheatcode,Black Tiger Sex Machine;Hairitage;Hyro The Hero,dub,0.467,0.934,0.00561,0.00186,0.135,149.967,49
3KkUHYxuE6opdXCxoKh8wH,Bora,Washington Brasileiro,forro,0.801,0.955,0.213,0.0,0.876,110.899,41
4AQujgKKlS7R02rw3R3JYy,Chýbanie,Desmod,punk,0.562,0.514,0.0652,1.42e-05,0.215,76.114,38
2dyFuiklAzsV8Jh1ANLKrU,前塵,Sandy Lam;Wong Kei Wah,cantopop,0.663,0.549,0.657,0.0,0.504,95.832,20
3IbcZ1k9A4hNYTek5W8orw,Jul i svingen,Sissel;Odd Nordstoga,opera,0.352,0.477,0.134,0.00267,0.416,149.021,22
4F3ONavebCIP3JNNyuHgys,Nowhere,Murderdolls,industrial,0.408,0.964,1.01e-05,0.0225,0.685,174.0,22
346kyc0OF7x64WuFVgfpcH,Secrets from the Sky,Gomer Edwin Evans,new-age,0.478,0.0767,0.963,0.942,0.287,123.856,24
48GvG6jHr8A9LqOHWh5zVH,Nosso Amor É Maior,Moleca 100 Vergonha,forro,0.549,0.768,0.368,0.0,0.82,164.043,38
3VPBqHUd17ZvEgabW9ZOUU,Ghost Assassin - Original Mix,Maduk;Veela,drum-and-bass,0.483,0.923,0.00809,4.06e-05,0.0798,176.001,50
2SFhJe79faMbb5fgEFJGg0,Still Kids,Virtual Riot;YOSIE,dub,0.655,0.663,0.219,0.00351,0.359,139.958,41
1PcANFoqnDsexSHXpWrn8Q,Adderall,Slipknot,metal,0.2,0.639,0.00623,0.0459,0.17,166.013,69
1QV4Q9NNlC09PaZrtzpSlr,Christmas Don't Be Late,Norah Jones,j-pop,0.497,0.374,0.751,5.82e-05,0.235,66.785,0
1SacjiJXVYiv3ydALqEchb,On Repeat,Robin Schulz;David Guetta,dance,0.609,0.801,0.0246,0.00255,0.202,122.958,0
0UK0hZ7lhXDkZdgwS9KUIj,Hold Each Other,Rnla;Carl Storm,chill,0.488,0.303,0.929,3.44e-06,0.152,114.962,45
7gnV3QVygSt4zyA3CB9J5E,"The Man, Pt. 2",Peace Orchestra,trip-hop,0.351,0.467,0.721,0.223,0.0279,111.752,17
4bkG4W5n6IGkjjjd564hkm,Para Nada,Rebel Cats;Comisario Pantera,rockabilly,0.586,0.85,0.0448,0.0,0.761,109.875,24
7mMshfkGDVQTjn03tvSlwI,Hacking to the Gate - symphonic ver.,いとうかなこ,anime,0.416,0.614,0.727,0.156,0.301,80.371,47
5moXzHXEK8vDdbScsIpHy8,Percolator (Will Clarke Remix) - Original Mix,Cajmere;Will Clarke,chicago-house,0.781,0.885,0.157,0.212,0.375,125.98,7
4POJVqlwX0Je0wb7xTN0Ne,Vivencias,Grupo Niche,salsa,0.763,0.763,0.504,0.0,0.562,93.417,28
3QuH98etXysoPyuRqrAUms,Mother in Law,Vybz Kartel,dancehall,0.615,0.829,0.0293,0.0,0.575,121.214,25
4Kw21nj46vjq6tWWmDMz4d,Akatsuki,Beau.,anime,0.823,0.663,0.557,0.0,0.49,120.215,43
3t3hJI8Nn86EndNRtTjxhS,So Eager,Taproot,industrial,0.416,0.971,0.000153,0.009,0.204,87.425,22
3cW73vgUDDnN34hBj0cs8i,Monster,Lady Gaga,dance,0.695,0.801,0.00124,0.0,0.646,119.973,0
7ps9nveGqxcCMgzmlkZPVm,Hold On,Serum;Serial Killaz,drum-and-bass,0.637,0.976,0.00043,0.198,0.407,175.997,18
2KpWGrUUIs0j3rbDzLqfUB,Kembali Ke Akar,Navicula,psych-rock,0.643,0.917,0.000996,0.000656,0.946,105.037,28
6JbudXQviaEQFER6pbwMfH,Kiss & Tell,Ryuji Imaichi,j-dance,0.609,0.828,0.331,0.0,0.675,89.934,23
6LLYE4nNunC8onx5tReAoM,The ABC Song,LooLoo Kids,children,0.735,0.683,0.0446,7.55e-06,0.742,101.973,40
6EAIyDrtFCt2Cq19XRr7wB,Heavy Volxmusic & Rock'n' Roll,Troglauer,party,0.669,0.916,0.0273,2.01e-06,0.969,127.077,27
1xe8rWI6ZToSgKdZ0HMNrO,Be Ok,Ookay;Elohim;Flux Pavilion,dubstep,0.608,0.742,0.00827,4.98e-06,0.641,165.108,37
6vTi0v0Fy9kOWOADQUqpGh,Diplomatic Immunity,Napalm Death,grindcore,0.185,0.994,6.36e-06,0.748,0.0318,115.575,13
21te7Pz3VowOuFho1nfdR0,Letters,Lucas & Steve,progressive-house,0.634,0.771,0.00855,0.0,0.575,121.984,52
1w7eNekZsyrLw99oygfDs4,Sway,Tove Styrke,swedish,0.755,0.694,0.205,0.000823,0.531,120.058,48
5j6VLK9iVYI2bBGpg9K6n4,Kjærlighet,Sissel,opera,0.354,0.431,0.842,0.0,0.271,66.782,23
4qUhUcrPQxRnmhJPzl1972,Bibbidi-Bobbidi-Boo,Kayoko Ishu;Tokyo Philharmonic Chorus,disney,0.357,0.278,0.95,1.08e-05,0.208,88.085,33
1a2biJevaaCeW9w32vLyBO,Come Close,Anson Seabra,singer-songwriter,0.44,0.241,0.884,0.0,0.277,78.083,0
4zmRo7Flwb6bzx2J0Yel6Q,Teu Amanhã Será Melhor que Hoje,Samuel Messias,brazil,0.28,0.512,0.347,0.0,0.494,80.795,43
5FQbvZuAfluVde618bLjWH,Nada en Su Lugar,Canticuénticos,latino,0.643,0.472,0.655,0.0,0.792,124.214,43
3mNFoKDPM2hzPuJeZ9ziht,The Rising,Dallas Stars,blues,0.542,0.863,0.0843,0.0,0.431,119.996,56
1XXvo0XLQqEnIb0fjEr0C8,Drowning,高爾宣 OSN;李浩瑋 Howard Lee,mandopop,0.728,0.519,0.603,3.26e-06,0.761,128.01,59
5gdg8veEXwC9qPnmXZN1x1,"Merry Christmas, Happy Holidays",Issues,metal,0.607,0.919,0.0275,0.0,0.469,109.993,0
4xZhTlrUnyPQE3AfzrZ9aR,WHAT'S HAPPENING?,Seikima-II,heavy-metal,0.337,0.734,0.00094,0.00658,0.313,79.998,24
0QpaT9XONsybItcUX7zogF,Mi Chaqueta de Cuero,C.R.O,latino,0.735,0.509,0.773,0.0484,0.32,137.068,39
6r0wE2H5TNHG3cxnaDOhD1,Redemption,Avslappning Sound,sleep,0.118,0.302,0.387,0.98,0.0357,80.809,34
6PrB4KpvuoYWtwjPC5a44S,Balader,Soolking;Niska,french,0.603,0.802,0.306,5.06e-05,0.787,130.121,79
747hkqbZ6AbsFIhaI1ns0q,Under Huntress Moon,Cradle Of Filth,black-metal,0.199,0.989,6.84e-05,0.00194,0.252,177.178,18
0WhTN2qunw2aYr9nDfqw6e,Trensetter,Kai Wachi,dubstep,0.462,0.965,0.0028,0.000769,0.117,144.712,45
2wA15QQIDV2Ar6K76vbkWW,La Grande Illusion,Television Personalities,club,0.245,0.919,0.117,0.00013,0.283,155.505,17
3TXtycw710DnL0EQvpyaa8,Pulse of Life,The Gathering,goth,0.36,0.464,0.368,0.341,0.0645,84.684,23
5kCSv8whN36gYuvYJbDPOo,"Creuse encore et encore - De ""La Princesse et la Grenouille""/Bande Originale Française du Film",Liane Foly;The Pinnacle Gospel Choir,french,0.694,0.898,0.432,0.0,0.641,98.085,33
6qLIrkb2cbxziWCq08PXJV,Acid Rain,Alpha Portal,trance,0.554,0.936,0.000499,0.793,0.0389,142.008,43
4IozWWJXIUlGqYXR9xbHxU,Infinity,Jaymes Young,rock,0.671,0.673,0.15,5.16e-05,0.493,121.96,0
3bmL5rU99q7ZA75vqdzDRO,Fire,Dead By Sunrise,grunge,0.544,0.95,0.0163,1.85e-06,0.179,122.031,44
6d35oKjl5T813gwx2E0SSY,Stannar om du ber mig,Moneybrother,swedish,0.392,0.159,0.814,0.0,0.251,96.559,36
7fImDWw5bcUhRbZ0w1ny4J,Supercalifragilisticexpialidocious,Julie Andrews;Dick Van Dyke;The Pearlie Chorus,show-tunes,0.524,0.609,0.607,0.0,0.948,80.232,44
1QiApmpVZXNlTLJqZENYfq,Dolls,Bella Poarch,alternative,0.841,0.698,0.211,0.0,0.372,118.018,0
2wcN2cBCbkdSIBExLjqFTg,NYC Dirty Talks - Original Mix,Black Loops,deep-house,0.892,0.579,0.0241,0.821,0.496,125.989,0
7EKpyfbmopbXMaMLW9QEd3,Andromeda Mission,Der Dritte Raum,minimal-techno,0.734,0.971,0.0253,0.845,0.294,122.009,38
0waARLc0ja4NTwQoA6lkPK,Reverie,Protest The Hero,metalcore,0.532,0.986,0.000507,0.0,0.23,139.942,27
7Cdo20MPK9QSQabUVEXfwS,Jesus é o Centro (Jesus At The Center) - Ao Vivo,Rachel Novaes;Julia Vitória,gospel,0.443,0.377,0.524,0.0,0.299,135.959,38
2zg3iJW4fK7KZgHOvJU67z,Tarantula,Faithless,trip-hop,0.622,0.816,0.00959,0.578,0.427,136.007,21
3igEfREloyWh3Y8m4cS8QB,Looking For Something,CASTLEBEAT,garage,0.476,0.838,0.0128,0.837,0.365,146.044,58
34CpftIM0mTrUcBmjxN6uJ,Orunmilá,Metá Metá,afrobeat,0.623,0.66,0.405,1.68e-05,0.961,106.887,25
1wEUHZPeGvW7sbF9miASsi,Eine Woche wach,Mickie Krause,german,0.711,0.997,0.0623,0.0,0.76,134.001,0
1ztf4sRocsJ9PrdzGGYonb,Only Thing I Ever Get For Christmas,Justin Bieber,pop,0.54,0.63,0.217,0.0,0.321,85.648,1
62WaNPi59v5jzBvsrSx5jj,Isaías 6 - Ao Vivo,MORADA,reggae,0.315,0.624,0.808,0.0,0.34,139.649,48
1NViM3wkv4znYdzuidFGwX,Kapu,Euromasters,happy,0.549,0.69,1.8e-05,0.892,0.725,76.751,22
6MmxjAxhFMTvonSoaF5BSF,Copacabana Beach,"Sarah, the Illstrumentalist",study,0.473,0.424,0.911,0.871,0.152,177.986,7
1MgIWPR2hEDJtx2i5rmiKV,The Space In Between - Ben Böhmer Extended Remix,Jan Blomqvist;Ben Böhmer,minimal-techno,0.697,0.59,0.0077,0.88,0.0658,121.999,35
56YLNejnyHdf3yiJg8fDUp,Rhumance,Vald,french,0.52,0.775,0.105,1.57e-05,0.651,82.89,34
1KeYXMOAIC8gVYjAAqRYBv,La Barca de Oro,Antonio Bribiesca,guitar,0.426,0.0506,0.976,0.935,0.228,82.718,22
1BfJ7ecpbtXtKY4BSsvLV5,Perjalanan Terindah,Hoolahoop;Aska Pratama,punk,0.406,0.989,0.00511,4.5e-06,0.345,160.056,37
2re9vFPEy6RyspeUuGWM6g,Hobelbank,Mountain Crew,party,0.741,0.873,0.0159,0.0,0.958,142.006,27
0yAoLxOVvKF8F9Fl3HOQYw,Nopturnia,Paipy,trance,0.453,0.995,0.0127,0.964,0.184,140.02,43
4pdOiZHDL6L12U8KhMdTS7,Shree Sukt,Pandit Jasraj;Kumari Shweta Pandit,classical,0.524,0.173,0.989,3.11e-06,0.503,75.514,27
1x8sna2LV8WQ38NEtN5X46,The Nobodies,Marilyn Manson,industrial,0.431,0.823,4.6e-05,3.45e-05,0.271,150.072,59
1dIqodhNiWbsTNepZpptZy,Stay Gold,10-FEET,j-rock,0.477,0.981,0.000161,5.48e-06,0.623,106.724,32
7IWdKDoQ3QNaF790h3skyc,I Don't Need You,Acid Ghost,garage,0.473,0.816,0.016,0.823,0.262,155.956,53
0x6RdHq3JHq46nSzs1awSC,Moonlight Shade,Shady Moon,sad,0.645,0.401,0.422,0.0,0.28,129.311,38
4z5JSmH4pkeZrvnU8lfad3,LoveYou,Dxvn.,soul,0.619,0.348,0.832,0.0534,0.139,105.079,56
1nNIr4oOXhBn6vWSsE6hu2,Meu Alvo,Kleber Lucas;Fernandinho,brazil,0.421,0.893,0.0363,0.0,0.281,136.028,44
2gpFhHwBF5IZwP61MaMtPX,Abyss in Vision,Devil Master,black-metal,0.456,0.93,0.000138,0.917,0.119,128.212,19
22y6H1UGawe4H9JWPEk5n8,Andromeda,Vermont (BR),trance,0.533,0.913,0.00554,0.628,0.12,150.005,37
2vaxUyVWNoA2L272YHEy70,Lay All Your Love On Me - Spotify Singles,Zara Larsson,swedish,0.691,0.409,0.376,0.000224,0.21,124.994,67
1VcYiTKxVDk8nAf11atoTp,Hope Is on the Way,Out of Nowhere,iranian,0.602,0.817,0.104,2.32e-06,0.0799,100.03,1
5RDlgzKoflASU4AC0C3Sv0,Before I Die,Scott Rill;Dayana,house,0.673,0.764,0.0667,0.19,0.0959,105.018,56
0RooO0IFEwZ1Rg9ZK9OFDL,Feito a Luz do Alvorecer,Grupo Revelação,pagode,0.534,0.851,0.714,0.0,0.837,95.474,41
3Nuxt92TlldaBq2uKvUfc9,Plastik (#keinschlaflieder),Liedfett,punk-rock,0.549,0.765,0.0281,0.0,0.711,200.873,34
1qECV83HnSreVWZxxXtCO4,Sokak Güvercini,Stabil,turkish,0.749,0.49,0.578,8.32e-06,0.666,85.482,48
3u53sM4xrdWl0uDLzcFm6x,Korban Lelaki,Stand Here Alone;Putri,punk,0.519,0.958,0.0108,0.0,0.528,172.017,49
6EIVLz5xM1xE29r0OmIkWt,Falling Slowly,Glen Hansard;Markéta Irglová,singer-songwriter,0.34,0.209,0.679,0.000443,0.151,137.042,64
1UmFLqmTmgHoSyvss6Q7gw,Serial Heartbreaker,FLETCHER,electro,0.587,0.873,0.11,0.00339,0.52,169.971,71
6uZDWzACbbaAGJBAjhg4su,夜光性イントロデュース,夜光性アミューズ,j-idol,0.513,0.939,0.0164,0.00292,0.379,170.032,30
5kRKgcKiHbNbSl68FHMss5,The Good Ones,Gabby Barrett,country,0.519,0.552,0.18,0.0,0.331,89.957,0
19YmvsVCetCBeVj6O2mljR,Still Breathing,Green Day,punk,0.54,0.902,0.0142,0.0,0.692,75.033,61
0E8zloWYA3Li81CJqFa9fI,Man in the Rain,Mike Oldfield,new-age,0.573,0.585,0.34,4.11e-05,0.628,128.349,54
53oArBMgf0aHsAwhtC8h6E,大人ジェリービーンズ,Mayu Watanabe,j-idol,0.555,0.989,0.029,0.000264,0.965,157.025,21
07JrUyj1Qtq8qEZBciJDSv,Girassol (Ao Vivo),Cidade Negra,mpb,0.467,0.967,0.00411,1.89e-06,0.588,161.862,41
6F4w6yDhupUdnrx1U6AiUg,"Du är ung, du är fri",Vikingarna,swedish,0.598,0.913,0.351,3.48e-06,0.669,141.114,36
5DO5JEUkxhtsMvaCX7ipGZ,PARDON K***,DEHA INC.;Mertigo,metal,0.656,0.788,0.0545,0.0,0.407,139.909,49
4ndCkGOqDJUCc12tEINzSU,Fangal,Edmundo Rivero,tango,0.485,0.39,0.899,0.0,0.663,116.008,16
40EiMT9vmuAz8vcOkj85D3,Pareja Del Año,Sebastian Yatra;Myke Towers,reggae,0.715,0.61,0.175,0.0,0.771,79.973,0
33xvLHLR4T6FdGZ2Nvonww,Más Feliz Que la Mierda,Flema,metal,0.4,0.742,0.000545,5.39e-05,0.366,99.299,44
4aOOExMBUyxKnEYb39SrTg,Riot,XXXTENTACION,emo,0.509,0.542,0.019,0.00639,0.151,97.767,75
0q7oMII7kWTj1ZSX6GT6LU,Crawl Outta Love,ILLENIUM;Annika Wells,dub,0.377,0.723,0.181,0.0,0.167,84.139,59
4g3IrwIgcR2NIaO1h10orQ,Are You Serious,Pink Guy,comedy,0.775,0.688,0.11,0.0,0.469,119.983,40
5OHQZGHmfGaGLaCPPg8oyx,The Vanquishing Of The Three-Headed Sea Witch,Andrew Lloyd Webber;Adam Lambert,show-tunes,0.362,0.568,0.018,0.0,0.282,147.518,26
1DMibSZWMy8QqlNiWBvNoE,Kovárna I,Tři Sestry,punk-rock,0.311,0.889,0.00428,0.0,0.668,157.586,38
58SUsgamkW6vFFq0YNKGrf,面具,Alfred Hui,cantopop,0.448,0.507,0.397,0.0,0.218,159.868,50
7oX7pXziD0WcYYi8DLmvnL,CDs e Livros,Asas Livres,forro,0.774,0.528,0.614,0.0,0.847,131.854,40
77yA4ZiCZgm9aK909ATVLV,Malodorous Oblation,Disgorge,grindcore,0.26,0.946,0.000133,0.921,0.313,111.094,12
0wxB0eg4ZNoErbz6Gi4CyW,Love Triangle (Pum Pum),Spice,j-dance,0.71,0.472,0.0677,0.0,0.755,130.438,41
5Sh5RqOkQ7dsjVx998BtS7,Äckligt,Ansiktet,swedish,0.545,0.823,0.0133,0.0,0.675,169.997,41
1TdHueeRrDSNQd7xiK7UUC,Stay,Cradle Of Filth,black-metal,0.532,0.772,0.0168,0.0164,0.189,120.077,34
6Dt4xgUvH2sLJcgiOR8nd8,Ciclones,Camilo Séptimo;Samantha Barrón,alt-rock,0.599,0.633,0.501,0.000147,0.289,90.072,44
37LNNQNbL1YLyutBG6aWRx,Rescue Me,OneRepublic,piano,0.761,0.606,0.157,0.0,0.646,121.038,66
5qhHm4dN4L2dhRb2TfzGPw,Lonely Eyes,Lauv,electro,0.586,0.499,0.0418,0.0,0.369,95.012,58
65WbRpNqHIlyJ7V8U4yspX,Tattoo,Fabio Brazza;Luccas Carlos;Vulto,brazil,0.701,0.654,0.199,0.0,0.709,81.872,44
71sE1Cd8cX2tKylxEE03gf,The Great Spectator,Anaal Nathrakh,grindcore,0.146,0.904,6.68e-06,0.0739,0.0518,200.132,16
0iOBEYsK8sNboeXr4RvDdu,Delirium tremens,Kvelertak,black-metal,0.327,0.941,3.78e-05,0.88,0.093,80.2,18
6SWaPVw1U27HKNQ1311hSL,Caramel,Einmusik,minimal-techno,0.683,0.699,9.62e-05,0.862,0.412,121.998,37
3zZ2THLkGS76yPbOEHFKMR,Switchez,Eazy-E,hardcore,0.895,0.874,0.0172,5.83e-06,0.701,93.019,59
1jz0PUb4rChtZUk4Itn1Co,Telusaa Telusaa,Jubin Nautiyal;Sameera Bharadwaj,k-pop,0.499,0.636,0.769,0.0087,0.35,167.953,56
1sgDyuLooyvEML4oHspNza,Lose Somebody,Kygo;OneRepublic,edm,0.58,0.586,0.344,0.0,0.507,147.988,74
2g0UKrKhgROZzxyaInsDAk,Mosa Madalendu Neenu,Kailash Kher;Chethan,folk,0.499,0.807,0.261,0.0,0.581,164.772,33
3sV6WILFjagtbqZwoX4ZWr,Sawan Barsha Paani,Nil Sagar;Archana Padhi,samba,0.402,0.949,0.0763,1.25e-06,0.641,82.982,37
072R0du8qjb8TQEKKvYktK,Dosh,Prabh Deep,electronic,0.529,0.62,0.788,3.01e-06,0.162,177.811,24
6uxb3XcephIsRYpZybGivn,Crickets in Nature,Nature Sounds,sleep,0.495,0.0637,0.89,0.845,0.0914,110.096,34
6QlpFDnBsIkNBFpSDQOh3O,I Like Bees,Cody;Heart;Mr. Primm;Scatter;Talib Kweli,kids,0.935,0.539,0.291,0.0,0.438,94.954,13
1SgyVVPmNDMPoZyGgCvMsa,abc - The Wild Remix,GAYLE;The Wild,alternative,0.693,0.874,0.034,8.33e-06,0.647,123.979,0
2xVjvDSSHeY5O1EpPBDZD7,Dices,Escala Mercalli;La Combo Tortuga;Luis Lambis,dancehall,0.786,0.794,0.194,0.0,0.904,95.0,39
7HB1SEhUPXRndE7uOdEssq,Düş O Zaman,No.1;Azap HG,turkish,0.622,0.625,0.00338,0.0,0.257,86.97,43
6d34dFS44aY9imSn4buqYr,House Carpenter,Nickel Creek,bluegrass,0.57,0.187,0.76,0.0,0.51,86.991,23
37Au9ab3zTZAkpY2QvbCub,Yaulillay,William Luna;Julio Humala L,guitar,0.739,0.41,0.46,0.0,0.656,138.059,27
1vLyRxwjTGHixEwnpBXkKa,Shout to the Lord,Hillsong Worship,world-music,0.405,0.581,0.232,0.0,0.18,77.217,41
0tq9NRwcKEERLCGMCOEu5t,Qué Solo Estoy (with Leopoldo Federico y Su Orquesta),Julio Sosa;Leopoldo Federico y su Orquesta,tango,0.497,0.635,0.804,0.0,0.698,112.833,25
2WPYjhSAExubbRuvlNvg1n,Big Fun (Remastered),Inner City,detroit-techno,0.673,0.931,0.00037,0.487,0.929,122.023,10
3c99CLw6Kxp2sx8SlpqPm9,Um Louco - Ao Vivo,Zé Henrique & Gabriel;Marília Mendonça,sertanejo,0.544,0.649,0.711,0.0,0.303,139.993,45
0sb8IjX7Uge6OPx8wlxtv2,Rin Raja - En Vivo,31 Minutos;Juantástico,ska,0.636,0.983,0.423,0.0,0.559,114.125,32
7rN3zSvSTVeXYyAqOHrLmM,Sonhei - Ao Vivo,Xande De Pilares,samba,0.528,0.649,0.552,0.0,0.856,97.685,37
2LhhnqrHPWvXYveZVHLKrd,Life's a Bitch (feat. AZ & Olu Dara),Nas;AZ;Olu Dara,hardcore,0.775,0.734,0.00138,0.0,0.342,90.001,63
3ZYO0HGRFFdAGeb8o7F9KC,"You're The First, The Last, My Everything - Single Version",Barry White,disco,0.631,0.713,0.00204,0.000344,0.891,130.949,70
0lG2LQ2t8sUXzVef5SYjEj,Cumbia Cumbia,Thiago França,afrobeat,0.893,0.728,0.327,0.000288,0.924,94.067,25
33dN3Nd9aRz4nzha4oIGnX,Godly,Omah Lay,dancehall,0.64,0.574,0.138,0.00492,0.538,198.014,56
2WxsyR3WLCdDhWIMJeG12y,Alone in This World,Faith Evans,soul,0.625,0.807,0.0312,0.0,0.617,92.037,0
4HU70kqhA6tRYl55kUkg0a,tears in the club,FKA twigs;The Weeknd,alternative,0.616,0.717,0.194,9.81e-05,0.72,167.99,0
4nceGFzMae98fnUCjhzbpF,Dans La Joie,Glorious,french,0.596,0.649,0.011,1.08e-05,0.304,119.944,33
1tObdXeK5QEnhKQw6t33ze,Reapaixonar,Gabriel Diniz,forro,0.647,0.954,0.386,0.000268,0.962,159.985,42
1VOXRL1bcfR0xOjJWA55p2,La Tulumbana,Carlos Di Fulvio,guitar,0.62,0.445,0.847,9.12e-05,0.679,147.013,23
4wzjNqjKAKDU82e8uMhzmr,Face Down,The Red Jumpsuit Apparatus,punk-rock,0.545,0.932,0.000665,0.0,0.464,92.956,76
01N4rGD2WJZewp4RAu8034,Kime Kin Ettin,Kızılırmak,jazz,0.619,0.318,0.839,8.75e-06,0.627,140.725,37
1JqVkjt28jeJY9cL4ioboU,Closer X Channa Mereya,Pranish VP,indian,0.564,0.451,0.687,0.0,0.743,90.005,49
2WRJo4Ygb8x3yyySKGhEYA,Shrines in Cinder,Devil Master,black-metal,0.0803,0.94,4.04e-06,0.905,0.187,179.145,21
18a9QFyrmJwILt7F9EfwaX,Teu Amor Não Falha - Ao Vivo,Paulo Cesar Baruk;Leandro Rodrigues,gospel,0.677,0.653,0.45,0.0,0.504,115.952,39
2WGoZV4Rc2TKT0CY8LAdtW,Dois Corações e uma História,Bonde do Forró,forro,0.561,0.892,0.528,0.0,0.867,182.186,48
58X91MDH5OmePcLM5Hpg2M,Jednou Tě Zabijou,Schyzo,emo,0.58,0.444,0.187,0.0,0.426,81.681,36
7a7ENekKQMQ5V1jy7nt7m2,A Glória da Segunda Casa,Gisele Nascimento,gospel,0.455,0.522,0.687,0.0,0.328,139.367,41
3aMIgXaB04SzL68n4lMWLL,Tom Tom,Holy Fuck,electronic,0.615,0.564,0.000345,0.927,0.243,137.077,54
43L9aX73voFRopYzdaOeks,Wish Me Well (You Can Go To Hell),The Bouncing Souls,hardcore,0.372,0.877,0.00406,0.0,0.756,157.203,32
5GwPTFXjE3WLJevK6KLMyc,Gears,Lamb of God,groove,0.515,0.997,1.15e-05,0.715,0.129,135.004,43
2Cqf5k7eZ8ZVT1pqQoXyZT,Galaxies Collide,Frontliner;Kristina Antuna,hardstyle,0.338,0.938,0.021,2.12e-05,0.517,147.509,22
1RjJk0XSaYPdv7sVhcRzbs,The Luigi's Mansion 3 Song,Poop Emoji,kids,0.867,0.45,0.0437,0.0,0.96,109.862,13
23LQimhaFmor64X8zlbNwL,Marie Marie,The Blasters,rock-n-roll,0.412,0.81,0.0363,1.1e-05,0.966,174.362,30
7y7A9sWYJQpPwKiJBwGZOd,Christmas Lights,Yellowcard,punk,0.517,0.571,0.00674,0.00142,0.222,130.905,0
1AhsWBIwA7eKaY0NivVxzz,Un Hombre y una Mujer (A Man and a Woman),Carmela Y Rafael,rock-n-roll,0.581,0.372,0.442,0.0,0.417,66.204,27
4KK6A8HKj23ASHNjbDdbMG,Изумруд (Emerald),Nikolay Kopylov,romance,0.423,0.22,0.984,0.0101,0.16,85.454,0
5UgLpvW8qbknipZU69Tkcu,Merry Christmas Everyone - For Nest Audio Sessions,Olivia Dean,soul,0.592,0.249,0.834,0.00125,0.155,90.521,0
1vv7h64yOLrdfHuTzfv9gI,Gelato,Dvice;La Fortaleza Real;Lyan;Jehza,latino,0.812,0.573,0.342,2.6e-06,0.591,93.015,46
5Z7hGXqJWe7MQd4yukBODY,Babylon Dead,Dj Mad Dog,happy,0.414,0.977,0.000271,0.00289,0.218,177.911,21
2TeYAizye4GlmzQq5zyf91,The Physical Attractions,The Symposium,garage,0.363,0.499,0.00163,0.522,0.532,137.804,58
3PE8sxELICJTegNFMriRyM,Devil Dance,Alignment,techno,0.603,0.982,3.05e-05,0.768,0.111,140.006,6
3EuxKklzZlKWxuGdqxaju3,Não Sou Mais Disso - Ao Vivo,Zeca Pagodinho,samba,0.546,0.908,0.698,0.0,0.662,109.397,38
6BWE6wckWmrq7bJ78s7y0y,Poema - En Vivo,Joan Sebastian,r-n-b,0.612,0.522,0.932,0.0,0.386,123.933,43
4vXS6JeUZPhwznZYrznYe8,Köpt en bil,Lars Winnerbäck,swedish,0.568,0.556,0.0148,0.0129,0.277,117.029,39
3zJUF2PWvKR0qSqkm2Ps28,Fade To Grey,Visage,synth-pop,0.576,0.672,0.000234,0.0179,0.786,112.799,23
0CrCW8u5hXD6Ztd7V8ay1i,Speed Law,Mos Def,alternative,0.794,0.667,0.0565,0.0,0.695,98.02,3
102rhgJ5PEFt62e0PumSF2,Shadow,Syn Cole;Alida,deep-house,0.786,0.718,0.00519,0.000977,0.525,123.951,60
0Rx0DJI556Ix5gBny6EWmn,Paradise,Bazzi,electro,0.844,0.644,0.0828,0.0,0.591,122.061,75
7c0k1qJjbnu3cvGLcxPs52,The Key of The Moonpiercer,Warmoon Lord,black-metal,0.167,0.855,1.79e-05,0.883,0.0757,154.105,20
4bZyiApzm4hrt5TCJlV6wt,Waves : Healing Sounds,Sleep Sound Library,sleep,0.263,0.987,0.142,0.0432,0.0136,51.706,35
7bETs6oajlWYVo9ycX74Vp,"Be My Love (From ""The Toast of New Orleans"")",Mario Lanza,opera,0.168,0.457,0.972,1.33e-06,0.202,86.749,19
1pzSpQh9yZ8z8S09FNhjA8,Over You,Stanton Warriors;Lily Mckenzie,breakbeat,0.719,0.827,0.0939,0.126,0.161,130.0,13
52EVeEEPT1H7EIEtN9lC13,LOCKED UP PT. 2,6ix9ine;Akon,emo,0.649,0.779,0.0332,0.0,0.503,89.978,52
5UvLQncwvEGiRLn0xEZw45,Off The Ground,Sub Focus,drum-and-bass,0.582,0.791,0.0296,0.105,0.0422,174.01,67
5t0E0Ipyq2yNGrucAtCIvP,Hijos de la Noche,Cyclo,spanish,0.648,0.636,0.443,0.0,0.757,111.816,33
4IsO1J5LSrVwkQOIEdZ417,Sin Novia,Nicky Jam,latino,0.747,0.752,0.116,0.0,0.512,106.97,75
4If7JKEkzeY0WusIrOdQlC,Waves,Fiji Blue,chill,0.84,0.338,0.135,0.0225,0.927,108.024,66
4b6WRfxJRY40RBpl3TMQVq,Heartbreak,Bonobo;Totally Enormous Extinct Dinosaurs,trip-hop,0.636,0.961,0.000168,0.9,0.398,126.997,48
0rdiYaZEvc3KehBNF0WSkj,Parchan Shala,Sanam Marvi;Rahat Fateh Ali Khan,folk,0.383,0.659,0.401,0.000135,0.577,92.8,34
0v5NsGAppRbUa6JhOW5xKh,I Wanna Dance With Somebody,Shoshana Bean,show-tunes,0.471,0.309,0.814,0.0,0.424,117.25,23
0oXlEtLDbSjKG2l9yAmzMK,The Queen's Prayer,"George Kahumoku, Jr.",guitar,0.437,0.355,0.897,0.818,0.0365,148.635,26
7izpOP3sww7TkqfjmEI1GM,Time After Time - Live At Abbey Road Studios,Sam Smith,dance,0.595,0.459,0.571,0.000165,0.272,129.661,1
2x1GoZKREbFkQJ8FUaz3Lc,Lost,Phaxe;Morten Granau,trance,0.745,0.726,0.0706,0.868,0.259,135.0,47
34wsgkPMRk3xIfHdwtezbf,Tainu Leke,Sonu Nigam;Mahalakshmi Iyer,pop-film,0.796,0.94,0.17,0.000168,0.699,117.008,58
4VtlHUjFP7ZFJOxFz1bOTa,君の名は希望,Nogizaka46,j-idol,0.604,0.869,0.583,0.0,0.69,139.997,21
4wqeNlogyJtBbcSmL5saYo,Koma Hali,Teoman,turkish,0.784,0.561,0.348,0.0106,0.667,110.097,40
2F76kzOWgd3n6GwoKpRSTX,A ver qué pasa - Estrella Damm 2021,Rigoberta Bandini,spanish,0.562,0.655,0.0159,0.00953,0.398,129.929,59
2cjPokboQDr7xI0esIgg0h,Lose Our Minds,Curbi;Jess Ball,progressive-house,0.72,0.551,0.0423,0.000186,0.245,126.051,57
5RYVjXky8GkIMEJvNobgWT,PORFA - Remix,Feid;J Balvin;Maluma;Nicky Jam;Sech;Justin Quiles,latin,0.793,0.737,0.0765,0.0,0.697,167.969,0
4WpmwEdc4RBos8W8icSSxW,Moonlight Shadow,Mike Oldfield,new-age,0.611,0.72,0.291,0.0,0.8,128.594,69
6jZOhmhxNPZsGF6OEOEqvI,Digital World VIP,Dimension,drum-and-bass,0.388,0.957,0.00478,0.87,0.525,173.975,16
1Q5kgpp4pmyGqPwNBzkSrw,Roadhouse Blues,The Doors,psych-rock,0.623,0.633,0.336,4.6e-05,0.895,121.119,71
0BaVcB3Mn8QgGUdEi2yqCb,Plush,Stone Temple Pilots,alt-rock,0.416,0.954,0.0021,0.0,0.498,144.724,1
6kAopJAwSQ0TNhjmR6mZrj,A Girl Worth Fighting For,Ryusei Nakao;Yutaka Oda;Kozo Shioya;MAYUMI SUZUKI;Yoshito Yasuhara,disney,0.408,0.319,0.6,2.09e-06,0.738,89.84,24
6RWcPci2JxaRr3HE1OadI3,Tum Hi Ho (Lofi Mix),Coffeekids;Tragedy 999,indian,0.61,0.362,0.161,0.0219,0.152,93.989,54
3MaHYFW7xgAPIElN7ONfld,Round & Round,Sainte,chill,0.916,0.401,0.659,5.22e-06,0.42,141.008,66
1YCXst8y6yE0RKMI2c4rRz,Morse Code,Roni Size,breakbeat,0.683,0.997,0.00423,0.852,0.203,169.845,12
4A5O2dH64DB57QuSzRSfHd,Rifle,Chronic Law;Fanbrown,j-dance,0.575,0.825,0.191,0.0,0.276,100.019,22
2r6Jay01kQTR0ztlXQbxf3,Ja vnov' pred toboju,Nadezhda Obukhova,romance,0.405,0.0576,0.993,0.0,0.105,69.88,0
2w647JfE21aean203DhIWl,In Control,Stalag 13,hardcore,0.464,0.949,3.55e-05,0.0137,0.484,92.408,29
1r5O1Q66t0THBMKChJLyOS,I Feel It - Paul Woolford Extended Remix,Leftwing : Kody;Paul Woolford,deep-house,0.673,0.885,0.000975,0.807,0.549,125.984,30
4XeObYyrXp8MNNNPQb3Hhy,Blue,The Terrys,garage,0.553,0.818,0.0198,1.61e-05,0.934,164.175,29
3PDnFFQkMyFOb6sanuvlNC,sugar at the bottom,Hayley Kiyoko,indie-pop,0.866,0.565,0.455,0.000226,0.549,101.985,0
0YCPCY9WhQFMFtoSpj6dhL,Kiya Kiya,Anand Raj Anand;Shweta Pandit,pop-film,0.703,0.867,0.0944,2.55e-06,0.904,120.013,63
3dGkVWeKPohk1SiCJMtlrC,Ai Que Saudade Da Amélia,Nelson Gonçalves,samba,0.665,0.662,0.395,0.0,0.782,97.615,38
2U9xilwDVbl5upU99insIn,Never Stop,FM-84;Ollie Wride,synth-pop,0.404,0.743,0.00451,0.0402,0.523,168.009,45
6Z2igqMvzGGjvQq2vfyolf,ウォータープルーフ・ナイト,Philosophy no Dance,j-idol,0.622,0.93,0.0131,0.00675,0.666,130.047,21
3znnqpwwIseRg3haxuQe2w,100% Dissin It,Armando,chicago-house,0.892,0.685,0.0411,0.928,0.76,154.9,7
13ycW95Yd1oKoCAQXAWvTq,Alívio Imediato - Ao Vivo,Engenheiros Do Hawaii,mpb,0.332,0.769,0.158,1.46e-06,0.35,175.938,41
3A6iJKSDmkfHkj3ukvBKM5,To Sozinho,Aviões do Forró,forro,0.662,0.911,0.467,0.0,0.872,180.038,46
5FnpXVgDOk2sLT58qM22Of,Julia - Remastered 2009,The Beatles,british,0.512,0.0953,0.828,0.000268,0.193,134.706,54
6fZ3OaJywyAGw4Lytc1nkv,Rimjhim Gire Saawan,Papon;Shreya Ghoshal;Rochak Kohli;R. D. Burman,folk,0.653,0.419,0.845,0.0,0.402,109.948,39
0sBfrrFgkRkvb3woBnxwYD,ROADRUNNER,Jefe;Bar B;Bekom,turkish,0.809,0.464,0.483,0.0,0.441,140.006,40
2j3m8fh3siOLvvrveSCrfj,Die for a Man,Bebe Rexha;Lil Uzi Vert,dance,0.669,0.893,0.0736,0.0,0.314,89.996,0
6bvhuPFwuK9RrqPHtsh4Bi,Hannah & Gabi - Remastered,The Lemonheads,power-pop,0.423,0.76,0.00692,7.88e-05,0.255,143.948,23
4FcflXjkAiJ2pV02GyIvsG,Sleigh Ride,Ella Fitzgerald,blues,0.593,0.287,0.764,0.0,0.639,77.117,0
3MhLbJxKCi2X4iwxTDqzXj,He'll Make A Way,Newfound Road,bluegrass,0.638,0.643,0.491,0.00227,0.874,117.729,21
6GoLARmR2OZl2EldehFrsA,Immaterial,SOPHIE,club,0.776,0.717,0.115,0.00755,0.828,139.995,53
5REbywIAdclkQcpxpp28RZ,Elko,Railroad Earth,bluegrass,0.41,0.885,0.49,0.0485,0.779,190.72,25
2AHZHeLTPuGILKyr4l8uTU,Superman,Joe Brooks,acoustic,0.464,0.653,0.199,0.0,0.416,162.196,53
2OGMCY04v5CvjyhHun4ADm,Only Love,The Changcuters,blues,0.675,0.676,0.469,5.69e-05,0.502,122.99,40
4mjjr1EeynuE236oOWeEMK,"Mitho Laage - The Dewarists, Season 5",Dhruv Ghanekar;Mame Khan,folk,0.599,0.708,0.106,0.0,0.628,96.122,40
57xCSQ2a41k8zW8PkcbnBO,Surrounds Me - Live,Hillsong Worship;Mi-kaisha Rose,world-music,0.531,0.534,0.0143,0.0,0.344,81.873,38
62FCtdHru9nNAJOGbzObi4,"Pode Me Esperar (feat. Meucci, Tasdan & Agatha)",MTK;Meucci;Tasdan;Agatha,r-n-b,0.689,0.682,0.271,0.0,0.617,104.068,41
5377z0OljWvRR7CdSQrJxP,The Woods,Hollow Coves,folk,0.802,0.41,0.411,0.00107,0.224,106.05,61
2vN9sh97P93i4VItNbTJyI,Not Like That,Eredaze,sad,0.662,0.464,0.475,0.0,0.259,151.941,44
2gTnu5RZNVFVnWdjLnyUA5,Nobody Home,Pink Floyd,psych-rock,0.251,0.148,0.713,0.432,0.0569,206.542,54
2AeveYrc3HVuvOd7ivfaps,Eva's Quest,Elliott Jacqués,piano,0.288,0.0578,0.981,0.914,0.172,73.326,34
1RHiqaz9MG1tKqJ9ny5Alf,Hiro (feat. Indila),Soprano;Indila,french,0.465,0.733,0.495,0.0,0.466,92.411,55
7EU1RzKt7PJO9KyXzYcG23,Oh Yeah!,Green Day,punk,0.623,0.792,7e-05,0.00467,0.584,127.043,0
1BqyMVg4niszLfhYHlmzEm,ロマンスブルー(2006),Shogo Hamada,j-rock,0.411,0.418,0.642,7.67e-06,0.197,74.946,32
167Pe961ZvuBoYYuFbBtTV,Likainen parketti,Stam1na,heavy-metal,0.452,0.977,0.000685,0.00162,0.392,155.15,23
5hVKGw1OXBCEZgRWFUilk7,Still Falling For You - Acoustic,Sara Farell;Simon Samaeng,acoustic,0.375,0.298,0.822,0.0,0.425,174.03,44
6T5hiZikP7CNI2uXdWYlCg,Millenium,Joachim Pastor,french,0.443,0.517,0.0372,0.895,0.0739,123.978,53
3nMb7ToWIxYvmaIG20z6ux,Tonight (I'm Fuckin' You),Enrique Iglesias;Ludacris;DJ Frank E,latin,0.648,0.89,0.0294,3.58e-06,0.321,125.953,64
7ryUfJfr9GehdSJrTTybbC,Novus Pt. 1: Soul's Journey,Constance Demby,new-age,0.125,0.0454,0.687,0.123,0.036,67.989,20
1IavuiWnbbts36JWozObGE,Un Reel,Ozuna;TINI,latin,0.715,0.744,0.233,0.000159,0.746,163.005,62
2RCzNdqrE3Pa1Rs2vcxIWw,Just A Little Bit of Love - Original Mix,Roy Davis Jr.;Terry Dexter,chicago-house,0.781,0.752,0.00254,1.26e-05,0.552,119.982,11
0YXpAMT01imkJAVUcAl07C,Hitmix 2014 - Short Version,Michael Wendler,party,0.721,0.869,0.00291,1.66e-05,0.858,135.035,24
6BEDKZYvBmsOPa1UgfmGZN,Como És Lindo - Ao Vivo,Vida Reluz,brazil,0.267,0.232,0.712,0.0,0.103,96.158,52
0tqYkWGK59TX4f39lHNVbG,帰り道は遠回りしたくなる,Nogizaka46,j-idol,0.51,0.857,0.457,0.0,0.693,138.064,26
63nOQpjvgznL7lF5tEwsCs,Caminante,Newen Afrobeat,afrobeat,0.604,0.904,0.0787,0.708,0.557,92.962,27
6j4AAcbeR7Z4zfUKl2EndY,裂縫中的陽光,JJ Lin,mandopop,0.491,0.615,0.621,0.0,0.44,84.788,47
4AlymlrsjwBvl3KTUHKLeu,Hala Aşk Var mı,Redd,turkish,0.595,0.911,0.0538,2.41e-05,0.434,115.99,38
0vTQodjzCJf27Ht7ziU3J3,Lets Get Ill,Psyko Punkz,hardstyle,0.488,0.965,0.00342,0.503,0.708,150.018,20
2ZP85Jq4K27V6WWVXfINSR,bandaids,keshi,chill,0.619,0.294,0.83,5.18e-05,0.311,100.075,60
7GoYovaEPv6dpjxbiPVN4s,Glorious Ruins,Hillsong Worship,world-music,0.394,0.639,0.38,0.000181,0.12,137.034,45
1fajmA1Nr8xIiJcLLlEB2n,Summertime Rolls,Wood & Wire,bluegrass,0.33,0.712,0.442,0.98,0.938,173.004,27
6lDuFNpJKZvbR4fqEVtH66,Kanmashi Kannelledi,Nikhil Chandran,malay,0.55,0.148,0.854,0.0,0.267,104.506,38
11SxP7F7pdcnHVL9PYBUde,Solange es brennt,Feine Sahne Fischfilet,ska,0.469,0.816,0.126,1.02e-05,0.67,138.704,35
0RRNdm9FhEGVl0p6S9JlIT,Gaia - live in Stockholm 1994,Tiamat,black-metal,0.397,0.591,0.0343,0.519,0.11,119.838,19
7oOEFDLSQscl0uGulnIEmG,Love & Hate,Michael Kiwanuka,british,0.278,0.494,0.157,0.000407,0.527,169.661,65
7EI8SfODQRCTk3AMfSOgWb,Aber dich gibt's nur einmal für mich,Die Draufgänger,party,0.683,0.678,0.214,0.0,0.75,98.468,26
0UlJKSmbpSPaRxUnr0lpgH,Rabba Main Toh Mar Gaya Oye,Pritam;Shahid Mallya,indian,0.577,0.821,0.331,0.0,0.536,87.984,50
1wjpQiPQO8a1GDjhAD0gCo,Constance,Spiritbox,metalcore,0.352,0.701,0.00182,0.0666,0.147,112.264,14
2NjRIEb53CJWJqlHZ3xwH9,Slepp me inn,Staut,country,0.585,0.789,0.102,0.0,0.97,81.481,46
7kxfWvj6u9oWQ5C36kMtGb,Watch Over You,Alter Bridge,alt-rock,0.276,0.658,0.0836,0.000553,0.16,172.326,60
0uSmTgI9Rzv1W3Av210zW3,We Want Some Hardstyle,Maxtreme,hardstyle,0.551,0.955,0.000311,0.000247,0.33,154.976,24
03vseCqtvVm0uw2oagRzd2,Lose Control,Shade k;Lady Shade,breakbeat,0.722,0.93,0.00824,0.00151,0.888,132.017,10
3PsYKvrsVB5w6YV3jxJuKP,Stratus,Lusine,idm,0.278,0.863,0.0134,0.764,0.344,140.048,11
2OnST9dGaO88MNQvZ4VjaO,El Ultimo Ataque,Rata Blanca,heavy-metal,0.293,0.668,0.000331,0.926,0.526,93.039,31
4c9ygoZeMOjvu3uoLpIsl6,lightbeamers,FKA twigs,trip-hop,0.742,0.44,0.465,0.00134,0.307,129.894,48
2rIfTTZC9pfxczVyBxlVEI,Outdoor Seating,Timothy Infinite,study,0.602,0.362,0.549,0.756,0.231,144.07,39
2ubrTNQou3onHm2WNHcCyT,Yellow,Coldplay,pop,0.429,0.661,0.00239,0.000121,0.285,173.372,3
0N4FgQoqMlmMPikactFwtE,Edison,WEDNESDAY CAMPANELLA,j-dance,0.838,0.729,0.0195,0.0089,0.619,129.999,51
6P4htgfAujzQGcHiIv64vm,My LSD Song,Bliss,trance,0.514,0.663,0.00637,0.642,0.178,145.011,37
7AbS3pL4u6rukErTgPbaFP,Till We Meet Again - Reese In Rio Mix,Inner City,detroit-techno,0.692,0.476,0.00348,0.0285,0.239,103.506,11
2iaBnOuT0gkpkFJngGcjo6,Just Maintaining,"Sarah, the Illstrumentalist",study,0.708,0.392,0.72,0.88,0.64,87.03,20
54MnM9dYvVaV9jAZLcZu7P,Gyere velem,Bodor Vencel,piano,0.376,0.0851,0.996,0.963,0.265,88.321,61
0MwitR6EAeWqA5tWL4uFvK,Diz,Oficina G3,gospel,0.553,0.917,0.00204,0.00011,0.468,92.503,40
5yDL13y5giogKs2fSNf7sj,Glad You Came,The Wanted,rock,0.722,0.851,0.0319,0.0,0.452,126.885,79
3s6H6UW7yPu2rsF8CGki60,Zindagi Do Pal Ki,KK,pop-film,0.678,0.771,0.0277,0.00253,0.462,105.976,57
1MvLmHeLkaNgUScgbUVnWJ,Breathing,Ben Böhmer;Nils Hoffmann;Malou,house,0.598,0.561,0.0229,0.557,0.0385,182.988,67
0ONoYJqSkvUFp2wmNvH2kW,Dependente Do Amor,Zeca Pagodinho;Xande De Pilares,pagode,0.694,0.566,0.271,0.0,0.887,90.049,44
2Yfq3fWcunJ6l6YhzuC79n,Sad Warrior Soul,Amduscia,industrial,0.556,0.997,9.32e-05,0.0171,0.207,136.012,21
23isjR8d6wFGUE1FGoAgqu,Jakarta Pagi Ini,Slank,blues,0.223,0.666,0.00506,0.00431,0.0769,91.036,38
0n5ZqJlvj8IzEh0v70tTKD,Pobre Diabla,Don Omar,hip-hop,0.741,0.787,0.217,0.0179,0.771,91.993,0
7LGUoiFZeateHchVoH6sag,Space Rinse,Gøggs,garage,0.141,0.93,8.94e-05,0.0,0.426,171.567,24
5XnDEUn0QHWdr2bMJGIL1d,Algo Me Gusta De Ti,Wisin & Yandel;Chris Brown;T-Pain,electro,0.626,0.769,0.00291,0.0,0.237,127.949,0
5sPmgythKfFqmy0Id4QO1c,We Can't Be Friends,Black Tambourine,club,0.215,0.87,6.8e-05,0.89,0.787,158.384,20
3s5cJHIsm91npF99cASuZs,Me Acostumbré,Frankie Ruiz,salsa,0.695,0.832,0.24,0.0,0.949,100.777,28
6irsk0xHKzPEkJtE9y0dBR,→,SILENT SIREN,j-idol,0.522,0.805,0.00608,0.0,0.616,176.127,19
2ZaYFNn1YQuLSVdHhanr4Q,Only You,Joshua Radin,acoustic,0.545,0.255,0.362,1.77e-05,0.831,98.088,56
7Fe2hIvOFf1kwAIRavM66g,Toma Conta de Mim,Limão Com Mel;Vitor Fernandes,forro,0.578,0.802,0.455,3.15e-05,0.611,94.931,44
2pofAwAUipRcvvlMDS8Ftq,Plaster,Marco Carola,minimal-techno,0.813,0.791,4.03e-05,0.897,0.132,124.019,22
7B8gYnWbLG50QBO9liYhdq,Thrive On Chaos,Aril Brikha,detroit-techno,0.804,0.487,0.0755,0.939,0.19,124.978,7
0ftQHCFyMVXCjiwocMJNzi,Brimstone,Whitechapel,death-metal,0.381,0.968,4.05e-05,0.13,0.346,170.227,25
0iOlnzB8X94Ia2Qwe3G6u9,Diamonds Are A Girl's Best Friend,Julie London,jazz,0.477,0.306,0.822,0.0,0.608,171.829,0
3sGIinyzRCCb8VXHRoubOB,Going Away,Beenie Man,j-dance,0.583,0.537,0.088,0.0,0.527,80.027,22
2WncD1WUkjOeZz3FcbpP8b,Marry Christmas,salem ilese,indie-pop,0.541,0.753,0.0677,0.0,0.572,149.743,0
07eSFBlsPsdyi6GPofl6Y9,Deep Lake Trespass,Darkthrone,black-metal,0.294,0.998,1.69e-05,0.352,0.0339,133.99,18
1D5MuT24fjXenwTQ3hQADX,Heavens,Kozah,dubstep,0.498,0.945,0.00332,0.204,0.333,132.873,33
35EG4VdDBnnkiYbuepTwPr,Lovefool - Radio Edit,The Cardigans,swedish,0.645,0.686,0.0304,1.66e-06,0.941,111.793,1
6vllqtNt1bbEZzeabGwvGT,Under,Ellen Allien;Apparat,minimal-techno,0.782,0.929,0.012,0.845,0.377,129.991,17
1Vqp7VrSeMMzpg9JluibWA,Haunted House,Holly Humberstone,indie-pop,0.366,0.269,0.871,0.0,0.238,127.523,0
2oVIceKK4OhBqcWMsUDIeF,Entre amigos y chamamé,Conjunto Ivoti,folk,0.564,0.944,0.532,0.000101,0.965,193.663,43
58HbUazPyqUNcXenlaSWaA,Devil Doesn't Bargain,Alec Benjamin,electro,0.448,0.606,0.577,0.0,0.483,121.15,4
7AfjcBpxZKN1NRJdtDGCYx,If I Can't Get Down - Mixed,Mike Dunn,chicago-house,0.819,0.593,0.00336,0.0339,0.591,124.076,19
43myJvsPC9hA4Zu8k4cAPI,The Schmuel Song,Norbert Leo Butz,show-tunes,0.495,0.28,0.893,0.0,0.284,85.059,27
5ugV3rhvi2h6l52e1cIfLw,Kryptonite,3 Doors Down,alt-rock,0.544,0.848,0.00395,5.22e-05,0.489,99.039,0
1ZEHPid4qHr05Z7QpwLJuW,Soul Hacker,Fear Factory,industrial,0.591,0.958,1.26e-05,4.54e-05,0.696,125.031,53
0O7lENhqOySbsL743G7PqD,"Vermilion, Pt. 2",Slipknot,metal,0.589,0.442,0.334,0.000424,0.0904,122.688,68
5qG4mrKUlmGce1FA4wGrr7,10's,Pantera,groove,0.357,0.812,0.000598,0.0175,0.108,110.788,51
3A0gEDcUFMNNPJZx8ohaiR,A los Que Se Han Apagado,Eterna Inocencia,hardcore,0.288,0.95,1.6e-05,0.699,0.715,83.619,29
4GO7nRMoH2XnvXSIUqNMqg,Nada Pasó,Panteon Rococo,alt-rock,0.49,0.747,0.0759,0.000234,0.785,96.01,44
6871FKHumiy1Wfr6vF7Xxt,"Hawayein (From ""Jab Harry Met Sejal"")",Pritam;Arijit Singh,indian,0.606,0.601,0.796,0.000511,0.453,125.961,64
3Sz7Q3D89jYaOu7F8MXUxh,La vida en el barandal,PXNDX,emo,0.592,0.869,0.00626,0.00481,0.44,138.011,37
0Xs1Yh44j5cIgUQtOCBcQj,Sometimes Love,Apache Indian,dancehall,0.652,0.806,0.133,0.0,0.88,107.883,3
3xyr2xfbSZiZWWGsjLyMFh,Hotel,Claire Rosinkranz,indie-pop,0.856,0.656,0.484,0.0,0.949,133.927,66
1QyCgqdP1oI4NJOHjJyTNT,Besoin de toi,Germaine Franco,disney,0.172,0.0563,0.953,0.952,0.0339,74.611,31
0SWcUpvp1XvKDKJAcOqDNl,Descendo As Escadas,Dead Fish,hardcore,0.432,0.959,0.000358,0.0,0.637,92.122,31
31p6tz8zQMBS8oaNKwkoAm,Kick It - Mixed,The Breakfastaz,breakbeat,0.632,0.976,2.66e-05,0.91,0.476,137.957,13
64yiFscllWLU43qnEKLQ2S,Desconectando el corazón,Brock Ansiolitiko,spanish,0.603,0.521,0.929,8.49e-05,0.506,97.2,31
26Sw3iKfNsX2i0OnKqKXNi,Safety (feat. DJ Snake),GASHI;DJ Snake,soul,0.754,0.828,0.0276,0.0266,0.728,108.992,51
2Yrsev5D6RwqvPltgOmUcH,Blue Christmas,Brenda Lee,rockabilly,0.467,0.207,0.836,1.05e-06,0.247,90.02,0
42ChxDBUEHRivDvlBVkjIT,Tô Sozinho,Dorgival Dantas;Gusttavo Lima,forro,0.636,0.951,0.431,0.0,0.548,166.096,39
0oglz5q06CXysGBhL299OP,Nothing to Lose,Infraction,club,0.534,0.848,0.0138,0.000318,0.196,180.042,31
1WMOSQ1ru7b6mLgupPvuNL,Cicatrizes - Ao Vivo,Kleo Dibah & Rafael;Gusttavo Lima,sertanejo,0.603,0.844,0.346,0.0,0.589,137.971,49
5m7Ca5SkWEL3qPEScXcRw0,"Gaspard de la nuit, M. 55: I. Ondine, Lent",Maurice Ravel;Junichi Hirokami;Yukie Nagai;Malmö Symphony Orchestra,classical,0.192,0.0227,0.989,0.9,0.0354,68.257,0
4Bm9mh2IiaMU77PuIqIvsR,No Estés Triste,2 minutos,punk,0.572,0.958,0.00818,9.75e-06,0.36,99.963,43
1aMV2OFF5veqkOzEcEDgYL,Reality Check (ft. Tenor Fly),Freestylers;Tenor Fly,breakbeat,0.666,0.961,0.00586,0.0,0.797,174.064,12
0OiMOaoZzKb8eNlOj70d4V,Aloha 'Oe,Danny Carvalho,guitar,0.371,0.22,0.947,0.94,0.209,89.041,21
2Qy8QHwhjo0Y6TkN3zuB9i,Historia Triste,2 minutos,ska,0.394,0.975,3.69e-05,0.0,0.6,95.153,34
2WzOpYJhgIjcO7ASiJT8Xw,Christmas Wish - 2000 Remaster,Percy Sledge,soul,0.58,0.434,0.833,0.00162,0.399,78.612,0
5Qxv77f2INpoE1OeaOynrT,Aún Estás en Mis Sueños - En Vivo,Rata Blanca,heavy-metal,0.524,0.974,4.55e-05,0.0195,0.41,124.992,26
0PzMSkm1mgMjhahfa6of2j,The Actress,De-Phazz;David Thomas,trip-hop,0.578,0.468,0.363,0.745,0.43,160.092,18
4tjjtc6vREH274DfrwqcKB,Iravukal/Nights,Pina Colada Blues;XACHIN;GWS,malay,0.769,0.415,0.6,0.000882,0.554,129.984,30
1cjbGbHvx3UtHXXpBPVxo5,Wer nicht springt der muss bezahlen,Ina Colada,party,0.588,0.994,0.213,0.0,0.804,74.992,0
57DhVYA7E1CyrE4OKuyLb7,Ik Tera,Maninder Buttar,hip-hop,0.826,0.712,0.095,0.0,0.49,93.029,69
6Dh6nTzrGg1IsEL6K8PwSP,Big Fun,Inner City,detroit-techno,0.684,0.935,0.0822,0.284,0.964,120.13,7
2i4VsOvjYtbsm8KgPtnNFT,Take It Back,The Qemists;Enter Shikari,drum-and-bass,0.409,0.991,0.000333,8.98e-05,0.17,173.948,39
5iyNH1Dmxif1k4Nl1gMeuh,Masakali,Mohit Chauhan,pop-film,0.678,0.622,0.138,2.32e-06,0.535,100.005,62
1i663MaTN7dcRxv2UPKOlu,El Golem de Paternal,Skay Beilinson,metal,0.582,0.893,0.000184,0.0868,0.707,136.006,43
5XOs6i10yHUw6HUQ0cJDIa,Tired Of You,The Exies,grunge,0.369,0.643,0.00323,0.0,0.212,175.233,43
4ql2jVYt0hD3PFvcsKYVLP,Extra (Participação especial de Cidade Negra) - Acústico,Gilberto Gil;Cidade Negra,mpb,0.687,0.706,0.119,9.77e-05,0.791,164.394,43
2qpacEyFxmbxCpIEqZkqvC,You Are the Right One,Sports,soul,0.659,0.594,0.162,0.846,0.851,100.033,70
07hSCImGi0GMSKKRCgP8A5,Temple,Jean du Voyage,electronic,0.69,0.34,0.289,0.723,0.0485,130.019,51
6NHmhxG9u2IqlTbtFWZniU,So Sick,Jubël,house,0.575,0.75,0.294,0.0,0.298,99.86,0
32DLHQphXA99MgrdcUmWqo,Why,Together Pangea,garage,0.31,0.805,2.06e-05,0.0192,0.471,101.936,25
14okV3iEWZeXDiprLkqU2G,Strumień Świadomości,Truchło Strzygi,black-metal,0.276,0.886,7.66e-05,0.0378,0.365,94.63,22
7vR8sGqVg5HMEOEvECdzlQ,"En Kadhal Solla (From ""Paiya"")",Yuvan Shankar Raja;Tanvi Shah,k-pop,0.874,0.412,0.035,0.00684,0.56,105.019,60
1CAeeyQyXfuEfM13nSYuXi,PPP,Kevin Roldan,latin,0.798,0.625,0.383,3.33e-05,0.774,92.994,0
1rrfsZx03roakIPZXS2lXl,Thousand Lives,ARTY;Stadiumx;Jason Walker,edm,0.577,0.951,0.0243,6.94e-06,0.161,124.999,0
1jCftSMDGAfQksqL83Voas,Blaue Schönheit,Weißes Rauschen HD,sleep,0.165,0.431,0.905,0.956,0.00119,93.02,43
7AhSY7tH8oT0T9FpRKXl9q,No Me Conoce,Jhayco,latin,0.654,0.695,0.0643,0.0,0.582,81.153,1
3lhpuZdgqKdcX0WocldP8e,Koliwada Jhingla,Siddhi Ture,k-pop,0.737,0.902,0.464,0.000145,0.946,129.681,47
3djWekEDgbhAtkXGdFNbFt,BALD!,JPEGMAFIA,industrial,0.594,0.917,0.0372,0.0,0.675,154.703,58
7wnQTnZe2Q0O0WdKmODS50,Games People Play,Mel Tormé,jazz,0.576,0.462,0.581,0.0,0.881,119.718,0
3L4SkcXhs1r1zeTi3gskdp,Árvore Cortada - Acústico,Valesca Mayssa;Kellen Byanca,gospel,0.394,0.585,0.461,0.0,0.351,139.945,42
0VSbESTIeUvBjF9GbzF201,Forever,The Hit Parade,club,0.571,0.698,0.457,0.639,0.478,141.441,19
7FuOJwoa9XIwuJkLR8UNEN,Whisper To Me - Telomic Remix,Pola & Bryson;Telomic;Sammie Bella,drum-and-bass,0.53,0.904,0.000675,0.545,0.219,171.934,16
699lx9w3KBNADcEauCQHo2,O Mundo Dá Voltas - Ao Vivo,CPM 22,emo,0.38,0.989,0.000197,2.33e-05,0.363,139.745,35
1T8grchCkVHRzP2McY9ARx,Little Saint Nick - 1991 Remix,The Beach Boys,psych-rock,0.602,0.553,0.108,0.0,0.971,130.594,0
0XKN8MWK5LE4u7syOMQtv4,Only When You Leave,Spandau Ballet,disco,0.585,0.831,0.244,4.64e-06,0.701,137.271,34
6GT0oiQdjiYX91qgAMi7Vd,Nit Nit,Jasleen Royal,indian,0.442,0.412,0.781,0.0237,0.235,176.019,65
1KEi9GBOe3bXTj1WGM282v,El Mundo Que Nos Tocó Vivir,Chancho En Piedra,ska,0.575,0.767,0.0236,0.00023,0.858,190.045,39
3IVfQa12dbFGhkQ7gibmle,Runaway,Sebastian Yatra;Daddy Yankee;Natti Natasha;Jonas Brothers,reggaeton,0.751,0.848,0.0348,0.0,0.951,75.012,54
47faBK5vAgnCJC6ZAYJ5pJ,Broken Glass,The Crystal Method,breakbeat,0.604,0.869,0.000845,0.663,0.539,103.01,14
2M3pgB4TfBkY5s4lTgFIO0,Nem Dói Mais - Ao Vivo,Matheus & Kauan,sertanejo,0.498,0.93,0.0793,0.0,0.427,159.833,51
06yBbXZZ1Tl3phgAXslpQR,Following Directions With Exercise,Mark D. Pencil,kids,0.934,0.605,0.00577,0.0182,0.673,94.972,9
0AQ1vnoeXnJXPQrDzso1KE,Out of Control - Radio Edit,Ran-D,hardstyle,0.521,0.931,0.0161,0.0,0.223,154.959,0
2RyGr2kjQXzMLsjc3ahy3c,Do Lacre ao Lucro,Surra,death-metal,0.256,1.0,0.0129,0.0,0.0674,87.806,22
6O0gTdRYrYQ3Fsm8IFMFSs,Dead Man's Party,Oingo Boingo,synth-pop,0.567,0.92,0.468,4.04e-05,0.9,161.004,0
7KUjWJJiYjasHOlNdnYd55,Todo Carnaval Tem Seu Fim,Los Hermanos,r-n-b,0.559,0.489,0.0592,0.0129,0.178,105.719,46
1X05eLTP7oE3B2hxI1itqF,Me Time,Paloma Faith,british,0.529,0.748,0.0534,0.0,0.523,81.993,43
5pUrlEGxrzuC2PzjcqBFRA,Phir Bekhabar,Ashwin Adwani,singer-songwriter,0.678,0.479,0.402,0.0,0.619,92.532,38
05dOwXEMiQSQyBdVi4WrCB,Coastal Rain,Rain Sounds,sleep,0.179,0.05,1.17e-06,0.461,0.0,81.128,43
12uKPMZ4pjNNwMQAYXlS4D,Heart,Yiruma,new-age,0.492,0.0397,0.995,0.919,0.0797,126.178,46
6d1XH0OKwZVbITLqPoToDg,Starry Sky,April Baxter,piano,0.563,0.0253,0.991,0.831,0.0987,108.367,60
6fAHBCwfEW9FwaPK7nYidE,Alive,R3HAB;Vini Vici;PANGEA;DEGO,progressive-house,0.63,0.858,0.0154,0.0079,0.365,137.98,26
3MrkW5fnetjLANJpTcWQK5,Retaliation,The Chisel,garage,0.384,0.858,0.00123,0.839,0.821,97.735,31
2ON9ukivpm8TbgRpYaabZd,Reach Up & Catch The Stars!,Dora The Explorer,kids,0.701,0.68,0.24,0.000568,0.766,135.605,22
1bOENKlPYEDXyH9kLFUsnj,Animals,Nickelback,alt-rock,0.569,0.963,0.000787,0.0256,0.82,76.995,3
4lOw9U5IDaRHOYM9p1TGxv,I Had A Heart,Real Friends,emo,0.608,0.851,0.0191,0.0,0.409,129.997,0
500mvzh7TRZ0YdnVeHhj8b,Light It Up - Remix,Major Lazer;Nyla;Fuse ODG,edm,0.747,0.877,0.0375,0.000833,0.752,107.991,67
5mKcwkUfjG9PaQ4KywZxVx,my baby (feat. Emilia Ali),Kina;Emilia Ali,sad,0.536,0.287,0.906,0.000984,0.333,63.198,44
0MeV7qXq0uiTFss0NJpLcD,If I Never,Ex-Voto,goth,0.545,0.833,0.000112,0.761,0.754,119.971,21
6UXAHCV9ClJgBlJifl4FRK,Lost Highway,Leon Payne,honky-tonk,0.448,0.423,0.709,0.0,0.674,155.094,14
41rLNM8aKivB8PfuJqz66X,肯去承擔愛 (無線電視劇[射鵰英雄傳之東邪西毒]插曲),Jenny Tseng,cantopop,0.366,0.247,0.814,2.13e-05,0.231,151.666,21
4siMTRzFfe2zuZDjRU3OFm,More Life,Torren Foot,groove,0.675,0.929,0.00125,0.802,0.525,125.034,46
0pM7PCxuclmb1qsjTqt6WX,Nenjinile Rebirth,Chris G.;Mc Sai;Sahi Siva,hip-hop,0.706,0.913,0.115,0.0,0.712,149.886,59
5ZaKWYtQTpOyRogPpE5Tyj,BAKU,Ikimonogakari,anime,0.64,0.939,0.068,0.0,0.756,113.985,49
5aWL7dDwhhxVfALMbSx2G1,Telefone Mudo,Trio Parada Dura,sertanejo,0.658,0.493,0.374,0.0,0.557,95.94,55
4WL9q9SK8qIlleTzocUAtZ,You,Dan + Shay,country,0.544,0.572,0.118,0.0,0.52,169.885,0
37O5phPvMfJZBIscgXlw4a,Darker Still,Parkway Drive,metalcore,0.499,0.491,0.0102,0.271,0.13,80.026,61
0am42GfUaKWZaeHnvezbVn,"Romansy i pesni: No. 13, Dlya beregov otchizny dal'ney",Ivan Kozlovsky;Matvey Sakharov,romance,0.351,0.0698,0.993,0.0,0.0759,63.622,0
3Sn7quA1I90yLHgmsjsIrs,Rei do Gado,Sérgio Reis,sertanejo,0.549,0.239,0.863,0.0,0.616,201.486,47
0sQOu81sRI3oY5mdEKXSWr,"Unnaithanea (From ""Thaalam"")",Sujatha;Deepika,malay,0.84,0.48,0.0349,0.00233,0.498,94.957,25
17dxXweuShPwv4eXAqJMXz,Sedate Dawn,Quinn Joshua,sleep,0.0999,0.0273,0.91,0.66,0.117,68.322,58
3KQP5M4zrt0myc3SL9Gs1N,Let It Snow! Let It Snow! Let It Snow!,Dean Martin,jazz,0.484,0.332,0.787,0.0,0.683,134.999,0
05xWMCEACbp9K5UlK6kBOx,De la Cuna al Cajón,La Transa,ska,0.701,0.822,0.633,3.44e-05,0.887,113.104,36
3RVmWZ1msOgPZJzVcwlYVc,Undefeated,Govana,j-dance,0.674,0.739,0.179,0.0,0.599,92.983,20
2akrIna6A1btLmjPBN8YKI,Diamonds (feat. Aleyna Tilki),Jubël;Aleyna Tilki,swedish,0.66,0.801,0.0407,1.58e-06,0.53,120.064,62
2L7qzGqRIWrLw2YDdB6azz,"Divine Moments of Truth - Astrix, Loud & The Lost Secret Door Remix",Shpongle;The Lost Secret Door;Astrix;Loud,trance,0.454,0.766,0.0194,0.433,0.0386,140.008,35
1J9f1ooloQme6G8vhgKibt,Mere Dholna (Arijit Version),Pritam;Arijit Singh,indian,0.681,0.917,0.343,0.0,0.772,116.03,56
6iQz54AGEoITB0wgFi3zfz,Heartbeat,Wham!,synth-pop,0.545,0.552,0.16,0.0,0.821,134.912,43
6BfcsqkEaFST34Sjbdrhwf,Kottayam Duke,GWS;ThirumaLi,malay,0.767,0.571,0.103,0.0,0.236,119.999,30
1eyQlEu1FIVPMUfEldssSm,Varseop,Richard Devine,idm,0.726,0.731,0.00414,0.668,0.229,149.891,10
4EQgglW6i0afBnFc3C6l6n,Never Yours,DARE,hardcore,0.32,0.872,4.86e-05,0.00727,0.648,132.217,28
2KOxgVJN5IGm8Of4IARigO,Shu's Sonata,Mayumi Sasaki,piano,0.198,0.0224,0.99,0.87,0.12,73.883,49
1ltehpXIrDY99obn04IxFz,Split,STUCA,dubstep,0.617,0.825,0.0353,0.0273,0.345,153.914,41
6yJBlQBjdYtzNai4lLyiRf,Mi Princesa,David Bisbal,spanish,0.528,0.374,0.781,0.0,0.49,102.74,36
23cqzNgiHih6gtLGN559p2,Delirium,MEUTE,electronic,0.685,0.921,0.386,0.935,0.328,124.984,0
4uK0HBycTNPrY2gBz86aT0,WIZZ (COBRAH REMIX),COUCOU CHLOE;COBRAH,club,0.766,0.701,0.261,0.447,0.568,135.991,52
5RmtuRIe8FJg9FRegwCqzW,EVERBLUE,Omoinotake,j-pop,0.597,0.895,0.0463,0.0,0.498,134.985,56
4RGxUjaCmVtD30pIhtEi7w,Sunshine Superman,Donovan,british,0.629,0.677,0.122,9.72e-06,0.627,132.783,59
0xgdVxRQS6s35MtlrN3P4C,One More,SG Lewis;Nile Rodgers,indie,0.722,0.784,0.00668,5.31e-06,0.768,119.988,5
7cTmN2Xe67zAInUHw67IVD,Avalanche,Bekar,french,0.808,0.615,0.164,0.0,0.412,123.148,34
3d7i3jKVPe6zd5Bb0CDE5T,With A Memory Like Mine,Tim O'Brien;Darrell Scott,bluegrass,0.481,0.547,0.664,1.37e-05,0.751,138.953,22
519eqhlMqX9NTiC65A6lwI,Twist the Knife,Frozen Soul,death-metal,0.288,0.925,1.75e-05,0.937,0.116,128.824,24
2twRRzKh1cq4bKoOIIwaVJ,Little Star,Royal Headache,power-pop,0.344,0.932,1.15e-05,0.824,0.405,101.15,22
4CM2CpR5UpFoObTmuFOUIj,Favela,Antônio Carlos Jobim,brazil,0.457,0.224,0.715,1.2e-06,0.48,80.845,0
3rxpe1YU6L3zsYERbzDo0K,Fascination - 2012 Remaster,Everything But The Girl,trip-hop,0.404,0.216,0.865,0.0,0.321,144.631,26
1vwHjj8DQgfjE5o63ILgM6,Pulang,SATCF,emo,0.336,0.981,6.47e-05,1.87e-05,0.426,200.141,38
0jRdMXriTIWk0Bjr3ZSp49,Flowers in Fire,Cadaveria,black-metal,0.462,0.744,7.97e-05,0.0854,0.0621,134.063,18
79SCIhOaRBqHdrBurD2JKb,Burn It Down,Mandragora,trance,0.778,0.696,0.0103,0.869,0.383,134.99,35
0wzPtKCOIaIYImBblrBcaC,2step,Ed Sheeran;Lil Baby,pop,0.693,0.643,0.138,0.0,0.477,95.055,0
7fk9ARalp4Z9HmPhw91Nax,Grauspecht,Dominik Eulberg,minimal-techno,0.558,0.687,0.274,0.909,0.0473,118.006,20
36AgakpKJ3bchn2Sz3FrZw,Eliminación,Los Crudos,power-pop,0.235,0.901,0.000153,0.947,0.913,167.057,23
66iX4HzM7YnmxmUZOSCG2F,"Cry for the Moon (The Embrace That Smothers , Pt. 4)",Epica,goth,0.446,0.902,0.00634,0.000345,0.302,180.115,54
1O5AqyUHm8vH8XGr173ugY,Devaralan Aattam,A.R. Rahman;Yogi Sekar,pop-film,0.828,0.707,0.303,0.0,0.441,141.096,69
3W0wCpIAMV6NZeoYlCd4JY,Survey Selva - D-Stroyer Remix,Vermont (BR);D-Stroyer,trance,0.535,0.943,0.00131,0.587,0.0995,155.046,38
4OpQnT22ntW73F9PHBpacP,"Nature Sounds: Constant Sound Masking Radio Ambience Waves, Gurgles (Quartz Creek)",Natural White Noise Relaxation,sleep,0.189,0.993,0.119,0.948,0.00361,59.47,48
7eflaRnXGmpD5Dk7coPvec,Don't Leave Me This Way - Single Version,Thelma Houston,disco,0.529,0.671,0.0972,9.99e-06,0.673,121.071,28
1oIG104FLMwmyx7ozw1iRg,Constitutional Hell,Napalm Death,grindcore,0.321,0.996,1.23e-05,0.0143,0.078,104.048,15
1GU90z6vuJ8XtQu0XLzyDH,Let It Be Me,Michael Ball;Alfie Boe,opera,0.337,0.264,0.797,0.0647,0.145,90.013,25
2B88a2MLXuyPgirL0sMjMO,Tudo Vai Dar Certo,Thiago Jhonathan (TJ),forro,0.717,0.906,0.209,0.0,0.971,174.077,43
3qZ0bcvpxtd6uLzhNJb6Z1,Guardianas de los Océanos,Lucas Cervetti,world-music,0.0765,0.317,0.797,0.869,0.124,80.168,24
6Qi1MNFHCLo4bVsV14MOmz,Libertad,Nil Moliner,spanish,0.605,0.703,0.0648,0.0,0.686,132.081,61
7g8cjrj0sXScNE727685JE,"Kernkraft 400 - DJ Gius Mix, Radio Edit",Zombie Nation,techno,0.714,0.528,0.00415,0.854,0.297,139.983,64
2LLGg6ai9VJ5VustLsfVZE,Christmas Night In Harlem - Single Version,Louis Armstrong;Benny Carter,jazz,0.543,0.36,0.727,0.0,0.595,149.431,0
2siPIDw2cTH22BnIEOCvSF,623,Cloud Rat,grindcore,0.42,0.691,0.00664,0.306,0.0977,100.019,14
2hh0DDX5PQH8xvS02VHSbP,Augmented Devastation,DeadSquad,death-metal,0.26,0.956,6.4e-05,0.716,0.104,130.582,25
3mnT6XIOxHvfRAV9ErRAWa,Waltz Across Texas,Ernest Tubb;Cal Smith,honky-tonk,0.63,0.514,0.749,8.18e-05,0.428,98.557,11
2uTPHrN8zqYnHUb6Wuz1FC,Salzburg,Worakls,minimal-techno,0.847,0.346,0.00339,0.918,0.404,126.009,55
0ybDYDwTq51aP5pSTtbep1,Silent Night,The Temptations,funk,0.277,0.344,0.215,8.6e-06,0.241,89.643,0
4bDDQM7keY5TP1Z8oAQQFL,Eet The Children,Otep,industrial,0.383,0.974,4.31e-05,0.0107,0.121,122.119,23
2B7RVALbwFp9H5CJTanJMj,Pandemierda (Kornvid 19),Asspera,heavy-metal,0.61,0.75,0.000315,0.182,0.155,139.97,24
41CfpQPDIwq6LUsQspDEoa,Acorazado Belgrano,Tren Loco,heavy-metal,0.446,0.885,0.000316,1.09e-05,0.421,99.95,24
1zexNfdOpmr21LpIr09IRe,Our God,Chris Tomlin,world-music,0.509,0.778,0.00998,0.0,0.216,105.066,39
0Wk9bnyJcfQRMF0XVu51ph,Front To Back - Original Sin Mix,Sigma,drum-and-bass,0.439,0.949,0.00012,0.778,0.484,174.966,15
7K8t9RlR5gSMR1a9ouugDK,Devotion - Extended Version,Ten City,chicago-house,0.717,0.494,0.338,0.386,0.732,120.261,14
4wbDt0iAV0zavwwiFA4tej,Ech odessa,Ivan Rebroff,romance,0.629,0.694,0.65,0.0,0.883,113.339,15
2NBYiYtI4v1ujkhHZBq3xw,Invincible (feat. Stefflon Don),Sidhu Moose Wala;Stefflon Don,hip-hop,0.774,0.672,0.276,1.82e-05,0.307,107.956,66
4ZPUnOBJG4Qg8zQGe68s6d,Eterna,Slam,minimal-techno,0.679,0.897,0.000479,0.87,0.0789,122.648,18
4uTCvtZPulqrD4zf6tAyBm,Inevitable,Dulce María,latin,0.695,0.884,0.156,1.63e-05,0.717,128.038,0
5LzVKrYZp1QGb7hWT3WeUP,Pancakes,Tream,party,0.727,0.822,0.355,0.0,0.802,146.06,31
6W4WxXJUcd6A3XmzZrvO0y,Esperando aviões - Ao vivo,Vander Lee,mpb,0.447,0.257,0.911,0.0,0.102,119.405,38
6AZfzjA2KJBsvRYrbI30Ql,Current,André Sobota,minimal-techno,0.63,0.752,0.0023,0.746,0.151,122.997,37
3hcwpXiJtR7kwDrWllcH0v,Madhubala,Amit Trivedi,pop-film,0.671,0.182,0.983,0.0154,0.336,107.872,57
6GgeQ4ZB0Y8hS0ngdWzahy,Aropador,Plastilina Mosh,afrobeat,0.783,0.506,0.952,0.918,0.397,117.147,21
3UWMhUp0mY8BYN09mS7b63,Porzellan und Elefanten,Deichkind,german,0.625,0.586,0.00354,0.00322,0.503,159.273,38
1aHRhPwlNTNdMsDcYicxb6,Do You Know,Diljit Dosanjh,pop-film,0.697,0.796,0.155,0.0,0.312,85.002,58
2zT6KfK583MkcLIHLBO8De,Dil De Diya Hai,Anand Raj Anand,pop-film,0.599,0.689,0.618,1.1e-05,0.537,86.927,58
6O1VWYPfl85dDeKiaCJKza,Chiru Chiru,Yuvan Shankar Raja;Haricharan;Sagar Desai,k-pop,0.722,0.496,0.223,0.000507,0.645,92.007,62
4zZQfvADXjFyW36bm7eDEu,Nia,The Panasdalam,blues,0.633,0.522,0.00749,0.00102,0.595,135.285,37
25R9Ax7cdjWx0EDr2HAKoA,Deathlessness,AJJ,acoustic,0.554,0.655,0.00193,0.56,0.363,100.423,27
6nBlhtS473a5X4zanyJn8T,Desabafo e Desafio,Moraes Moreira,samba,0.652,0.58,0.218,0.0,0.79,102.146,38
5Fo6raKxBGpScXX0Twf82e,Jupiter,Flower Face,ambient,0.459,0.326,0.896,0.0132,0.0864,90.042,58
4aIy87lPh02Q3r1VfLHKd7,Strange Clouds,"Sarah, the Illstrumentalist",study,0.812,0.435,0.00988,0.895,0.802,122.05,11
4Qg4gd7Sw9eBKQk7yusP2Q,Shhhh With Low Hum,Silent Knights,sleep,0.257,0.857,0.324,0.0,0.0275,127.43,40
4mQZp6NPkTwwMxlnDsRUBF,Exploitation,Nailbomb,death-metal,0.22,0.956,0.000149,0.503,0.21,105.293,25
47H1TH4VS8LRdgyOZWM96l,Kunteper,Şehinşah,turkish,0.875,0.688,0.61,0.0,0.696,150.043,48
0xzI1KAr0Yd9tv8jlIk3sn,Bad Decisions (with BTS & Snoop Dogg),benny blanco;BTS;Snoop Dogg,dance,0.762,0.861,0.0185,0.0,0.955,120.048,87
3VeVNC1XuZrReIJymrbAU6,Dark Market - Original Mix,UMEK,minimal-techno,0.745,0.964,2.82e-05,0.879,0.0361,129.002,38
7HaG5yp38G71jppX9puYMv,Bella Ciao,Kvatro,romance,0.493,0.833,0.209,0.0,0.43,135.988,5
4PSzIyHIztKqlrM05x3bDq,The Ball,Andrew Lloyd Webber;Helen George;Laura Baldwin;Victoria Hamilton-Barritt;Ivano Turco;Georgina Castle;Carrie Hope Fletcher,show-tunes,0.492,0.29,0.764,0.0,0.422,143.386,24
3jOdjEVdD0mbsGWhpemZBG,Me and Klik,Kodak Black;John Wicks;Jackboy,hip-hop,0.709,0.733,0.164,0.0,0.212,140.006,0
2yruHlh8qTlfVWPeN7HLfz,Bichos escrotos,Titãs,hard-rock,0.586,0.858,0.00527,0.000244,0.812,144.632,41
1OteBKmZphU0rpNO8Qlzdn,A Casa Em Frente Ao Cemitério,Matanza,hard-rock,0.553,0.945,0.00134,0.000679,0.593,126.078,34
1XdT7DTiplnVSVvO3v3nWk,Hasta Siempre Amor,Carlos Di Sarli;Horacio Cásares,tango,0.413,0.285,0.596,0.0,0.683,115.896,20
5eSVftEHhe9oWK3POAsoeu,Last Dance,Jade Key;BrillLion;Wildberry,dubstep,0.525,0.837,0.266,2.19e-05,0.398,144.955,33
5xe8JKOPu53Q2Fa2FRuCfZ,Come to My Aid - 2008 Remaster,Simply Red,british,0.771,0.898,0.299,0.0899,0.961,116.204,1
2Ds474qqtyqLLchiomhcqn,"Verdi: Aida, Act 2: ""Gloria all'Egitto, ad Iside"" (Coro)","Giuseppe Verdi;Riccardo Muti;Chorus of the Royal Opera House, Covent Garden;Trumpeters of the Royal Military School of Music;New Philharmonia Orchestra",opera,0.26,0.279,0.981,0.235,0.218,92.906,25
5q1PhLrabZQaYR9SQEob2N,Obrigado Tempestade,Hateen,hardcore,0.454,0.973,0.000996,0.0112,0.849,80.002,31
23zxuxHVaTHqcJ2fwmn1IZ,Debaixo D'água / Agora,Maria Bethânia,samba,0.785,0.178,0.785,0.0,0.461,73.147,37
6XdHZr9iXdqc4Q76wtgbqr,The Way You Felt,Alec Benjamin,electro,0.872,0.52,0.715,0.0,0.736,131.918,61
5g16JoBfDBqq3Rb5DvsYVX,BRB - Acoustic Version,Mahalia,alternative,0.712,0.251,0.807,0.0,0.627,79.956,0
6pyex9B1kBoRIuabBAc4m8,Jailhouse Rock,Elvis Presley,rock-n-roll,0.635,0.672,0.314,5.03e-06,0.895,166.903,57
6Dtl4TnL9buWnPr3om1tPV,About You,Korsakoff,happy,0.55,0.956,0.427,0.163,0.266,150.031,19
0NXH0Te1ZDnKGDPqwomITQ,Winter Wonderland - Single Version,Louis Armstrong,jazz,0.431,0.215,0.777,0.0,0.401,77.108,0
6NvIIosKqhiT9JVgQWBvWV,Perfume de Carnaval,Sandra Luna;Franco Luciani;Peteco Carabajal,tango,0.398,0.338,0.823,0.0,0.339,151.48,21
1bkdJsC4ZWDo8j8ekJWMeD,煎熬,Jess Lee,mandopop,0.379,0.39,0.465,6.14e-06,0.154,139.197,54
3Eyi2JGY0xLcPdvn4AbWaX,Ancient Pillars,Alphaxone,iranian,0.0888,0.18,0.488,0.918,0.0305,78.826,10
3VULsG4EYyGtH2KSR839wb,Touchness,Enigma,new-age,0.387,0.565,0.0722,0.74,0.228,177.399,41
6KaKWREZ5U23tciDfjwgOM,Every Valley Shall Be Exalted (Remastered 2014),Traditional;London Philharmonic Orchestra;The London Philharmonic Chorus,sleep,0.191,0.144,0.958,0.0096,0.0397,82.429,0
162r9XHCME8puEY5Divn2D,Melodía de Arrabal (Remastered 2022),Carlos Gardel,tango,0.688,0.242,0.993,2.36e-06,0.6,123.172,19
4y52IOOi2eSnO7V98wFANC,O Céu Se Abre - Ao Vivo,Ministério Adoração e Vida,brazil,0.303,0.577,0.403,3.49e-06,0.356,143.653,48
571md1FedFYFaYUMUktYaF,ЮМОРИСТ - Original Motion Picture Soundtrack,FACE,emo,0.842,0.7,0.058,7.54e-06,0.846,153.969,57
4jPaFHFNyqy33t2h6GEEcz,Drive the Car,Christopher Zondaflex Tyler,kids,0.945,0.28,0.0244,0.0,0.604,107.983,14
5fMy36xPHP4PEgsirxLmma,Something Beautiful,Armin van Buuren,progressive-house,0.581,0.821,0.00981,0.0,0.514,120.733,0
2BK6ZWj4NqTK8rDPPUorEA,Silent - Original Mix,Hozho,techno,0.8,0.703,0.0345,0.852,0.272,126.998,36
3AJ0MFDt4OSknQ5D9Jlo4l,Samba Sambei,Criolo,afrobeat,0.87,0.737,0.268,0.00369,0.952,136.07,37
7isH8QgF9lm4QxOmoCVXL6,Amor de Índio - Ao Vivo,Roupa Nova,mpb,0.447,0.763,0.267,0.0,0.579,107.249,39
5Ts1dR3cOr57PopiHRFUep,Sen Kimseyi Sevemezsin,Zeki Müren,j-rock,0.383,0.763,0.573,0.431,0.648,144.475,37
4kBDDlh8PN6SRobI0uANK1,Move Me,Badflower,grunge,0.283,0.677,0.0722,0.0,0.188,81.246,54
0wUxh6XMc698xPCfgBaPRV,Dreamer,Martin Garrix;Mike Yung,progressive-house,0.532,0.639,0.0507,0.00131,0.198,105.0,49
5rtMEQ0bYdTTLAu2INE4r2,Guerres de clocher,Québec Redneck Bluegrass Project,punk,0.579,0.673,0.875,1.76e-05,0.79,97.795,39
3oyc1mIdCBGaU55wX7otqM,Pump It Up - 2021 Remaster,Elvis Costello & The Attractions,power-pop,0.645,0.809,0.00921,0.00108,0.966,138.978,62
03YUNUpazIbzwqJq2YSBvB,Kilometre,Burna Boy,dancehall,0.852,0.666,0.0158,2.59e-05,0.648,103.007,63
0UzBSh6GnmIj2u0X4KCkWO,Die Another Day,Eyes Wide Open,metalcore,0.439,0.752,0.00103,6.74e-06,0.424,160.083,26
5FCzMiHrGRayOu12J65Syp,Can You Feel It,JADED,groove,0.681,0.851,0.0315,0.0868,0.221,125.981,52
7d7whQmni6ZvmfkWE5XEAX,Dua Lipa,Jack Harlow,hip-hop,0.833,0.652,0.00161,0.0985,0.405,158.022,0
0UJ0B197F881nGIJ23wLRp,"Night Time (No Fade, Seamless Loop)",White Noise Therapy,sleep,0.14,0.887,0.937,0.366,0.00897,140.183,35
5h9f6U69Gi7d5DXO1OQFCZ,Finger Family,CoComelon,children,0.816,0.565,0.352,1.38e-05,0.965,119.983,46
5b4ja1psqZ59QnyrdwudFW,"Los Pikis Exitos de Salsa Erótica, Vol. 2",Ronald Borjas;Nando de la Gente;Adelmo Gauna,reggaeton,0.554,0.825,0.342,0.0,0.848,91.464,40
1e3ijfv11bgydFHoJpm64F,Lonesome Road Blues,Flatt & Scruggs,bluegrass,0.341,0.82,0.144,0.943,0.967,149.756,22
0pWcUM0z72DhTW7j0fa0QM,Besabriyaan,Armaan Malik,pop-film,0.338,0.459,0.533,1.33e-05,0.32,81.203,60
0RiBqUX5tKiF04fLWBCOyl,Legs - '96 Hardcore Remix,DJ Waxweazle,happy,0.719,0.963,0.000973,0.911,0.176,94.831,17
0ileL1L3Vtpf5VZ5RQZ94m,Found/Tonight,Ben Platt;Lin-Manuel Miranda,show-tunes,0.349,0.307,0.801,0.0,0.447,80.964,57
44O26Gv1wQrlUj14PpTolM,"Halka Halka (From ""Fanney Khan"")",Sunidhi Chauhan;Divya Kumar;Amit Trivedi,pop-film,0.691,0.796,0.0495,0.0,0.541,127.985,61
1OeJ0WI8mqQxrAIOCkTxNg,Dumb Ideas,Bad//Dreems,garage,0.524,0.846,0.000749,0.00142,0.57,146.194,26
7Lbp0AizgtTGyQyRyJOm7f,一絲不掛,Eason Chan,cantopop,0.516,0.545,0.722,0.0,0.534,143.99,35
4yBGYJQwysViqy29lfJM4z,Alma Que Sangra - Ao Vivo,Felipe Vilela;Pedro Schin,groove,0.623,0.78,0.135,0.0,0.727,178.015,24
11cOcWyGNmoQPIhOgxKQq4,Anioł Wie...,Urszula,synth-pop,0.6,0.62,0.00225,0.0,0.573,132.9,31
4B6ko7lt1sUtyFzBDF4yfK,Pajaros de Barro,Manolo Garcia,spanish,0.719,0.597,0.485,0.0,0.651,144.99,63
5p3nvmoaAY03qGmBQApn0w,Moonshadow - Remastered 2021,Yusuf / Cat Stevens,british,0.636,0.373,0.56,2.94e-06,0.548,130.618,61
1UVpssTkGk1wgHcnzLpPbd,Bestel Mar (Rowwen Hèze),Ricardo Moreno,hardstyle,0.61,0.905,0.00396,0.11,0.411,159.982,29
3GAclAxw8ZkD2HjOkB6Beo,The Best Side Of Life,Sarah Connor,german,0.631,0.634,0.568,0.0,0.569,90.947,0
1ibeKVCiXORhvUpMmtsQWq,Pieces,Sum 41,punk,0.457,0.83,0.00682,0.00337,0.602,99.93,69
3zzIO4KB7dz0fMSD2f7TyS,"The World (From ""Death Note"")",Kenzie Smith Piano,piano,0.345,0.415,0.865,0.665,0.269,89.972,28
3tE5YyZdaQrPlIRtcybzA6,Mega Funk É Sempre Assim - REMIX,Dreysson Rodrigues;MC Gui Andrade;DJ Léo BQ,funk,0.95,0.476,0.0109,0.0,0.331,124.036,43
1ZEOIhSn6BKErV59bIgn76,California Dreamin',The Mamas & The Papas,folk,0.548,0.728,0.424,0.0,0.649,112.332,69
4lb1IHBZ2eYTk49vPR0bMg,Jfc,The Acacia Strain,death-metal,0.269,0.919,0.00564,0.00342,0.21,89.989,24
2H5hsIskRNVnO5IIbOfcko,Moon In Your Eye,Kaitlyn Aurelia Smith;Emile Mosseri,synth-pop,0.22,0.272,0.954,0.977,0.0385,91.731,41
7nsjEFAhjOyXUritsAThHP,The World Is Upside Down - Original Broadway Cast Recording,Matthew Morrison;Kelsey Grammer;Aidan Gemme;Christopher Paul Richards;Sawyer Nunes;Alex Dreier,show-tunes,0.648,0.428,0.641,0.0,0.566,127.285,27
1mfDXxub0FHXqLVm0b9RDx,Back to the Jungle,State of Mind,drum-and-bass,0.539,0.991,7.6e-05,0.888,0.117,175.029,19
06oWuRT5ZoQIxmiPOEEe9R,Unemployed Boyfriend,Everclear,grunge,0.488,0.926,0.00373,0.000305,0.76,94.743,26
1dYE0oCGmtPdlWAlZMP2ya,Bem Vinda - Ao Vivo,Jeito Moleque,pagode,0.541,0.56,0.213,0.0,0.536,99.949,43
2frzTmZ8Yy0DkTszstwGw6,I'm on Fire,Wild Wax Combo,rockabilly,0.562,0.857,0.604,0.0,0.864,139.542,22
083S05Z9v1loxTWYUzrTZo,De Kalder Mig Skurken,Skurken,idm,0.68,0.632,0.695,0.0,0.562,152.091,11
0MRDRET4b0g922jnhfY4aF,Finale (Tango Apasionado) - 2009 Remaster,Astor Piazzolla,tango,0.307,0.151,0.121,0.546,0.0716,95.448,16
3O3HHDnbE2Zow2oScWPheD,Half a Cell,CIRRUS,breakbeat,0.505,0.854,0.0177,0.00523,0.541,179.976,9
4TKqIJa1LtoJ2wlmOOrB9w,La Película,Yan Collazo,salsa,0.735,0.746,0.683,0.000162,0.909,176.991,33
27nWNbh3Emi36k8RxZs7JM,Are We Here (Who Are They?),Orbital,breakbeat,0.565,0.846,0.0353,0.585,0.0941,142.974,14
3SAv82Quz3LQyBJcBdYdK2,Movin' on,J SOUL BROTHERS III,j-pop,0.574,0.856,0.0409,0.0,0.315,86.995,38
2kQBSdOhGV4VEvMRihLrYn,Nothing Left 1,Orbital,breakbeat,0.458,0.824,0.0102,0.712,0.187,132.897,16
2GxINuvAsETA0TmO3bebLU,Say Go,The Upbeats;Mara TK,drum-and-bass,0.452,0.909,0.073,0.289,0.12,86.662,20
4bzITzu8lTBrupHwx5vYLs,It Don't Matter,Jacob Collier;JoJo,alternative,0.713,0.373,0.547,0.00117,0.606,89.933,1
3ETpSnZ7CAU5ebe0glWfnf,Apna Karenge,Spitfire,punk,0.895,0.787,0.142,0.0,0.785,98.093,29
2wql0u86S9F7n983FXq3XW,Communiqué,Prick,industrial,0.448,0.986,0.0149,0.000333,0.157,160.056,21
1FY2Ajg1MtXK05qxXD2q1O,Sweet Lullaby - Version 2021,Deep Forest,new-age,0.571,0.504,0.228,0.371,0.468,90.044,33
6OSMpkDI07RGZD1ttZWzTW,Court-Circuit Dans Mon Esprit,Arno;Sofiane Pamart,blues,0.384,0.199,0.791,9.98e-06,0.226,142.118,37
3ywytFNiWrmc59LKpGP6NY,El Arte del Buen Comer,Patricio Rey y sus Redonditos de Ricota,alt-rock,0.682,0.704,0.0205,5.66e-05,0.298,105.889,46
75lKaV5gGtq4E3EBhpLn4Y,ALT FUTURE LOVERS - feat. ☆Taku Takahashi,Ryuji Imaichi;☆Taku Takahashi,j-dance,0.321,0.65,0.104,0.0,0.662,76.25,21
6FKU84JHM1lbiy5Dx0Dyqd,The Joker,Steve Miller Band,psych-rock,0.417,0.339,0.454,2.26e-05,0.719,165.451,67
2g0jtidDDdmUMrSjGSPzP1,Naughty Naughty,Porcelain Black,industrial,0.61,0.865,0.0154,0.000232,0.212,133.986,41
6XbmIuDxm4gWpVYoGg5DQX,Where I Belong (feat. We The Kings),Simple Plan;State Champs;We The Kings,punk-rock,0.477,0.964,0.000295,0.0,0.597,92.065,59
1zT20Rgscp6BAqMhMMFFtV,December,Norah Jones,j-pop,0.414,0.131,0.934,7.88e-05,0.112,143.778,0
1xZS63xkvT4f8r1SGpePtN,Kuudet raamit,Stam1na,heavy-metal,0.423,0.984,0.000106,2.89e-05,0.12,140.09,30
1TkyDEdjiUuYhoMkxdZCiO,Tere Hi Hum,Prateek Kuhad,folk,0.738,0.305,0.851,1.74e-05,0.489,116.07,58
6vJaXvEXh6HOeiEZLFDhrp,You Belong With Me (Taylor’s Version),Taylor Swift,pop,0.632,0.773,0.0623,0.0,0.474,130.033,9
1RzFvUxCcCdIIMbqNt7lQd,Non Ti Dico No,Boomdabash;Loredana Bertè,reggae,0.658,0.742,0.0438,0.0,0.798,171.939,0
0HDm8hVrpUDAXLmvortmoy,Jaadoogari,Anand Bhaskar Collective,indian,0.506,0.615,0.277,0.0,0.507,175.002,45
1HFfMOxCAT4GAwaPfCdmUs,Waves - Robin Schulz Radio Edit,Mr. Probz;Robin Schulz,house,0.829,0.51,0.00821,0.00143,0.45,119.994,77
5wqbrRK8dhrW1rByRnQ1V2,Motivos (En Vivo),Abel Pintos,folk,0.495,0.703,0.435,0.0,0.221,103.624,45
1WqQBxhmBIoHPXIydJo4zx,Zaczynają się Święta,Czeslaw Mozil;Katarzyna Łaska;Magdalena Wasylik,disney,0.485,0.372,0.717,0.0,0.516,138.911,28
3Xls4cNOwy01dtrNXb1inG,White Room,Cream,blues,0.553,0.576,0.191,0.00664,0.457,109.827,70
1sx0XsWUusUoPstbvokZjP,A-O-K,Tai Verdes,indie-pop,0.731,0.626,0.125,0.0,0.862,82.488,77
5SKCzrqVptE1YpRpTgNUQf,Till We Meet Again - Inner City Edit of Carl Craig Remix,Inner City;Carl Craig,detroit-techno,0.488,0.944,0.0023,0.679,0.187,124.032,7
5s944C3ziYbQKqpm7IYqFr,Flesh Frenzy,LIK,black-metal,0.369,0.966,1.57e-06,0.0703,0.155,120.302,20
7d6HsxPhjoobvu7hQCvSzb,De Cero,Morat,latin,0.602,0.811,0.0766,0.0,0.807,159.829,0
2LcXJP95e4HKydTZ2mYfrx,Tujh Mein Rab Dikhta Hai,Roop Kumar Rathod,pop-film,0.56,0.604,0.315,1.12e-06,0.75,84.784,71
6C6ImAnEqg4XQL4Msgo5w0,Elea,Worakls,minimal-techno,0.719,0.552,0.0359,0.844,0.256,126.007,44
09xB9TCIxa2NtLIb0QXUJA,The Forgotten - Original Mix,Octave One,detroit-techno,0.683,0.737,0.00013,0.855,0.0709,126.985,6
2oDCxy29DtirotGBmk36jJ,L-O-V-E,Nat King Cole,jazz,0.425,0.373,0.686,0.0,0.663,78.231,0
1FAjjAWCMbsIR9fCqC2sRm,Bola Rebola - M3B Remix,Tropkillaz;J Balvin;Anitta;ZAAC;M3B,electronic,0.726,0.869,0.00511,0.00512,0.598,130.0,56
5z34PcC6o2IyGntsP771df,"Here's Your Trance, Now Dance!!",Omar S,detroit-techno,0.791,0.753,0.0106,0.919,0.835,120.002,10
67f8E7U41Dcm9VJY71Kl2I,"Не жалею, не зову, не плачу",Сергей Зыков,romance,0.432,0.259,0.954,0.0331,0.208,123.101,0
1JnZHgpyInXF5DEyEGefWw,Prejuízo - Ao Vivo,Dilsinho;Sorriso Maroto,pagode,0.512,0.774,0.546,0.0,0.595,152.872,53
0L7zm6afBEtrNKo6C6Gj08,Painkiller,Judas Priest,hard-rock,0.435,0.987,0.000195,0.0847,0.101,103.16,68
0KAiWkzEGqxjZqXDT0IwIz,The Christmas Waltz,Peggy Lee,jazz,0.27,0.26,0.75,2.07e-05,0.182,118.581,0
7vpVXGge6WJU1LQ62LaZy5,"Kurt Warner, Thank God",Glenn Wool,comedy,0.569,0.722,0.819,0.0,0.538,86.388,23
57WkOzvuw0v4XadnZ6VvvA,Alyanaklım,Ayla Dikmen,turkish,0.55,0.468,0.925,0.00142,0.738,114.311,37
7jeHHHootVcx30NN8GTAUX,Because Of You,Blame;Selah,drum-and-bass,0.456,0.954,0.00128,0.000238,0.683,174.963,18
5xQB8bjBY9XEkyzlDMg63N,Na Seen,Rumatera,punk-rock,0.711,0.899,0.495,0.0,0.901,125.962,36
3xzRBn3ywzobJrc1efC7Sb,I Melt with You,Modern English,synth-pop,0.535,0.801,0.00103,0.00329,0.672,155.571,56
5E0gUkTKnFgJ7KmMMFEQrB,Heal My Love,Matvey Emerson;Dante,groove,0.734,0.593,0.216,3.03e-05,0.2,119.921,50
12ljYgh3Pj8OlMlj0PbHHz,Песенка про папу,Gelena Velikanova,romance,0.813,0.338,0.517,0.0,0.505,117.494,8
2LVL81cHHpK87ZdGKSQXvL,The Devil Gets His Due,The Dirt Daubers;J.D. Wilkes,goth,0.654,0.747,0.31,0.0,0.876,122.329,28
0pcFsOq2tH5K0NmbSINzet,Noise,Denis Horvat;Lelah,techno,0.556,0.703,0.00503,0.833,0.0394,122.982,44
0Nn9gfz60CyzqnFXiAphMs,レーゾンデートル,Eve,anime,0.533,0.795,8.95e-05,0.0,0.629,152.078,53
1yWRbOzBD3d6C3Ttu3xF5Y,Sunday's Best,Elvis Costello & The Attractions,power-pop,0.477,0.479,0.113,0.0,0.742,190.854,21
6A2itXgDf96XHp9qR6oyPN,Meteor Shower,Cavetown,indie-pop,0.512,0.488,0.428,5.1e-05,0.141,170.017,71
3fnvyhpihMGDGiO7l2EedI,Vadivelu on Acid,Alien8ed,indie,0.356,0.779,0.00147,0.818,0.236,104.992,41
67HxeUADW4H3ERfaPW59ma,Love Me Two Times,The Doors,psych-rock,0.684,0.698,0.332,5.16e-06,0.839,132.846,65
7bUcTW0mHg4Ec0kgdXemEG,Esoteric surgery,Gojira,death-metal,0.294,0.968,6.9e-05,0.141,0.0387,96.346,47
5jqh2kAjz4GxjOS3HHSz17,Bank On It,Burna Boy,dancehall,0.784,0.388,0.29,0.00539,0.472,93.011,57
5emRxq4oACZeHNuUhw09XV,Tumhain Dillagi Bhool Jani Paray Gi,Nusrat Fateh Ali Khan,folk,0.544,0.765,0.504,0.0,0.758,78.335,39
4xZqbPztwDXPgrezWPLM23,Humen Tumse Pyar Kitna,Parveen Sultana;R. D. Burman,classical,0.427,0.336,0.983,0.0774,0.506,109.602,31
0Mc0AUiEGcj3s84rxk5F6F,Poor Unfortunate Souls,China Anne McClain;Disney,disney,0.593,0.672,0.0899,0.0,0.22,93.412,46
6QXt5huHJcskXyrLIryrhw,夜的盡頭,G.E.M.,mandopop,0.507,0.75,0.00642,0.0145,0.303,132.021,50
1OvHd0mrC4WfxcQlq39TK0,Alles Naar De Klote,Euromasters,happy,0.436,0.912,0.0239,0.837,0.242,169.896,21
4TFI0lmmt6UyMU8RAgVU4a,Officially Missing You,Tamia,soul,0.475,0.407,0.247,0.0,0.226,178.261,0
4CMsK9RIEcJEUwUkSvmBxQ,Tantrum,Nora En Pure,deep-house,0.591,0.956,0.0248,0.643,0.145,123.001,49
0Nb0A0yuiYHiVyMyZm0Wh8,Super Gremlin,Kodak Black,hip-hop,0.825,0.414,0.00265,0.0,0.106,72.993,0
6ZfnEOoJxofI3tR28sr04S,The Raising Fighting Spirit,ACN Music.,anime,0.535,0.924,0.00562,0.569,0.253,104.879,45
2h2OoGElG6Lddyx6sjtTZM,A Girl I Used To Know,George Jones,honky-tonk,0.68,0.29,0.901,9.33e-05,0.671,116.875,13
6tLPcgsXGFcXtnVCetRp4A,Nah (feat. Sinead Harnett),Sonny Fodera;KOLIDESCOPES;Sinéad Harnett,groove,0.725,0.836,0.059,2.4e-06,0.589,123.06,51
672h5dJCAAHaCHSe9FoAG9,New Bad Habit,Adam Jensen,blues,0.577,0.683,0.0638,1.04e-06,0.745,155.046,53
2e1tIq1uwyKO2oeLQOqaXs,One Side,DIVINE,hip-hop,0.64,0.813,0.0418,0.0,0.553,91.834,56
4sO9tnvCH3DJZ3AAXoixjd,Kahaan Ho Tum,Prateek Kuhad,folk,0.714,0.393,0.733,0.00192,0.72,67.589,53
6kux0C4ta4FfFpIZJ0cnMu,Tu És Soberano,Novo Som,groove,0.589,0.45,0.431,1.7e-06,0.362,125.951,25
16335QyvKibibylkzB5n36,Departure Lofi (Hunter X Hunter),Kato,anime,0.29,0.0778,0.938,0.901,0.13,56.458,57
0BC7AO5rST0H91DFJkDWUT,Adelantando,Jarabe De Palo,spanish,0.842,0.84,0.405,0.000376,0.852,107.959,26
5P11rW6aJErF37MTfRZS31,"Hallelujah, I Love Her So",Ray Charles,blues,0.696,0.547,0.792,0.0,0.623,73.203,62
5yqVF4y7dq6AgnNCHnHZEA,California Blue,Roy Orbison,rockabilly,0.651,0.596,0.67,1.27e-05,0.695,105.679,52
2N1vE6dO6wlZvUGKEwN3tC,Glaciär/For Minou - Original Mix,Aril Brikha,detroit-techno,0.802,0.79,0.00127,0.898,0.479,126.02,6
3YFZNKOzCm3Xy1mQoqiH65,Holy,Dinamarca,club,0.791,0.932,0.0584,0.796,0.743,140.025,18
65KjitGykI5QIcsYrNhPZR,戒菸,Ronghao Li,mandopop,0.656,0.471,0.73,1.79e-06,0.226,120.002,58
4uC61EsjWIOyGlJKGqRkD9,EL MAKINON,KAROL G;Mariah Angeliq,reggae,0.689,0.705,0.256,1.06e-06,0.456,89.109,0
3sRNtIkYjdfMYn9KkNX68t,This Is Violence,Soulfly,industrial,0.258,0.979,9.75e-06,0.000211,0.141,97.765,21
4eLCzybaneILH1zBkwwQyZ,龍捲風,Jay Chou,mandopop,0.637,0.557,0.681,0.0,0.544,143.945,54
3MH8oKC86VVnTaD62WybeV,Cozy Little Christmas,Katy Perry,dance,0.775,0.608,0.128,0.0,0.56,137.494,0
0R0EnWSJ1bqeWXDdc7Vt7x,"Overtaken - Epic Version (from ""One Piece"")",Samuel Kim,anime,0.675,0.775,0.0798,0.886,0.452,106.002,53
4cqiLvFRDuV8ClE61eMmZx,Never Alone,2 Brothers On The 4th Floor,happy,0.705,0.866,0.171,0.000162,0.816,127.986,57
3b0cJPguhWOh2hjY6Lu192,The Beat,Mike Williams,progressive-house,0.563,0.954,0.119,0.168,0.788,128.014,57
5x292YI0zNCIxi6OWJVpSq,Unlock It,Charli XCX;Kim Petras;Jay Park,electro,0.488,0.71,0.0585,1.81e-05,0.5,134.781,2
73V4hpSoL889KOpT22uO49,Tudo Bateu,Ivete Sangalo;Vanessa Da Mata,samba,0.671,0.829,0.0228,1.43e-05,0.674,92.027,40
0cSx626ZgTuknh3DbzYtRx,Above the Clouds,Luca,french,0.506,0.516,0.401,0.702,0.0624,119.883,51
2tsJUuft7vX6VvmnHJuh68,Garden of Peace,Therion,black-metal,0.388,0.578,0.000513,0.351,0.22,88.006,18
5eaOLqxqts6VaLOCObATwp,Easy to Love - Reprise,Laura Osnes,show-tunes,0.299,0.146,0.94,0.000289,0.125,74.714,24
3hiWvFgtrCBbLg1rYR1oth,All Right,Faron Young,honky-tonk,0.573,0.356,0.545,0.0,0.869,145.054,14
4z1785BRf6Rn5OjepmdUMQ,紅顏如霜,Jay Chou,mandopop,0.704,0.599,0.674,0.000801,0.298,140.023,60
3Fji40dDMcygkIaW1far2G,Partyanimal,Micha von der Rampe,party,0.814,0.74,0.165,0.0,0.7,138.069,25
3FIlTYrHXlBmKfwZj8F57T,PIMP SHIT,Kwam.E;Tom Hengst,german,0.758,0.642,0.215,3.98e-05,0.671,160.037,38
3kU2XrKndUNFrVW6UwVML1,Get Stoned,Hinder,grunge,0.448,0.933,0.000417,0.000454,0.505,75.991,47
0MGktjEGcTSHA3Me5BHP8V,La Rosa Roja,Kiko Revatta,guitar,0.545,0.57,0.623,2.72e-05,0.795,78.686,32
7o8bf9SHWmIAgTdexmgyj5,Since I Don't Have You,The Brian Setzer Orchestra,rockabilly,0.33,0.533,0.105,0.0,0.506,112.785,23
7o2G318KZiekaMH0tNEwQB,Play,Jax Jones;Years & Years,edm,0.759,0.815,0.0127,0.0,0.597,125.052,0
5Gbj4y6pTh1jld8KosW8Ji,Eye over You,Haujobb,industrial,0.613,0.624,4.1e-05,0.302,0.211,88.407,21
6w3hTgFYPaUo6WFz2tEOtX,Meltdown,Motionless In White,metalcore,0.453,0.987,0.000164,0.0,0.206,154.08,59
68NW6s726X22J4t8sy7Feo,The Only One,Scooter,happy,0.505,0.973,0.00136,0.000114,0.293,134.94,28
5KzwKE51pZ3CYLnoLryXk8,Honesty - Red Bull Symphonic,Camo & Krooked,drum-and-bass,0.419,0.761,0.0135,0.0478,0.104,87.385,20
2s4v6XhJNO0l7bXJNP4RKS,Flower of Memories,Tenno,chill,0.447,0.314,0.835,0.96,0.134,123.936,60
2dPUug9YiNL4ypu8UF8SnD,Tose Naina,Arijit Singh,pop-film,0.523,0.561,0.426,0.0,0.31,139.885,63
4QoUM2jgHS1fYWDyFfBvn0,GIVE IN,LICK,club,0.496,0.849,0.111,0.803,0.102,174.037,25
6qKHsD4293NoFznDaozJpk,The Deeper I Fall,Saxity;Robbie Rosen,deep-house,0.729,0.741,0.0139,0.0,0.751,128.068,27
31W0f8xqd3vKhvpRmnqF9j,As Mina do Kit,Dj Batata;Mc Nego Blue,funk,0.822,0.803,0.378,0.0,0.894,86.705,43
31ozGHhggcfQ0bHJLArvG7,Pour la vie - Instrumental,Lin-Manuel Miranda,show-tunes,0.492,0.38,0.46,0.854,0.256,114.938,20
1GodZA6ekW682CesbZSBCB,Come on Let's Jump,The Wiggles,children,0.583,0.568,0.261,0.00143,0.501,131.658,29
4aWqVlWZwVfuSTVucZrb65,Cheek To Cheek,Ella Fitzgerald;Louis Armstrong,blues,0.665,0.443,0.582,0.0,0.662,122.872,0
14CmVY6KamlNNyWSxQ7ad0,Infinity,Jaymes Young,rock,0.671,0.673,0.15,5.16e-05,0.493,121.96,0
5Soke8VrytkoSA44NABRHa,Renova-me,Voz da Verdade,brazil,0.448,0.504,0.453,0.0,0.224,76.952,45
33wiWULOgZ7ZW6ewOrxbWv,U LA LA,Dvice,latino,0.651,0.622,0.0862,0.0,0.298,139.765,45
3A7NsEvILiFM7zy2NQN0Wu,Om Namah Shivaya,Birat Bitz,techno,0.594,0.738,0.065,0.889,0.0375,107.696,34
2HReNSxrMRcJ0cYMzKAJK6,Jet Skis On The Moat,Arctic Monkeys,indie,0.651,0.244,0.856,0.00165,0.395,149.759,0
42qK1JWm8fDy3qHZbIZNuQ,Purple,Nas,hardcore,0.865,0.595,0.0377,0.0,0.819,96.948,61
4yTbw18hYN035sCX3WBLg6,Darkness All over the World,From The Vastland,iranian,0.343,0.779,1.99e-05,0.915,0.0354,120.13,0
7tnOSv6Q3GreYZQWarWIz4,Rifle Shot,Vybz Kartel,j-dance,0.734,0.631,0.62,0.0,0.842,96.158,19
3t0xzfmXzIMbG3BFYeJEmr,Bora! Bora! Bora!,Scooter,techno,0.664,0.926,0.0457,0.731,0.603,139.926,33
560eluwgcEcAEUFk18fyWS,Other Worlds,Bassnectar;Dorfex Bos,breakbeat,0.486,0.739,0.0175,0.0873,0.0297,140.042,41
6rG8dSIKzhfbtnGDsBX8kZ,(I Want to Join A) Biker Gang,The Magnetic Fields,club,0.587,0.852,0.69,0.46,0.487,118.265,18
4XPbmXwd2UGRgSqsUjCSup,CLOUDY HEART,BOØWY,j-rock,0.635,0.875,0.0247,0.00836,0.541,157.251,31
6KhAXXgDtEEahVzATvFNcn,Moon,BTS,k-pop,0.704,0.646,0.0104,0.0,0.64,141.87,70
1IWGstCWRAdmbpOPETtsnh,"2,20 Minutes Foot Walk - Club In Motion Mix",Tak Dec,minimal-techno,0.806,0.744,0.000154,0.529,0.059,124.006,17
1jmq9ekr49AjpLTvI8LHHi,Doin' Time - Uptown Dub,Sublime,ska,0.431,0.688,0.00175,0.596,0.605,168.721,30
1jEKaQuP8gBW2wYqqtNXEf,Demon Time,Aaryan Shah,soul,0.499,0.48,0.805,0.0,0.201,71.931,58
5SzRRpwmPAoumbYIgX2awb,Maka Knacker,Nizi19,german,0.876,0.323,0.222,0.00111,0.15,132.003,40
6oj95LjRQSKa5oY6aexgpa,INEEDU,Teddy Killerz,drum-and-bass,0.541,0.997,0.00146,0.774,0.27,175.042,38
7o4Ei1X0NsjQxDyo0stmPv,"Parayathe - From ""Rasputin""",Sachin Warrier,malay,0.61,0.203,0.794,3.27e-05,0.22,102.029,20
0fkgNje097R3eszeV59iTI,Blood Dragon Theme,Power Glove,club,0.493,0.92,0.000472,0.687,0.804,144.009,43
2zSG3w6wYb9cMCAAjwChVB,Pompeje,Totally Nothin;Dorian;Skelly,emo,0.61,0.622,0.169,0.0,0.383,156.08,38
4dMVGmeV0Mr84GagYaVU1v,Blame The Night,Pritam;Arijit Singh;Aditi Singh Sharma;Piyush Kapoor,indian,0.608,0.985,0.181,1.86e-06,0.346,139.977,42
0DkXEsmHuwN7OzPbssvtUU,Night Thoughts,Else,french,0.729,0.683,0.00887,0.868,0.375,109.981,44
732XzfBqvakdsw4jwR1sxI,Reflexão - Ao vivo,Jorge Aragão,mpb,0.376,0.87,0.684,0.105,0.733,92.253,39
3QGsuHI8jO1Rx4JWLUh9jd,Treat You Better,Shawn Mendes,dance,0.444,0.819,0.106,0.0,0.747,82.695,84
4H2pA3ieEkPvU6stjc9MI6,Yeni Bir Şarkı,Evrencan Gündüz,j-rock,0.562,0.324,0.508,0.0,0.678,75.072,34
2tzjEo9Olp79ms8BuAGzso,Bald,Charlie Vergos,comedy,0.606,0.389,0.831,0.0,0.757,78.253,22
0hmsEGWiKM27CJUTSDROJh,Zeynab,Saint Abdullah,iranian,0.573,0.626,0.7,0.0,0.14,79.958,5
4j28aUdmXd85ZbVI2yFB46,Forever to Stay,Justnormal,study,0.643,0.21,0.944,0.346,0.0751,100.051,8
7C3lbQVR3vlo8WCHNiwycv,Time Stands Still,xJ-Will;2Infinity,study,0.803,0.278,0.0207,0.875,0.473,130.001,13
4IXsoIWu4Y1pUCXmqVYysD,Just The One,Fritz Kalkbrenner;Ben Böhmer,minimal-techno,0.703,0.647,0.264,0.911,0.32,119.983,18
1Kk4vr5wOojC7frStXiyjv,Hip House,Fast Eddie,chicago-house,0.78,0.783,0.000163,0.277,0.577,124.454,24
04bNiW1CiMHWM0kSDvbLzp,Blood // Water,grandson,alt-rock,0.505,0.892,0.00162,0.00177,0.629,154.004,0
35DvjF6c57sSpt4CLByb7n,Are You Sleeping?,The Kiboomers,children,0.449,0.0816,0.862,0.00488,0.0613,99.99,53
0LQs5gRhqJKLOl8fFukRsQ,よふかしのうた,Creepy Nuts,j-pop,0.746,0.976,0.188,0.0,0.912,115.048,66
0f8aCK8gZEF93hvS31Xnuz,Detonar,De La Tierra,heavy-metal,0.658,0.953,0.00601,0.000427,0.698,128.065,19
3vmRdEFouRpEn2NTkGX7I1,Meu Anjo / Esqueça Que Eu Te Amo / É Amor Demais (Ao Vivo),Murilo Huff,sertanejo,0.362,0.542,0.532,0.0,0.298,141.643,62
31i56LZnwE6uSu3exoHjtB,Neverita,Bad Bunny,latin,0.876,0.498,0.0706,0.0,0.428,122.016,93
4ig3DcNoj3UfPdhL2Rw9J1,Turbulent,Waterparks,punk-rock,0.532,0.841,0.0272,0.0,0.23,172.004,66
4BRzO5No6i3ax8uQYP6zuY,Rapunzel,Die Draufgänger;Ikke Hüftgold,party,0.643,0.857,0.123,0.0,0.698,123.009,0
027jsTpDznBrLEuSt1onB9,Que Canten Los Niños,José Luis Perales;Rolando Villazón;Aleix Aiken Anderson Jané;Slovak National Symphony Orchestra;Allan Wilson;James Hayto;Chris Pearson;Darran Muller;Apollo Voices;Graham Foote,latin,0.389,0.347,0.808,0.000185,0.356,143.95,1
1yYE8EyuIV0rrvQ1bA2Fyf,Happy Song,Bring Me The Horizon,metal,0.295,0.924,4.02e-05,0.00462,0.219,171.941,67
2NBRmMAaBn4oJ5A5BG3UL5,Benche Thakar Gaan,Anupam Roy,indie-pop,0.856,0.48,0.77,0.0,0.77,109.976,42
6mwyxXRojEFweYO7r655kL,Not Even Trying,Pink Turns Blue,goth,0.628,0.507,0.102,0.518,0.519,140.024,26
7n73IrzzuSQBr7VoX8zZ1X,I Say a Little Prayer,"Kristin Chenoweth;Promises, Promises Ensemble (2010)",show-tunes,0.507,0.368,0.704,0.00018,0.601,135.117,22
6Z7h9EstX9Dufe4IieibPU,アリよさらば - Live at 日本武道館'97 - Remastered 2022,Eikichi Yazawa,rockabilly,0.669,0.94,0.000892,4.22e-05,0.711,124.025,22
7HR9lvL6Gl91fCS7LSXxYF,Colors of the Wind (From 'Pocahontas'),Piano Genie,disney,0.421,0.017,0.995,0.949,0.314,72.769,21
3BoIHWjO48jLcdFby2P8D3,Mas - Remastered,Kinky,latino,0.697,0.803,0.433,0.13,0.707,106.376,42
65vseJi4kug0grGTTSmH2u,Un Poco Loco,Luis Ángel Gómez Jaramillo;Gael Garcia Bernal,disney,0.624,0.5,0.696,4.05e-05,0.562,95.234,61
4mbCGJ9s5J070dQoErgwe5,Herói dos Heróis,Novo Som,groove,0.52,0.763,0.043,0.0,0.224,140.067,28
28XmBXGiRqDWZDWIo8uakD,Mírame,William Luna,guitar,0.729,0.381,0.355,1.85e-05,0.635,113.963,30
0OSyytXWtlGrjXpeta3Idg,Witness,Mindless Self Indulgence,industrial,0.56,0.925,0.000197,0.0231,0.629,146.024,50
5DxXgozhkPLgrbKFY91w0c,Vete,Bad Bunny,latino,0.886,0.672,0.0363,8.78e-06,0.526,91.976,79
7DEKa5Z7Cl8s3Y7imb88OM,The Truth Untold (feat. Steve Aoki),BTS;Steve Aoki,k-pop,0.571,0.422,0.374,0.0,0.169,113.016,71
4sJeopUDq4fJlZdEsc4X4t,Beauty and the Beast - Arr. for Piano,Andy Tallent,disney,0.409,0.102,0.993,0.946,0.185,137.507,54
2qBE4Crveq4207aZEZymXg,Oh Pilla,Gershom Penugula,indie,0.585,0.445,0.541,0.0,0.603,139.84,43
3r1wBi6ItwkfEFTmNLJKMC,Den där gärin,Lani Mo;Näääk;Nimo,goth,0.668,0.514,0.281,0.0,0.674,126.913,27
1LvhjfMeV6j8w2cHH9MRHp,The Love In Your Eyes,George Jones,honky-tonk,0.507,0.387,0.623,0.0,0.26,140.66,15
2JTwsv89lQ7uY7NsUQVqE0,Love's Gonna Live Here,George Jones,honky-tonk,0.657,0.625,0.628,0.00781,0.867,107.111,13
1vViUoB7DpXUX10isPj7YL,Time is the Longest Distance,Danielle Fleur,piano,0.427,0.00442,0.994,0.897,0.278,69.962,54
2klWfM19A7TfwlxBQLNbIZ,Olga,Roberto Firpo,tango,0.611,0.563,0.901,0.758,0.659,112.214,18
6gmuILX9ZEUWVmUaPcJrpR,Oh Meu Deus,Projota,brazil,0.727,0.796,0.00149,0.000221,0.422,149.966,0
5GkoEIpPvBmXzLW1mFCLYf,Christmas Without You,OneRepublic,piano,0.262,0.677,0.447,0.0,0.365,207.478,0
0TTsaZ1BzToXfoTFnNnPIT,Et jeilste Land,Brings;Dennis aus Hürth,party,0.87,0.846,0.137,0.0,0.738,119.999,0
4sRcdrQrFilYpMIybCwgKU,Yeh Jism,Ali Azmat,pop,0.6,0.451,0.133,1.23e-05,0.223,78.023,63
15PnA7lfAhnDf0Ka31fzo8,Earthensky,Mike Rowland,new-age,0.0893,0.106,0.901,0.938,0.0596,165.623,24
6syz0SJTv8ZNCNxaOnvMtb,Clint Eastwood,Gorillaz,alternative,0.663,0.694,0.0253,0.0,0.525,167.953,3
4xN6o0Y195FTgzQvmnuMNw,Make It Easy On Yourself,Gail Blanco,acoustic,0.391,0.322,0.88,0.0,0.278,180.048,25
3kv0lHXKrW8oltTe7fYbBq,Peru - R3HAB Remix,Fireboy DML;Ed Sheeran;R3HAB,dancehall,0.811,0.762,0.143,0.000141,0.357,121.042,66
6KlA8odiutHAnHfbLHuktO,Suzy & Sally's Eternal Return,Tess Parks,psych-rock,0.514,0.394,0.352,0.0759,0.53,81.06,25
2NUQAdPucknkDNQss26FTu,"Schön, euch alle zu seh´n",Jubiläumscast Wien 2012,show-tunes,0.532,0.52,0.688,0.0,0.547,128.034,26
2ZJ28Rm7OXMYJshLtp5uff,A Town with an Ocean View,Joe Hisaishi,anime,0.524,0.345,0.489,0.013,0.771,106.621,59
4AwlWUTcRIOpD7YkRVY3Pc,Fala Jesus Querido,J Neto,gospel,0.261,0.319,0.867,6.53e-05,0.391,79.204,41
0f4X5ktEPrwnYNsTFpRXpA,Uduli Muduli,Papon,folk,0.67,0.479,0.511,0.000361,0.626,136.952,33
4jUhj4BXvyx97aURiYk59g,Perdeu pra Cerveja - Ao Vivo,Grupo Clareou;Filipe Escandurras,pagode,0.644,0.854,0.524,0.0,0.781,104.947,50
429GaRIWKJ3EU1GAQPbLcr,"Piano Concerto No. 21 in C Major, K. 467: II. Andante",Wolfgang Amadeus Mozart;London Mozart Players;Howard Shelley,classical,0.137,0.0311,0.982,0.972,0.063,179.223,64
2phNY2bHpAbROCrpAZw2R2,Other Side of Love,Sean Paul,dancehall,0.826,0.793,0.00518,0.00347,0.261,119.972,48
4KpRgdzwFRurgM7NQfba57,If I Could Turn Back Time,Stephanie J. Block;The Cher Show Ensemble,show-tunes,0.654,0.756,0.266,0.0,0.581,121.887,23
6E8UKOaI2A1LQjWYMFLyJI,Alone - MRVLZ Remix,Marshmello;MRVLZ,progressive-house,0.625,0.921,0.0412,1.21e-05,0.494,100.004,48
1TEZWG1FdjzDdercCguTwj,Nookie,Limp Bizkit,metal,0.573,0.929,0.00218,0.0723,0.284,97.57,69
18DjkS5pjqCBROtTVH4GK6,We Do What We Want,Alan Fitzpatrick,minimal-techno,0.77,0.966,0.000438,0.932,0.349,126.01,52
1mSQAAXz3Jw0pkPXybL38q,Homenaje,Almafuerte,heavy-metal,0.42,0.96,0.0176,1.22e-05,0.447,125.885,33
06AgHpQ0hUM1BPDgIS4R9P,Vesuvio,Anila Mirela,guitar,0.827,0.134,0.93,0.878,0.189,119.984,47
6UPkgLF8SfiVmVGy5RYvIc,Frosty The Snowman,Ella Fitzgerald,blues,0.579,0.502,0.733,0.0,0.836,76.783,0
3ysiBzk8LiZaik65dHuqDh,Guia-Me,Daniela Araújo,gospel,0.539,0.298,0.667,0.00204,0.223,136.022,38
5H0rkrwdQytofgRjhZe9XF,¿Por Qué No Se Van?,Los Prisioneros,hard-rock,0.755,0.796,0.0166,0.0173,0.94,152.153,35
2HsYjR4rBa38aePVMWL3zb,The Worst In Me,Bad Omens,metalcore,0.43,0.945,0.00109,5.5e-05,0.276,170.081,62
1TeyzcAu9wKnRC9rY2rdkh,Bad Man Story,Buccaneer,dancehall,0.739,0.555,0.419,0.0,0.597,77.175,28
6dNLlkfb0i7RfjZlAnJ13M,Äntligen på väg,Håkan Hellström,goth,0.285,0.523,0.497,0.597,0.394,94.074,23
1TXQh7R4ZaozkuFTRVZlYm,Other Side of Love,Karen Harding,groove,0.604,0.707,0.0939,1.52e-06,0.0919,120.917,49
0iNSKEG6Te4S9ofncwUsrI,El Manicero,Alegre All Stars,salsa,0.644,0.731,0.491,0.00239,0.872,110.467,27
2uhGhGjoSFyOeyFDc9zHhQ,Building the Ship of Theseus,Manes,black-metal,0.502,0.736,0.0106,0.000227,0.639,135.055,18
6QJX23Apmbi0XMzYX68zuD,Gibi Gibi,Barış Manço,psych-rock,0.624,0.73,0.307,2.46e-05,0.519,122.206,26
6gVV28leSTAI70fV8fVP7L,Sobreviviré,Panteon Rococo,ska,0.397,0.909,0.0202,5.44e-05,0.436,138.207,41
5JbvDBWAFvOnlr53Q9cD5P,Humse Khafa,Suzonn,indian,0.493,0.336,0.794,0.0057,0.378,140.056,44
1gTfshuBo7RRabcq5As4sM,Right Here - Joselacruz Remix,Robert Owens;Ricky KK;Dallomo;Joselacruz,chicago-house,0.803,0.656,0.0101,0.749,0.456,124.008,0
566q5nUowuz0IokqAHcO4A,Tu És a Fogueira - Ao Vivo,Jhonas Serra,brazil,0.408,0.821,0.000627,0.0,0.221,137.002,46
51Ht5maNIl3gkur1R9Guwd,"Les pêcheurs de perles, Act I: “Ni Por D Uir Encore“ (Nadir)",Alfredo Kraus;Symphony Orchestra of Madrid;Kurt Sanderling,opera,0.147,0.178,0.981,0.00264,0.15,78.305,0
2NeOGCaTPh9gL5XhVg7vfk,El Viento Que Nos Lleva a los Dos,Tunacola,electronic,0.625,0.762,0.267,0.0866,0.681,159.996,34
3TsleG9HYzdr17dJmSONdA,Promised Land - Groove Armada Extended Remix,Joe Smooth;Groove Armada,chicago-house,0.779,0.694,0.000167,0.135,0.24,125.996,7
0FVYAwzD2p4t8Lf7YKtGB6,The Problem,Adam Turley;Heather Sommer,chill,0.697,0.461,0.154,0.0,0.501,98.021,47
1wdoaja3ueHHvzobn2jE2n,Why so Serious?,Hans Zimmer;James Newton Howard,german,0.32,0.257,0.256,0.903,0.0282,95.983,50
2sNmYSvlnGqBUNc2QNlH4L,Ángel de Mi Vida - Angel of the Morning,Enrique Guzman,rock-n-roll,0.263,0.453,0.513,2.19e-05,0.496,95.766,28
0GX7aKsD8haRgZZ3UwDXmV,"The Barber of Seville, Act II: “Se Il Mio Nome Saper Voi Bramate” (Count Almaviva)",Alfredo Kraus;Guitar Accompaniment,opera,0.308,0.136,0.987,1.16e-06,0.0784,85.479,0
13gzqa9L58ZszOIqON5ZZR,Earthshine,KhoMha,trance,0.532,0.88,0.0207,0.919,0.12,128.014,51
1pHszNnAUuIjwF43bhtnlS,Drop,Noah Powa,dancehall,0.921,0.686,0.0673,1.88e-05,0.794,100.012,40
27SdWb2rFzO6GWiYDBTD9j,Cheap Thrills,Sia,dance,0.628,0.698,0.0472,0.00143,0.732,89.976,78
7aTgiXCztG1kPqqO5SgHAy,forgotten technology,Samarinen,study,0.746,0.248,0.51,0.512,0.415,79.996,44
4vkWsHZsEtJch74xWkxSib,Eva - Original Mix,Ishome,idm,0.843,0.44,0.0393,0.597,0.546,139.979,27
4wrqtbZb8NsVwkKrsEDEBG,I'm Coming Home (Film Mix),Elvis Presley,rockabilly,0.511,0.831,0.456,0.206,0.74,93.241,55
44Y3GkREsfELKt8AACJvxi,"Sag mir, wo es ist",Pia Allgaier;Manik Zidan Gaschina;Ulli Essmann;Tina Frank;Toby Heinz;Pat Lawson;Ricarda Kinnen;Petra Scheeser,disney,0.618,0.739,0.0993,0.0,0.673,181.572,26
6y9S9eg7OQv2WUkxMDubgs,Maanazhago,Sujatha,malay,0.671,0.685,0.192,0.0,0.51,100.003,20
7c5m3XJezwu2S65NaLzNp7,Black Blocks,Disarstar;Jugglerz,german,0.774,0.643,0.157,7.49e-06,0.616,140.605,40
6YED5fQzVCXl7vTjN71DEM,You Are We,Crazy P,deep-house,0.766,0.394,0.00854,0.419,0.788,123.983,27
5Cus9CsxgYP7uNG76BJAgR,Station,August Flendahl,guitar,0.695,0.144,0.989,0.949,0.285,86.016,34
2Rmisp1rkVF9GFWQy6LJLQ,The Ghost,NIVIRO,edm,0.608,0.866,0.0424,0.0038,0.251,127.992,57
7uEa0ecZ1hPMcv5IKuoDIJ,Forever,Brothers In Crime,happy,0.604,0.982,0.00802,0.677,0.618,166.352,16
6fenHIxXuuzKB55wY4WCHP,God Is A Dancer (with Mabel),Tiësto;Mabel,trance,0.774,0.747,0.0241,6.11e-06,0.833,119.964,63
1c7h130PVLDvjuztyMlfSG,As If We Never Said Goodbye,Glee Cast,club,0.326,0.263,0.599,2.3e-06,0.229,111.109,25
3vLWdZEpit9IuykuzzAZLE,Ditosa Cidade,Shirley Carvalhaes,gospel,0.335,0.447,0.0335,0.000141,0.16,175.952,42
5BqCr7Mnaa7igTSjagZlyq,Yanıma Yataydı,Umut Kaya,turkish,0.649,0.481,0.0144,0.00111,0.882,97.007,45
5RWn13Y0z3Y9aC7T1QHwv6,Wenn die Welt untergeht - Jerome Remix,Anstandslos & Durchgeknallt;JONA;Jerome,party,0.741,0.854,0.00187,2.18e-05,0.343,129.989,30
7ap759P66hR9zZ7vzb41n0,Fuck you!,Art Of Fighters,happy,0.523,0.922,0.0491,0.178,0.22,155.024,19
74WZCodjJdd7GOFek2GUr9,Ignominy,Deathtune,iranian,0.362,0.993,5.66e-05,1.62e-05,0.236,120.016,0
1mMMvJ5lff7ARLA88mXA3d,Lata's Theme,Alex Heffes;Anoushka Shankar,british,0.367,0.207,0.923,0.338,0.152,115.08,22
5Dt9HFzeBVmFtrk3BTiDEn,Blinding Lights,The Weeknd,pop,0.512,0.796,0.00147,0.000209,0.344,171.014,3
1p9QeElhrm8kj0CrklTisb,Nada É Impossível - Ao Vivo,Magia;Tá Na Mente,pagode,0.555,0.538,0.739,0.0,0.591,147.967,45
76FNN0tgZom2h4U3uWRglg,I’m to Blame,Tove Lo,swedish,0.533,0.464,0.196,0.0,0.157,92.184,60
6o0k6lVZEEoX0r6NO9tWT5,Una Emocion,Ricardo Tanturi;Enrique Campos,tango,0.594,0.369,0.914,0.000332,0.85,126.237,17
08EcEPky2kYjSiNJ3tC1bP,Starlight - (Echospace Dub) [Mixed],Model 500;Echospace,detroit-techno,0.644,0.935,0.000656,0.961,0.537,126.997,12
7bFwIUZvq1hysSAoxBbsL3,Too Hot to Handle,Eddie Noack,honky-tonk,0.705,0.62,0.746,0.0,0.907,114.282,11
0STpFM8rsicjXquXMyg8ih,Hey Mama,David Guetta;Nicki Minaj;Bebe Rexha;Afrojack,edm,0.596,0.73,0.24,0.0,0.524,85.979,46
666yeZ1GZ4tkVK2qhPSzCL,Remember To Remember Me,Isak Danielson,singer-songwriter,0.499,0.463,0.799,0.0,0.231,95.971,56
7AH7gmGD0jasr5pKzQlFMu,Franco,Emir Can İğrek,turkish,0.523,0.626,0.257,0.0,0.759,94.99,49
3pny48jG0LpFUu9iX1PRFd,Alles verloren,Zate;Jack Center;LUNA,german,0.545,0.559,0.545,0.0,0.115,118.767,40
5f0xyP01hItOjFh3iLgOzU,Back Up Again,Jay Reeve;Piqo,hardstyle,0.4,0.748,0.0313,0.0,0.626,149.915,25
7BadI3eRrbtM2vQSo8nPSa,"Shiddat (Female Version) [From ""Shiddat""]",Yohani;Manan Bhardwaj,indie,0.463,0.505,0.307,0.0,0.41,149.92,47
1vVE2HYDwJKyPqjOnfwisH,He Said She Said,CHVRCHES,synth-pop,0.574,0.625,0.0366,0.000243,0.281,126.923,38
2NUEBFXY3K42AnhW0Izmiz,Finger Family,Finger Family,children,0.836,0.386,0.662,0.000298,0.559,109.99,41
6ibi48DPWz04U2lTWp3G8o,Authentic,Crate Diggers,study,0.598,0.424,0.0199,0.816,0.311,171.44,39
14EXZEog1hW97d6yz8ejih,The End of All We Know,Bleed From Within,death-metal,0.311,0.959,0.000505,0.00012,0.336,149.406,47
4qTefUwED8NTpKrOqYGopL,Salvation - Radio Edit,Korsakoff;Never Surrender;Alee,happy,0.43,0.978,0.0675,0.0,0.143,174.854,19
2dGE7HMvZEjuNxzz4IDLyL,Jagele,Burna Boy,dancehall,0.726,0.617,0.0475,0.0796,0.629,189.953,63
4c0BoZbzpf4ql8hPntc6uF,Kondalilla,Tony O'Connor,new-age,0.227,0.0172,0.992,0.852,0.216,87.654,21
1MBCOLWlw0wXeSlCgLQCK9,Epic Sax Song,Adrenalize,hardstyle,0.496,0.901,0.00592,0.308,0.289,150.079,58
3bBmpVl9rQKJsFFGLFilIS,Charcoal Baby,Blood Orange,chill,0.622,0.46,0.14,0.000369,0.514,183.241,66
5Gmf4c1oRbQWQgZ8IB7PjU,Reverse Effect,Jor'dan Armstrong,afrobeat,0.704,0.486,0.36,0.0,0.415,139.957,17
1s3pMn91LHPB0mmYqE3iNG,Vou Te Amar o Ano Inteiro - Ao Vivo,Bell Marques,forro,0.49,0.985,0.029,0.0,0.547,167.679,39
3kV81EbR3PjIzZV3MSabIW,I'll Be Home For Christmas - From The Kacey Musgraves Christmas Show,Kacey Musgraves;Lana Del Rey,country,0.469,0.183,0.829,0.0,0.381,139.592,0
4mQpBIJKBpd8lcrtZ73SP8,Let's Nacho,Nucleya;Benny Dayal;Badshah,edm,0.742,0.947,0.0906,0.0221,0.88,130.043,54
4nyF5lmSziBAt7ESAUjpbx,"I miss you, I’m sorry",Gracie Abrams,indie-pop,0.445,0.455,0.731,1.47e-06,0.151,109.885,73
4BqJY518k2fWMqm9CI0KUc,Sedation to Sedition,In Twilight's Embrace,black-metal,0.248,0.845,6.72e-06,0.812,0.23,159.871,17
0iHjqIQdw2IMhD5j23gci7,Legend,Upchurch,country,0.909,0.77,0.115,0.0,0.757,146.985,44
1eECAaN6EoPl88toDVW8PE,Disfraz,Los Caligaris,ska,0.607,0.741,0.0458,0.0,0.917,155.936,37
4jchz0e8ppRtrfOzXHG5Vv,K.O.,Prabh Deep;Sez on the Beat,electronic,0.483,0.801,0.323,0.0,0.587,81.884,24
1elI9IOBskmT6IHYbtjc8F,"Multi-Viral (feat. Julian Assange, Tom Morello & Kamilya Jubran)",Calle 13;Julian Assange;Tom Morello;Kamilya Jubran,afrobeat,0.501,0.963,0.0516,0.0,0.656,165.128,21
5ALSImql3m73owzxAhheKC,Unremembered,Farzad Golpayegani,iranian,0.459,0.541,0.318,0.929,0.229,150.067,4
6jyCBf3dZrJBjCTkJtUFVY,Gurenge but is it okay if it's lofi?,Kijugo,anime,0.853,0.408,0.457,0.936,0.548,120.002,47
5qIhT5fMlHMGjzOGWl9OAZ,The Road,Matt Dahan;Kelly Lynne D'angelo;Dylan Saunders;Joe Viba;Mariah Rose Faith;Natalie Llerena;Jaime Lyn Beatty;Michael Minto;Jeff Blim;Starry Company,show-tunes,0.52,0.365,0.668,0.0,0.22,105.005,26
51Fw32KFm2W0Fk5B0ebWMB,Lass neue Liebe zu,Pia Allgaier;Friedel Morgenstern,disney,0.306,0.148,0.901,6.35e-06,0.151,75.52,18
7FfIjhyjKgZbdRCMsyesm4,Mundo De Oz,Soweto,samba,0.406,0.553,0.408,0.0,0.33,146.799,41
2sUyPCFDbVAjnDI4xCGA9N,Yaar Judah,Farasat Anees;Naseebo Lal;Annural Khalid,electronic,0.764,0.527,0.0562,0.0275,0.135,120.032,25
0NeJzwDzZGBLSVF3ywB7je,Caramuru Calibre 32,Hillbilly Rawhide,rockabilly,0.398,0.952,0.605,3.99e-05,0.882,154.504,25
7Gtll0R49DE7NjPdLotXIw,Summerbass,S3RL,happy,0.577,0.988,0.00307,0.000267,0.272,174.977,18
01bi4oem9ZP41k1u43Ir4m,Chill Cassette,Siesta Beats,study,0.711,0.301,0.827,0.913,0.422,82.018,32
7J5d8EHVjEYbMgOXGi0PKD,Get To U,Papa Khan,dub,0.673,0.737,0.0713,0.0,0.179,144.928,45
6FmPXGRK2WmZQoBU5ffVYP,Starlight Express,Montez,german,0.49,0.671,0.15,0.0,0.312,169.907,0
1LOmRBg3chULvqcTYGsdpu,The End of All Things,SWARM,club,0.361,0.968,0.000412,0.00392,0.297,149.512,40
4p25wyCj4N2t4zNAC5UPrI,Corps Of Corpses,Hawthorne Heights,hardcore,0.399,0.913,0.00762,0.0,0.225,146.959,0
4Mg3YzlEp93OhGQol4VqXL,Take Me Home,Saco;Sebastiën,french,0.746,0.747,0.579,0.000197,0.668,113.932,65
35592qATAP1u72mO9oelLc,Where the Money Flows,Peter Cat Recording Co.,electronic,0.396,0.355,0.657,0.000889,0.355,75.032,48
6p5px9kCJlTCybpWXHIcW3,Ölüm,Cem Karaca,psych-rock,0.331,0.845,0.0025,0.00097,0.573,159.753,33
2dje3ZBu1j1r0QfR7mtS0l,Burning Hour,Jadu Heart,soul,0.557,0.8,0.088,0.537,0.497,105.023,61
33jIOBC0DaJNGzyLQxD41f,散步之年,my little airport,cantopop,0.636,0.305,0.658,0.204,0.41,114.967,40
3Oel2uKhw6SBwZ5SfRCD6r,Mehrama - Extended,Pritam;Darshan Raval;Antara Mitra,indian,0.545,0.632,0.863,0.00737,0.393,107.931,51
3ZffCQKLFLUvYM59XKLbVm,Wake Me up When September Ends,Green Day,punk,0.546,0.814,0.023,0.0,0.146,104.98,78
6IVLrahIqhk1bohyMLAZ6j,Crash Drive - Agressor Bunx Remix,Black Sun Empire;Agressor Bunx,drum-and-bass,0.433,0.919,0.0171,0.913,0.0679,174.048,19
2OYfxjLnQuPo7Co1WH0Z1S,Bad Bitches (feat. Megan Thee Stallion),Marshmello;NITTI;Megan Thee Stallion,progressive-house,0.819,0.814,0.00033,0.328,0.464,125.965,50
0PGVmGVnLNF58JFieI3p14,Nana,Acid Pauli,minimal-techno,0.796,0.572,0.216,0.91,0.671,124.003,42
365F2lUtKG3sO4ODtdAD4g,Christmas In Heaven,Scotty McCreery,country,0.49,0.515,0.623,1.26e-05,0.256,80.967,0
6xU6i9ja5W68xPFDgh6tsa,Mega Star,Exaltasamba,samba,0.478,0.684,0.285,1.72e-05,0.286,146.906,37
4BoFJMLSO3ZoD48KgnslSe,Mere Humsafar (Original Score) [Female Version],Yashal Shahid,pop,0.442,0.444,0.744,0.0,0.386,143.691,68
0Z4pLlygCvkTHmeQtYAbNH,Discipline,Nine Inch Nails,industrial,0.611,0.793,0.00122,0.285,0.824,122.01,50
0fO7QiLntm2mzedKGCbgwv,Travel Song Medley,Dora The Explorer,kids,0.885,0.806,0.135,0.000722,0.748,110.943,21
5WA3rl0o0RJwdhsB2T7p1k,Am I Dreaming (feat. Megan Brands),Mike Mago;MAU;Mohka;Megan Brands,deep-house,0.627,0.823,0.00768,5.7e-05,0.247,123.904,52
0GDG2jUTXjVRZpMbibf5Fw,MYSTERION (Live at 日本武道館 2022.5.15),Momoiro Clover Z,j-idol,0.626,0.832,0.451,0.0,0.649,150.042,19
4MXhiYIRDMGAuvZc5IFTwC,ASTROTHUNDER,Travis Scott,house,0.7,0.46,0.142,4.81e-05,0.286,151.901,74
78U7dsruM76CzAnTSZ4npT,Akula Owu Onyeara,The Funkees,afrobeat,0.701,0.702,0.525,0.0486,0.885,110.721,39
4ElO3MwlHnx4dvnaMFcyGp,Quando Jesus Estendeu Sua Mão,Kemuel,groove,0.407,0.312,0.887,0.0,0.328,113.894,33
2ViSWfhT0kvEulXA1HH7Wk,Sugar Daddy,Qveen Herby,alternative,0.953,0.453,0.0605,0.000159,0.0368,126.009,64
1RiXthKlr0dQ58dyjGprrP,Wenn du Bock hast (ich hab wieder Bock),Micha von der Rampe,party,0.737,0.959,0.154,0.0,0.566,157.954,28
3f8FMsUvhAbIq2A9avsU2o,Winter - Radio Edit,Zatox,hardstyle,0.503,0.914,0.00115,2.41e-05,0.148,150.0,26
1z1Hg7Vb0AhHDiEmnDE79l,All the Time - Don Diablo Remix,Zara Larsson;Don Diablo,swedish,0.675,0.931,0.0794,2.33e-05,0.613,124.008,54
3AZ0PJa2Ixf8J8LIxoYeUe,We Made It (feat. Linkin Park),Busta Rhymes;Linkin Park,hardcore,0.62,0.746,0.424,0.0,0.191,138.454,50
6uGGlSAw2XtruAqFV8ST8J,A Bridge Over Novocaine,Jan Blomqvist,minimal-techno,0.643,0.578,0.0158,0.099,0.375,116.027,37
7vc0GwMQ3XlZHGYktErg5I,The Christmas Waltz,Peggy Lee,jazz,0.25,0.168,0.822,0.000135,0.141,107.269,0
5Uel5PmPBZICA0TQTI912U,Ay Mi Dios,IAmChino;Pitbull;Yandel;El Chacal,reggaeton,0.761,0.829,0.169,0.0,0.814,92.034,71
7w7Eq6gzIfiqdIZaBjzPrm,Memories,One Voice Children's Choir,children,0.577,0.295,0.842,0.0,0.588,181.843,47
57VhQPNY1uabNlnuyMEV03,Titli (Dubstep Version),Phoenyx;Zoheb Khan,folk,0.48,0.689,0.0528,0.0,0.203,168.035,38
1Hv1VTm8zeOeybub15mA2R,Smooth Operator - Single Version,Sade,british,0.734,0.58,0.238,0.0006,0.962,119.336,70
3KZ72YyftIV2SzjVuOAg3G,Captivity Spinal Cord,Ekwon,iranian,0.506,0.975,4.31e-06,0.933,0.102,119.946,0
35GakR9AKv4NTNaCt5z3zD,Lullaby Overture,The Wiggles,children,0.148,0.249,0.543,0.0209,0.206,177.489,28
7yhN7C46ts8tAKHoNRrBL6,Daggers,We Came As Romans;Zero 9:36,metalcore,0.435,0.961,6.16e-05,0.000134,0.427,148.016,57
0vn4H0Kl3KRYHZG4Z6vUYY,Dalam Kelam,Dochi Sadega,punk,0.284,0.31,0.513,0.0,0.301,84.918,39
41sFEVzcBymxGTnnZCUkzG,All I Need (feat. your friend polly),Jason Ross;Grant;your friend polly,dubstep,0.417,0.747,0.423,0.0,0.503,72.475,41
0snPJPxkk0MbTc0xeUvAPt,Dancing On The Ceiling,Lionel Richie,disco,0.698,0.774,0.12,2.26e-06,0.731,133.197,69
6FIHFjT1UcLxuZNgJgxuv7,Modar,Stand Here Alone;Asep Balon,punk,0.36,0.984,0.0758,0.0,0.787,178.044,37
61rTqYnlQ9sstIpuJc0G6s,Thronium,Aruman,iranian,0.383,0.454,0.932,0.777,0.0593,118.984,0
4SRdEjyr9KFDlCpodtOHV2,Anywhere's Home - Chill Mix,KSHMR,progressive-house,0.693,0.777,0.12,1.32e-05,0.138,124.001,52
6tqocy1jxCNrd2pisWeQgN,Abaie,Kiawasch Sahebnassagh,iranian,0.525,0.00778,0.861,0.0301,0.143,116.288,0
0IPrUbZh6uFgY7RvaMyBPb,"Sonate, Op. 5: V. Giga",Arcangelo Corelli;Cet étrange éclat,classical,0.159,0.0879,0.701,0.888,0.434,56.139,1
5IDX3criNsV6KTvV5gTfa9,Vaivén,Jorge Drexler,afrobeat,0.561,0.346,0.701,0.0129,0.775,112.232,25
3dcDc0eaQabbXoTNXysU6U,Boondocks,Little Big Town,country,0.406,0.78,0.21,0.0,0.687,88.017,0
77loZpT5Y5PRP1S451P9Yz,The Reason,Hoobastank,alt-rock,0.472,0.671,0.0129,0.0,0.0681,82.952,81
55gVsZyepHwZStu3dBoONG,Halloween Dance,Christopher Zondaflex Tyler,kids,0.844,0.304,0.0135,0.0,0.53,102.099,14
6Uaqf3LCwuVebfm5u3ndq9,Sober,Bad Wolves,metal,0.456,0.813,0.0111,0.0,0.619,157.031,57
5QtQFSdyZEl0w4iDxAyv76,Namo Namo,Amit Trivedi,pop-film,0.648,0.711,0.436,0.0,0.33,119.935,71
3Nku6gLNqnwUuq8GLkqyhW,Great Spirit,Armin van Buuren;Vini Vici;Hilight Tribe,edm,0.592,0.911,0.00608,0.0123,0.211,103.517,66
6I4WkJKGbgjQ2tF8vIADTh,Betray Di Gaza Boss,Vybz Kartel;Tommy Lee,j-dance,0.975,0.685,0.32,0.0,0.758,120.046,18
0sBzVSBpA9MmQDkMNs339d,Llegaste Tú,Luis Fonsi;Juan Luis Guerra,latin,0.759,0.527,0.749,0.0,0.482,119.936,1
1vfx47fbk60K3ojvmXaI47,Quando Te Encontrei,Raça Negra,pagode,0.667,0.543,0.0786,0.0,0.92,132.135,43
43eXN1LjXFXXrBRUXsy9aD,In Lust,Poisonblack,goth,0.504,0.58,0.00821,0.000366,0.255,88.024,25
6MnSyZZwLhpcpvQuOyvKES,Beyond Tribes Pt. 1,Zhoobin Askarieh;Ali Sasha,iranian,0.302,0.692,0.538,0.0533,0.177,175.989,0
3AOPTJE3oOAAJT8W06eazk,TAPE MEASURE,Spice,j-dance,0.833,0.755,0.183,0.00131,0.267,103.981,24
343YKyQVxUR6RDs90q4NrJ,Wishing You Were Somehow Here Again,Andrew Lloyd Webber;Emmy Rossum,show-tunes,0.169,0.0613,0.933,3.66e-05,0.0752,91.653,27
0Xyy5ASa9iuqIgzH2mY9T6,Paradox Existence,Garhelenth,iranian,0.125,0.677,1.68e-06,0.0056,0.299,96.517,0
3Ys4r6JmqPmLHi2CJ9EnaN,Sacrifice - Nathan Dawe Remix,Bebe Rexha;Nathan Dawe,dance,0.751,0.808,0.00112,0.0994,0.508,125.983,0
1By0FlLWeUxjQpOjmQIYig,After All These Years,Journey,hard-rock,0.411,0.585,0.151,0.0,0.17,127.618,47
2AiyLKH0OQ2eh04N6wcFoc,(This Is Our) House (Arcade Version),In Flames,goth,0.499,0.832,6.23e-05,0.848,0.196,132.311,21
17WGulQEZE54Xhw3wIv0Ti,Illusion feat. Haexxa,Alfred Heinrichs;Haexxa,deep-house,0.751,0.649,0.0279,0.66,0.508,139.983,29
5BxuWOcIdQjkmy8chfp6ro,Vas a Crecer,Doctora Juguetes;Felpita;Lambie;Lula,disney,0.767,0.738,0.522,0.0,0.851,150.088,24
0jBhutwtzHTN6QXFIRueMx,Amor e Ousadia,Parangolé,pagode,0.791,0.912,0.813,0.0,0.634,99.935,43
3Vgb8XIYtpcLJWehVa6eGA,Es ist ein Ros´ entsprungen,Traditional;Wiener Sängerknaben;Gerald Wirth,sleep,0.197,0.118,0.992,0.00107,0.214,85.289,0
354j6LPNLlWsKvQJQuye0X,O carimbador maluco,Raul Seixas,brazil,0.673,0.846,0.199,0.0,0.772,148.118,46
7dfZoXPz7AKCTEmsyRHLHP,Here In My Heart,The 6ths,club,0.549,0.802,0.0655,2.7e-06,0.894,115.599,15
3X5Jbz7VhZfbPqIRmYIj8c,Saans,A.R. Rahman;Shreya Ghoshal;Mohit Chauhan;Gulzar,pop-film,0.543,0.665,0.505,6.41e-06,0.495,81.97,59
1HYzRuWjmS9LXCkdVHi25K,Stay With Me,CHANYEOL;Punch,k-pop,0.558,0.526,0.431,0.0,0.202,124.709,73
4jAhWmEZd4mfvsrxr9hRbI,To the Moon,Desmond Dennis,kids,0.826,0.836,0.0693,0.0,0.709,115.272,9
6VQSy5KXz6nOR2yywRlH4n,"The Touch, Pt. 2",Origin Unknown,drum-and-bass,0.544,0.879,0.000113,0.639,0.465,159.803,17
4ChBLndekjzQveHPsn3r6W,Let It Be (feat. Veela),Blackmill;Veela,dubstep,0.518,0.584,0.0134,0.0215,0.182,139.936,52
6osLH2yLhpwuESclKx84sg,Joy of Little Things,When Chai Met Toast,folk,0.509,0.611,0.185,0.0,0.208,100.155,53
0wKeObS2mudRny1hzoq8tu,Favela Vive,ADL;Sant;Raillow;Froid,brazil,0.743,0.471,0.693,0.0,0.463,78.127,48
5DWyzRdimYu6Hl15DwvOz1,Borderline,Columbine,french,0.713,0.752,0.267,0.0,0.435,137.963,35
1ecIvF4THpjBQtV2XOWS3Y,I Didn't Know,The Infamous Stringdusters,bluegrass,0.528,0.74,0.435,2.55e-06,0.732,150.668,22
0e7SdulOBBTeSS7B2idUDd,"Dança Do Bole, Bole",Exaltasamba,samba,0.737,0.855,0.777,0.0,0.957,92.425,39
5W1oLSGVHOpd3qTfFhieIq,Reaching For You (feat. We The Kingdom),Chris Tomlin;We The Kingdom,world-music,0.465,0.726,0.0603,0.0,0.185,139.916,39
0MnkYKTdRkLk1tCywpPP82,"Dies irae, LWV 64/1: Dies irae dies illa",Jean-Baptiste Lully;Chœur De Chambre De Namur;Millenium Orchestra;Cappella Mediterranea;Leonardo García-Alarcón;Sophie Junker;Judith van Wanroij;Matthias Vidal;Thibaut Lenaerts;Alain Buet,opera,0.249,0.333,0.941,0.158,0.48,115.045,25
5zdwx9iNg9OySJzpzUXjx2,Run Underwater,Toronto Is Broken;Aktive;MZKA,idm,0.491,0.957,0.0057,0.21,0.418,174.06,12
2i84vfr3fIZUMAp61JZfKf,Stay Young,Don Williams,country,0.77,0.482,0.729,0.00983,0.707,88.972,47
4BwFG57h1iCRrP8uy4e28Y,A Revolta Dos Dândis Pt. 1 - Ao Vivo,Engenheiros Do Hawaii,r-n-b,0.622,0.905,0.111,1.75e-05,0.75,100.031,40
0FqT68Su7VQHXDH1WsF7aW,Jesus,Chris Tomlin,world-music,0.441,0.745,0.0105,0.0,0.298,76.994,34
40FDafNFtz0jDyzCn3MaMs,Never Ending Story,Kato,anime,0.57,0.336,0.942,0.871,0.145,119.835,24
6apkuC8O7MSZYw8YoxtC1U,Poli Saanam,Rakz Radiant;Arcado;Jay Stellar,malay,0.558,0.738,0.141,0.0,0.57,96.93,17
4V5qbn05Agwhbr7cKxTHxs,Posto dos Cornos,Japãozin,forro,0.684,0.832,0.275,0.0,0.96,163.98,48
08GOw3NsrJ0LsCCeyqzt3b,Thank You For The Music,ABBA,swedish,0.283,0.417,0.835,0.0,0.373,201.145,63
1DJakPKQjUoAuHK52vhMRq,Maradoué,PRIME,french,0.611,0.642,0.0848,7.25e-06,0.572,80.422,33
0dcNLhcMbcFd1eduLDNuNT,Key Credit,xJ-Will,study,0.56,0.608,0.00224,0.879,0.311,94.971,33
65yOmsCfT6sxIDroEULeg6,Ha Bu Diyar - Türk Xalq Mahnısı,Rashid Beibutov,romance,0.637,0.4,0.979,0.00265,0.922,125.024,4
0WOFJR54wyTwLB11jcBDb1,I Heard The Bells On Christmas Day,The Civil Wars,acoustic,0.492,0.145,0.872,9.68e-06,0.218,90.078,0
2ueSOewe2bXPIpE8y8TTj1,for the twin,Daisuke Tanabe,idm,0.689,0.913,0.288,0.891,0.649,179.946,32
38YYxh8T6zcXpuUpjrai5b,"ob-la-di, ob-la-die",Stain the Canvas;Call Me Karizma,metalcore,0.475,0.968,0.000225,0.00394,0.393,166.049,50
4pCvnGkf7jveRMKHZosxxB,Edge,Rezz,electronic,0.844,0.682,0.00207,0.797,0.352,99.99,55
1PpDWm6xqTir7SaNnFi7sK,HUMANS,KLOUD,club,0.485,0.808,0.0309,0.00958,0.295,103.007,49
07Sqi12AJGECPxYI1U5iMw,Stop & Stare,Inner City;Steffanie Christi'an,detroit-techno,0.659,0.833,0.0101,7.05e-05,0.385,122.041,9
6a1e2CD4FjOhk6bDnzlg15,Hearts on Fire - Timmy Trumpet Remix,ILLENIUM;Dabin;Lights;Timmy Trumpet,dub,0.606,0.782,0.0226,0.0,0.356,129.963,42
5SAvq7siU2MnQBtGFEHwK4,Tu Gloria - En Vivo En El Gran Rex / 2015,Coti,spanish,0.447,0.934,0.00289,0.0,0.513,140.946,26
7qeSsa2iFblJGT3uoTLw4K,Saviour,VNV Nation,industrial,0.513,0.769,0.00037,0.912,0.137,140.024,27
4O5c8T9I55IZr1hEUQrEGi,Lost In Space,Armin van Buuren;Jorn Van Deynhoven,progressive-house,0.561,0.903,0.00917,0.0613,0.084,138.081,51
5uRG10f2RQ4SHHg9YWHjYG,Dominator - Frank De Wulf Extended Mix,Human Resource;Frank De Wulf,happy,0.821,0.741,0.000831,0.727,0.246,126.861,16
67w1cb9ESAnCGJkC9hW2nO,I Won't See You Tonight Part 1,Avenged Sevenfold,metal,0.4,0.719,0.000451,0.00581,0.101,129.505,55
3EaxenS8sXYOyntQwTEYMw,Dead V,Nightcall;Dreamhour,dubstep,0.198,0.477,0.0501,0.00987,0.0948,94.939,41
1PfLmjg83VihYZJtVQk1bX,You Never Know,tyDi;Electric Polar Bears;neverwaves,progressive-house,0.621,0.955,0.0871,0.00326,0.424,126.966,57
4hFjUsE7zmtCk8SFUtm6VQ,El Charro Viejo,Joan Sebastian,r-n-b,0.57,0.532,0.476,0.000633,0.886,96.705,45
1158ckiB5S4cpsdYHDB9IF,My Own Summer (Shove It),Deftones,metal,0.443,0.781,1.33e-05,0.205,0.372,71.841,76
6cIYjXRwQwKnZas3JE3DFT,Scythe Master,Four Tet,electronic,0.644,0.815,0.00854,0.845,0.494,129.998,4
69d9Rusw6W1cZyat1l96tO,On The Street Where You Live,Nat King Cole,jazz,0.369,0.421,0.61,0.0,0.326,71.923,1
6VGNzYErt08Rai78mLkIzI,Domino,Oxia,minimal-techno,0.785,0.69,0.00291,0.907,0.215,128.879,52
6ZDqMzzcX8w2RaAWY6JHGN,La llaga,Almafuerte,heavy-metal,0.555,0.948,0.00836,0.0,0.815,146.969,23
0qkdE1C0ufnUISKwhg8Wh6,What If I Never Get Over You,Lady A,country,0.576,0.724,0.016,0.0,0.34,93.029,64
6CILZpTzqxKTBxplMMzfKO,Under a Vibes,Kyodi;Weekday,j-dance,0.631,0.632,0.257,0.0,0.4,100.039,20
6jTZGXH1cOQM3jhh07ZE1y,Down By The Bay,Raffi,children,0.562,0.144,0.455,0.0,0.869,204.418,61
1B7GdW07UqOJzgZDc8T3ec,Run Rudolph Run,Chuck Berry,blues,0.647,0.876,0.881,3.59e-05,0.949,151.925,0
0zqBZqm5czQ3A4EoSdKFHj,Man On The Moon,Alan Walker;Benjamin Ingrosso,electro,0.668,0.816,0.0557,1.02e-06,0.5,129.971,73
64UQLXFp7Gs189kF3myYiq,My Adidas,Run–D.M.C.,hardcore,0.819,0.773,0.000598,2.79e-06,0.756,95.382,32
6RmEfog9mkYv5J4w97U2S7,Bora Vocal,Rone,electronic,0.714,0.609,0.679,0.521,0.151,124.991,2
2tZUOYK2y7WNhArsa3oxUn,Shake and Move,Patty Shukla,children,0.795,0.511,0.298,0.0,0.113,119.908,46
2j1fFjWHCI9KJSwcuYAOyF,Spring Day,BTS,k-pop,0.539,0.846,0.00631,1.71e-06,0.462,106.994,76
06qPS9C31XGitZ6kzs1qkK,Expecting More From Ratty,Scooter,happy,0.654,0.974,0.0101,0.202,0.605,143.013,17
2cCvJe91VvU71UbOuBdrx1,Jag går runt i solen - Lassemans altan,Arvingarna,swedish,0.795,0.898,0.13,0.0,0.974,122.988,38
3NHMcWKPWJrBgbrHFtOoXK,Infinite Beauty,Darko US,death-metal,0.445,0.927,0.00127,0.297,0.0786,92.997,48
2sZ0uw5ZgibFVCRWmpWBRK,Odyssey to Anyoona - Wehbba Remix,Jam & Spoon;Wehbba,techno,0.516,0.925,0.00104,0.861,0.0368,132.013,35
57JCZANsYmlLC0BVUsrbEr,Invisible Palette,Obie Hans,study,0.569,0.149,0.84,0.889,0.359,118.493,33
1gJA27xiMdENwoAVN7kMlo,My Only One (No Hay Nadie Más),Sebastian Yatra;Isabela Merced,reggae,0.727,0.526,0.693,0.0,0.681,105.086,66
01x0v6Dn1SYMNCskYWGuAa,Little Saint Nick - Spotify Singles Holiday,Surfaces,soul,0.592,0.664,0.0126,1.06e-05,0.711,144.076,0
2xdIHrH1a0IuThQTbwpzmc,Popotitos (Bonie Moroni),Los Teen Tops,rock-n-roll,0.588,0.512,0.739,3.02e-05,0.92,140.257,34
45TqppkuQzkufRylqNYZEy,Different Ways,Altero,french,0.662,0.509,0.346,0.00612,0.326,105.018,56
744mubICN4kiGxVJcOJmyQ,All I Need,Kid Travis,chill,0.747,0.514,0.0435,5.93e-05,0.392,97.495,52
1qHFwPyMr2ZQwoVQrlucjF,Devotion - Suduaya Remix,Liquid Soul;Suduaya,trance,0.464,0.855,0.0301,0.918,0.157,134.958,39
4Mi13CyZHas82GRNnOJSlS,Leguisamo Solo,Carlos Gardel,tango,0.676,0.384,0.991,0.000409,0.845,143.235,22
5y0Ea7N6qh5ov0Y4WGIfDX,As It Was - Piano Version,Philip,piano,0.4,0.136,0.982,0.918,0.495,72.424,41
1URWWcYSdpocA3RRlvtMDD,bamcopy+,frek!,study,0.588,0.361,0.968,0.941,0.462,79.969,23
1o4Pf2GIMDCD7ifIM2yI77,Last to Know,Three Days Grace,grunge,0.465,0.456,0.554,0.0,0.293,138.78,56
4MUqlINdPK2nTROafnpB4Z,Conmigo,Nico Rengifo,reggaeton,0.729,0.692,0.135,0.0,0.57,95.039,43
27UEFsjrnWcBjEk3RIY8ux,Different Way - Murdock's Every Man Do His Jungle Mix,Murdock;Errol Dunkley,drum-and-bass,0.557,0.898,0.0273,0.000103,0.482,171.99,16
2GD9B5PyfHtzcZOh3YXxdd,Running Away - Instrumental,Kinobe,trip-hop,0.53,0.583,0.105,0.811,0.534,75.01,17
4P1mEI6IhsSyEMbpArFuMp,Just A Closer Walk With Thee,George Jones,honky-tonk,0.296,0.465,0.652,3.88e-06,0.49,205.466,26
5nnuUCywXAfV5giJrNe2hd,No Hurry Time,Logistics,drum-and-bass,0.485,0.963,0.00131,0.826,0.423,174.047,18
1qXJtdNOWUC68Uha0ZOkkp,Monster Breeze,Special M;Marambá,trance,0.611,0.873,0.00601,0.458,0.0284,180.012,35
7eR5i0UNKTG57MMLZJpeB6,A Festa Do Santo Reis,Tim Maia,mpb,0.565,0.831,0.125,0.0,0.839,138.301,41
5j4kHNz5syQBR9Jfv3hwbb,Para Que No Caigas,Ricardo Iorio,heavy-metal,0.334,0.975,0.153,0.0522,0.241,145.328,22
1a7ZHtzNCTPuJkStK8WJbq,Rock and Roll,The Velvet Underground,alt-rock,0.494,0.738,0.00394,3.05e-06,0.735,132.496,0
2NWcGJx6gY1Z3SJJ646ycZ,Prologue - Japanese version,Miyuki Tsurugi;Sumire Morohoshi,disney,0.161,0.194,0.896,0.0245,0.102,86.747,24
5cLepYKVvnwoW0CflglNui,"The Virginia Company (Reprise) - From ""Pocahontas""/Soundtrack Version",Chorus - Pocahontas;Mel Gibson,disney,0.4,0.212,0.776,5.37e-06,0.597,181.803,23
0Uy1VmHJOqQlEkSyYfs5mO,Hey You - Live,Pink Floyd,psych-rock,0.315,0.405,0.239,0.000667,0.215,111.411,46
6T1TompuJnWs8299wj9Zpm,I Want An Alien For Christmas,Fountains Of Wayne,alt-rock,0.479,0.802,0.0117,0.0,0.625,148.658,0
2GqmufsIytFAXE9sxz4m4S,Loka Loka,J Alvarez;Sak Luke;DJ Valdi,latin,0.775,0.794,0.162,0.0,0.84,94.018,0
6AmhUIvNyevwaoy2D73OxJ,Sleep You Little Videyoung,Henrik Janson,guitar,0.546,0.0973,0.955,0.914,0.191,175.938,49
6lPQItGuSC8yAAAwVyFsH4,Sweetest Dream,Philip Wesley,new-age,0.341,0.0412,0.964,0.906,0.148,63.49,21
5xe7XqSMdyKRDXPvD42B3T,Pig In A Pen,Old & In The Way,bluegrass,0.474,0.536,0.628,0.0502,0.808,132.374,23
6QLspHLCLftSGPa6vNzKuo,In The Army Now,Status Quo,blues,0.686,0.722,0.101,3.37e-06,0.904,104.665,65
700D6C7VLoFuEuv1oDbd7A,Don't You Want Me,The Human League,synth-pop,0.744,0.686,0.101,0.0,0.894,117.483,0
1hWVzgaOI399QZX8bSDPi7,Seu BB Te Ama (Ao Vivo No Casa Filtr),Os Barões Da Pisadinha,forro,0.718,0.852,0.662,0.0,0.968,160.008,46
32bqxZEJRJObeNyc8bEiPt,Heavy (feat. Kiiara),Linkin Park;Kiiara,grunge,0.59,0.671,0.0484,0.0,0.438,149.982,50
23ZMKlQGiMebjuPWEcf7UP,One Millionth Happy Customer,The Cassandra Complex,industrial,0.497,0.691,0.0086,0.00611,0.0956,120.505,20
3DKI4ZKPLQb1Pk2uTR1zR0,Rose Of Arimathea,Hans Zimmer;Richard Harvey,german,0.0669,0.021,0.922,0.903,0.0363,74.952,12
1aZwqRn7uItXDwUXemABBc,21 Reasons,Nathan Dawe;Ella Henderson,house,0.621,0.785,0.0165,5.92e-06,0.779,123.96,1
5dP3ddhnyTChXznrPEB3Ry,Rubias De New York,Carlos Gardel,tango,0.561,0.271,0.995,0.034,0.73,97.22,27
5alsQFFPVtw42DY6UoHAfP,Muñeco de Papel,La Misma Gente,salsa,0.578,0.573,0.752,0.00111,0.939,89.226,30
1s7UFV247I23X57NQFEVpl,Dekho Dekho,Saicharan;Ritesh G Rao;Chiranjeevi;Salman Khan,indie,0.638,0.968,0.744,0.00205,0.476,175.449,17
08QN1e5ou2ANfx9AhB88nw,Real As It Gets,Lil Baby;EST Gee,hip-hop,0.779,0.705,0.00471,0.0,0.196,140.005,8
6O8BTaPTVtqR4OxtQeoCgp,lift you up (someone else),gavn!,sad,0.562,0.321,0.877,4.47e-06,0.218,126.04,51
6vpAnhfGC42sQ6KfO7qPZ7,Shakuhaji Tales - Native Mix,Kamal,new-age,0.665,0.47,0.00646,0.36,0.567,140.434,20
49hAL0xPGPpjnshjQA22tq,Goudou,H Magnum,french,0.709,0.697,0.427,0.00427,0.603,189.79,55
4znltrmEJkEFZfZZHvjEr0,Analoog,Dither;D-Fence,idm,0.561,0.995,0.102,0.0,0.0864,179.989,20
10vntsDhfvE8NtalR8k1Bm,ily (i love you baby),Surf Mesa;Emilee,house,0.667,0.799,0.0589,0.0119,0.288,112.054,0
12kqfVmygQLCrwx6ldfYMH,"The Secret Wedding - Love Theme From ""Braveheart""",David Arkenstone,new-age,0.101,0.179,0.962,0.895,0.0777,65.494,42
3pzBD8BVdrv7VJ7glRYshl,"Carmen, Act I: No.5 Habanera : L'amour est un oiseau rebelle (Carmen/Cigarières/Jeunes gens/Dragons)",Georges Bizet;Angela Gheorghiu;Michel Plasson;Wolff;Orchestre National Du Capitole De Toulouse,opera,0.364,0.0592,0.978,0.0,0.185,123.789,51
2k07yELPvHZEqwdRzROUpc,Losing Ice,Hans Zimmer;Adam Lukas;James Everingham;AURORA,german,0.0898,0.232,0.743,0.943,0.0345,85.811,29
3jlE9uLs8cGPyBizII7iDf,Bushpig,Deekline & Wizard,breakbeat,0.649,0.863,0.000633,0.398,0.926,137.086,17
2BPhDwy0B6J0NUfRQvpDME,Hand Gestures - MAACHINEN Remix,Noisia;Joe Seven;MAACHINEN,breakbeat,0.761,0.605,0.0229,0.834,0.207,171.922,28
4kDJ3wToUoZxnCgHeFrSPI,Tartarian Winds,Necrophobic,black-metal,0.366,0.88,2.92e-06,0.249,0.251,109.97,18
1AuVNrzAmDnfgyYId0fve1,White Christmas,Leonardo Holmes,disney,0.371,0.0167,0.983,0.945,0.244,73.938,27
5mhWD3cDX9JTP0ukiEzNWf,Santeria,Sublime,punk,0.665,0.751,0.0209,5.16e-06,0.58,90.376,1
09dwCB0a9GrvSZloCCXqq3,Merry Christmas,Bryan Adams,rock,0.683,0.511,0.406,0.000197,0.598,109.991,0
7JycS8KTsWmGkEKV2qQckL,Serrado (Ao Vivo),Djavan,mpb,0.568,0.735,0.762,0.000682,0.539,98.63,42
13CWjdINSlNUJkoL8XW2ri,Berangkat,Boys n Root,ska,0.786,0.731,0.225,2.2e-06,0.929,122.043,34
1oCHw7qebbQshiMLm8AxE7,Make It To Christmas,Alessia Cara,electro,0.535,0.522,0.131,0.0,0.305,77.054,0
0doBBBGIPsA0rtRQCqQewB,The Immortal - 2009 Version,Arch Enemy,death-metal,0.171,0.969,5.56e-06,0.13,0.352,183.496,22
6AN0bkQqvfxyLJrnm2a7Ok,Lucid Dream,Oatmello,chill,0.801,0.335,0.73,0.737,0.0388,77.998,53
1wxawt7KhcgYxCbmNdjSRu,Cuando Llora Mi Guitarra,Sandra Luna,tango,0.558,0.65,0.853,1.18e-05,0.755,156.41,27
3H4jzLMUrdL07Bmi0HLP8t,Happy New Year,LOVA,swedish,0.625,0.274,0.834,0.0,0.081,134.9,0
1wWwIwO2GdnDfvUywsAJhl,Sentinela - Ao Vivo,Art Popular,samba,0.467,0.87,0.313,7.54e-05,0.896,87.871,39
4qo4iXXXOBzGEozUQ6CAfQ,Volvió Una Noche,Jorge Falcón,tango,0.421,0.445,0.758,0.0,0.356,112.16,19
62K8BiRg2aZgFPvpnBE2o1,Te Lo Advertí,Ecko,latino,0.727,0.597,0.0712,0.0,0.376,100.994,0
15SsZje3RFp6tsO6H7TxFd,Honey Kiss (feat. Anika),Michael Wendler;Anika,party,0.733,0.918,0.18,2.28e-05,0.708,134.926,28
58hEBlMI11W93uguhqcExc,Wild Cat,Gene Vincent,rockabilly,0.64,0.487,0.546,0.0,0.907,117.534,24
23eCV7nhzFYsm5Ws2E3EVv,Becoming Soil,His Hero Is Gone,grindcore,0.229,0.931,0.000462,0.734,0.589,141.764,20
3sOTrhVom7qDoKp0nnwQEh,The Hokey Cokey,The Jamborees,kids,0.773,0.423,0.647,0.0,0.744,122.76,10
7sn0OyaKn1XKx18JjUZkSw,Propaganda,DJ Snake,electronic,0.653,0.928,0.00213,0.601,0.239,150.025,51
34hg27mKsLglOhcFtCuuB1,Cariño,Los Baby's,rock-n-roll,0.698,0.27,0.393,0.0,0.573,110.585,29
0sPccB6KhTPnViCM0oGktV,Xenophobia,disrupt,grindcore,0.267,0.997,1.7e-06,0.0088,0.151,175.047,21
3JH39OZox97qAukh5MM96L,Aunque Lo Dudes,Lalo Rodriguez,salsa,0.698,0.686,0.248,1.68e-05,0.828,90.159,33
4O9ICXbrUTAVR5kkx6xANJ,X Gon' Give It To Ya,DMX,hardcore,0.761,0.899,0.0137,0.0,0.673,95.021,55
384txiSqJA9XFLWWLRBhO7,At My Worst,Pink Sweat$,chill,0.813,0.415,0.777,0.0,0.667,91.921,0
0l6b6fXyv5BHHoJizlq2De,Zombie,Mon Laferte,alternative,0.727,0.468,0.69,0.0148,0.346,116.823,0
0bP9pfVp7GGfisiEEQKsIS,Amor Sin Precio,Shamanes Crew,dancehall,0.603,0.854,0.374,2.31e-06,0.667,176.113,34
5oXN3Iem0PAcBVSzE6i68b,TOO MUCH,Chronic Law;ATTOMATIC RECORDS;DANSKY RECORDS,j-dance,0.728,0.689,0.233,0.0,0.338,95.711,21
6twvFrIoIINH8UW8EB8OnU,No Stopping Us,Jason Mraz,acoustic,0.646,0.836,0.301,3.23e-05,0.727,105.991,19
1tZC1ktebdhQSlhnFSetLk,Last Thought (feat. MKLA),Sonny Fodera;Vintage Culture;MKLA,deep-house,0.711,0.656,0.00762,0.398,0.0914,124.005,53
0voYwjeuMfvXlF76oesZKu,"Here, Right Now",Joshua Radin,acoustic,0.496,0.391,0.826,0.0126,0.492,108.868,56
3y2kWqVwRjwU49sbz5QGRD,Astronaut,Simple Plan;Julian Emery,punk-rock,0.456,0.879,0.00197,0.0,0.536,148.131,54
0rZr4lng9DfnKNrXPNDWXZ,New York - Original Mix,Stanton Warriors,breakbeat,0.611,0.806,0.0631,0.394,0.512,130.013,19
1qAf32OMadEU2tBBKigIbB,La Octava Maravilla,Massacre,punk-rock,0.289,0.837,0.00671,2.59e-05,0.24,175.965,41
78iMIaSjeVlUoNa7rehPOU,Black Gives Way To Blue,Alice In Chains,grunge,0.205,0.331,0.822,0.000695,0.113,179.982,49
0zEgII9p4oF7pqF9ozPgTH,Bubbles - Remastered,Mpirgkel,groove,0.71,0.576,0.0857,5.95e-06,0.0782,104.966,37
5d1IthC1D1CaajaQ0Vh8s3,Rani,MALFNKTION,electronic,0.73,0.533,0.616,0.846,0.556,106.021,35
7KDuXJKsd2Xp9fKWnbV81I,Bebê Tubarão Fantasma,Pinkfong,children,0.926,0.691,0.468,0.0,0.664,119.902,0
2IybsLr0giIcD1UDqiwjeL,Sólo Le Pido a Dios - En Directo,Mercedes Sosa;León Gieco,folk,0.467,0.724,0.0179,1.29e-05,0.487,78.578,0
4Kcc3eZVMFUaNG6rWxoazW,Quase Nada,Zeca Baleiro,mpb,0.582,0.698,0.275,9.76e-05,0.81,89.989,39
7kSaXrHANOFv8iXgh2gvgA,The Folks Who Live on the Hill - Live,Brad Mehldau,jazz,0.422,0.0793,0.958,0.878,0.119,139.312,42
6hExOufDzTbiwGosc3kIGW,"Mrs Darcy - From ""Pride & Prejudice"" Soundtrack",Dario Marianelli;English Chamber Orchestra;Benjamin Wallfisch,ambient,0.214,0.0733,0.944,0.885,0.039,137.764,53
7ma2fbKDEvJeGJAx0YedAs,Turn It Up (Original Mix) - Extended Mix,The Prophet,happy,0.5,0.915,0.0022,0.924,0.0778,94.893,0
5lAK7M3ra51XQs3Pep5EB7,Beastman (Traumatize Remix),Ram Trilogy;Traumatize,drum-and-bass,0.554,0.97,0.0495,0.371,0.6,173.032,19
0dnRlO7IDzbN9ixVld7hz6,Pills,The Perishers,acoustic,0.543,0.288,0.667,0.0,0.293,95.435,51
5UiFhQAqSCvdpBaoqJ5HVX,It Wasn't Me,Shaggy;Ricardo Ducent,reggae,0.851,0.621,0.0545,0.0,0.691,94.739,0
4sy8yNumBh9S2LgoFZSQGP,Chemistry Class,Elvis Costello & The Attractions,power-pop,0.681,0.557,0.227,0.00111,0.796,111.38,21
5EL8He4J2hrTWl9rxbE3DY,El Maestro - En Vivo,Babasónicos,alt-rock,0.65,0.915,0.446,0.0,0.885,112.028,44
4Zuei1UAP5pB5ovra9dnnp,Khwaja Mere Khwaja,A.R. Rahman,pop-film,0.565,0.55,0.239,0.0,0.26,122.06,56
5P7P56z3BWvsQDh9MrEwaW,La Dama,KAROL G;Cosculluela,reggae,0.844,0.781,0.122,0.000154,0.734,100.01,1
5tsAOP03wpq2WehkxrAakt,Ships Sail Away,Watchhouse,bluegrass,0.42,0.235,0.866,0.127,0.196,118.217,24
7aBRoWtp9jsZFxwml1LfeG,Pull Up,Koffee,dancehall,0.81,0.604,0.316,0.0514,0.646,102.937,57
4RMURwDMQR8ppYYnR0Jdiz,Debede,Sumo,metal,0.704,0.773,0.0238,9.82e-05,0.791,114.714,43
6UXD3S5AuvfXn81Q1f5gX3,Under,Kelpe,idm,0.605,0.117,0.868,0.00801,0.406,150.458,11
769MpHgcEQ4Tai30fsKw6t,Hey Judas,Ulterior Motive;DRS,drum-and-bass,0.686,0.914,0.000848,0.0523,0.662,172.037,20
69sqgSNCFIH5fdYEmhKfV2,Rote,Human Remains,grindcore,0.318,0.849,2.85e-05,0.0251,0.222,141.374,12
1lYnLyAvbQqxD4OyTpITMR,Gracias y Amor Ausente - En Vivo,Josimar y Su Yambú,salsa,0.62,0.852,0.38,0.0,0.68,93.533,31
77chvdp4uwNOZwLGtNE2jk,Yangın,FRO,turkish,0.565,0.676,0.277,1.56e-06,0.188,66.44,40
5tqNWWiySiABLrGAvSWsO5,Is It Just Me? (feat. Charlie Puth),Sasha Alex Sloan;Charlie Puth,electro,0.682,0.363,0.699,3e-05,0.203,94.978,66
50rPuH2ycZ8TqREI6gOzIW,Camisa do Brasil,MC Meno K;DJ Gbeats,funk,0.879,0.64,0.206,0.0,0.626,130.197,45
35zsJX3tlRJPgxecJdwnCt,Our House (2009 - Remaster),Madness,ska,0.525,0.796,0.0275,3.86e-06,0.733,121.36,20
3x8pMkDfcUYtCEHnpLBbad,Crying Over You - Call Super Remix,Mr. Fingers;Call Super,chicago-house,0.781,0.545,0.0159,0.826,0.564,110.021,6
5dWKNOA1QWUrD8ztxjuwxF,Rebel Baby - Original Mix,Outsiders,hardstyle,0.607,0.913,0.189,0.332,0.464,75.045,21
6L3GBNiAHSK77OfbDyo9g7,"Christmas Medley: Jingle Bells Rock / Let It Snow, Let It Snow, Let It Snow / It's The Most Wonderful Time Of The Year",Il Volo,opera,0.427,0.587,0.642,0.0,0.579,130.144,0
3wyxQsKqIesrKkca3nGMWJ,Águas de Março,Orquestra Brasileira de Música Jamaicana,afrobeat,0.851,0.498,0.741,0.888,0.896,129.1,20
3vIa853jAJuNTdp6ZzPkON,Una Nota,J Balvin;Sech,latin,0.662,0.788,0.0191,0.0,0.711,179.876,2
0msEdOBwpjBS033li805xe,2 Skizze fur Computer und Klavierklange II,Kiawasch Sahebnassagh,iranian,0.394,0.291,0.834,0.64,0.313,75.631,0
3aP0hGWdMrEPq38XB5mKGy,Black And White Rag,Winifred Atwell,honky-tonk,0.637,0.612,0.464,0.869,0.903,119.823,18
0HdOiqUyOvIKyMwDRcW4vh,Kızgınım,Melek Mosso,turkish,0.544,0.353,0.454,5.98e-06,0.264,77.042,39
2i5wxy3gboGHwDaFPVHGUI,Go Home,Cidade Verde Sounds,dub,0.676,0.43,0.463,0.0,0.526,79.105,27
0v38ifPJbCTWzSewvGkYP1,Como Le Hago Yo,Dash;Jairo Vera;Basty Corvalan;jk.antony;robertvndres;Tokito Meneses,reggaeton,0.871,0.571,0.00724,8.14e-06,0.53,120.019,40
6k0o7pOByFAi1LVqE0plZA,Streets of Where I'm From,Old 97's,power-pop,0.489,0.759,0.0105,0.0,0.682,149.02,22
4WCywozuuSXGl3CscRHVD5,Só Tu és Santo / Pra Onde Eu Irei? / É Tudo Sobre Você - Ao Vivo,Dunamis Music;Rapha Gonçalves;MORADA,brazil,0.246,0.84,0.127,0.0,0.14,136.73,45
2nekCvC9XRXQckWNnkIp2l,Harvest Moon,Neil Young,singer-songwriter,0.645,0.321,0.521,0.000186,0.427,112.938,68
7z2M7DsEjZjwXBkWG3zd21,我懷念的,Stefanie Sun,mandopop,0.434,0.391,0.755,0.0,0.283,139.972,58
19OGiH6XKPY08VxJLBNAcf,Синий платочек,Klavdiya Shulzhenko;Юрий Силантьев;Эстрадно-симфонический оркестр Всесоюзного радио и Центрального телевидения,romance,0.401,0.323,0.79,0.0,0.487,78.538,8
7BfW1eoDh27W69nxsmRicb,Buffalo Soldier,Bob Marley & The Wailers,reggae,0.929,0.463,0.142,5.26e-06,0.757,124.084,72
5l3azn9twG7ayHoH0qAFGF,Try Losing One,Tyler Braden,country,0.455,0.4,0.546,0.0,0.103,139.828,0
25FVKRD6XUowfcii9f4xOB,A Porta,Fredy Miller,gospel,0.475,0.515,0.00404,0.000369,0.139,131.969,41
18HnCeaGjRjCyhqrBG2xmR,Embalming The Masses,Rose Funeral,black-metal,0.257,0.899,7.44e-06,0.684,0.278,110.944,20
63NufhQ4F55bGZhT3l4Q6G,Empire of Bone,Dropdead,grindcore,0.284,0.995,5.1e-06,0.995,0.0845,121.52,18
5kCdc14ItHSF6N6rI7wGSX,Bloom,Phaxe;Querox,trance,0.727,0.853,0.00298,0.895,0.194,136.997,44
5DUjD9Q2gtP0YmmxfSueHv,Projections,BCee;Logistics;Becca Jane Grey,drum-and-bass,0.561,0.866,0.000853,0.84,0.247,174.067,16
3YBE8gY80UpnmFzYm3uJuc,Malevaje,Adriana Varela,tango,0.656,0.294,0.859,6.22e-05,0.53,111.967,16
6k951kaRfuHowR3Ww3z1ij,Av längtan till dig,Åsa Jinder;Cajsa Stina Åkerström,swedish,0.541,0.193,0.821,0.0,0.533,117.47,35
2JmSLEqFPhIeeIOuxOYucI,Fiyakalı Yok Oluşlar,Bossy,turkish,0.585,0.602,0.212,2.68e-05,0.142,180.027,38
6PcEmYKixWJV1kwoOGEv04,RATA-TATA,Royal Republic,garage,0.679,0.559,0.00142,0.00113,0.886,134.048,42
4NwFkBUg8ZTGfqZCYsXSCn,Winter Wonderland,Rod Stewart;Michael Bublé,rock,0.684,0.491,0.71,0.0,0.4,117.916,0
0jb8dBj7ILjgev8qt0pWrT,Unleash The Fire,Sound Rush;Zatox,hardstyle,0.427,0.881,0.0182,0.0,0.291,154.998,52
6Jfd9OQNmtspaEGLI5R5kr,robbery,benny mayne,sad,0.546,0.547,0.467,0.00148,0.253,75.385,47
1f7rOxHBGgpRZFvWptFZCz,Yira-Yira,Carlos Gardel,tango,0.712,0.155,0.994,0.63,0.478,122.587,16
3lj59hy6FrRDyYNo8Onuud,Devil,Barren Gates,edm,0.507,0.864,0.343,2.57e-05,0.41,150.075,66
5CZo46sgJ2Mh3ZYAOymapH,Mundo Paralelo - Ao Vivo,Matheus & Kauan;Jorge & Mateus,sertanejo,0.575,0.845,0.301,0.0,0.557,124.794,46
7yLSvkBAxjw6RH9hflGVGN,Life Is Sweet,The Chemical Brothers,breakbeat,0.716,0.606,0.00042,0.855,0.483,124.9,11
3Ij4ZXKvJ8W6mDUAisInHb,三日月の背中,NMB48,j-idol,0.584,0.999,0.0257,0.0,0.419,133.984,22
0Kirwy3q8wJ7vMC5tujb88,ファントムヴァイブレーション,Kyuso Nekokami,j-rock,0.587,0.974,0.00458,0.0,0.802,96.052,31
2jrtlEsTbL8g4aGbOnCyMb,Respeita Januário,Luiz Gonzaga,forro,0.765,0.501,0.82,0.0,0.746,84.604,39
7LDhkcHOeFJkrJQkhiOuqY,Hop Little Bunnies,Toddler Fun Learning,british,0.773,0.41,0.862,0.0,0.455,112.098,54
1xXhmlLGiXcm5tXvw41Hpt,abcdefu,GAYLE,alternative,0.695,0.54,0.299,0.0,0.415,121.932,0
66WHHa2c6evCPVBvlblI2D,Confessions,MYRNE;Cozi Zuehlsdorff,dubstep,0.561,0.942,0.0516,4.95e-06,0.55,90.974,43
2TpAQv8el546kNSoS0Iknt,Felek Çakmağını Üstüme Çaktı,Selda Bağcan,psych-rock,0.506,0.28,0.835,9.97e-06,0.567,132.991,30
0FBQ4NrrHUbR9kus7rzrOj,Dil Diyan Gallan,Atif Aslam,pop-film,0.717,0.64,0.565,0.00139,0.485,105.021,64
2cD62urxisvtvwWOSIe3Gv,Caroline,Raça Negra,pagode,0.706,0.525,0.682,0.017,0.947,124.916,43
43KdfKR1Yx1dbHlpr7K2ZQ,The Blackening,AIRMANN,club,0.703,0.65,0.00129,0.843,0.471,111.991,41
70FfytITXJOz0s2xY3rOzz,Weightless Part 3,Marconi Union,ambient,0.0746,0.156,0.863,0.919,0.0463,80.494,56
4UJBhyT0ePoYkj1qQPgSoK,Yeah the Boys,Hype Duo,comedy,0.692,0.769,0.348,0.0,0.898,148.07,35
4NPIkDt08kLz70gHOrO5uU,"What's up, people?!",MAXIMUM THE HORMONE,metalcore,0.385,0.976,0.0329,0.00767,0.206,160.977,60
17ExHVQYfJBlTSnbidz0LQ,I Am Damnation,Bleed From Within,death-metal,0.476,0.966,0.000662,0.000212,0.227,92.506,49
2GMmZu2M9gemkEX6bMZ1iL,Buddy I Got You,Eva Eastwood & The Major Keys,rockabilly,0.438,0.863,0.715,0.0,0.96,187.791,31
0KeeKjwx7JqeHlQjXnHpL9,SALÚ,Francisca Valenzuela,electronic,0.706,0.868,0.00358,0.0,0.767,129.975,39
69UTmQOhqIRoGcTWFUidSZ,Ready For You (feat. Celeste),Black Coffee;Celeste,deep-house,0.648,0.672,0.232,0.113,0.178,99.992,54
1SM69s2nMta80sRQ22gDvQ,Santa Claus Is Coming To Town,The Jackson 5,soul,0.691,0.776,0.458,1.68e-05,0.961,146.861,0
25ndwd0OLtkQLkFBaS9RjT,Violets,Josh Golden,sad,0.572,0.631,0.638,0.0,0.546,95.09,59
6ij2esJs8ns252aEnF3nLN,Linda Demais,Os Barões Da Pisadinha,forro,0.65,0.862,0.586,0.000208,0.962,172.053,41
1Cg996NXykZM9G2G5VPnQO,Let Me In,Beatsteaks,punk-rock,0.406,0.937,0.000554,1.57e-05,0.257,178.04,35
0e0nxdiWSt9gBfUIDAo1mw,Medley,Dora The Explorer,kids,0.666,0.737,0.145,0.0,0.677,140.066,7
5QS01sq07pThdktoNUxXRZ,うっせぇわ,Ado,j-pop,0.526,0.976,0.00459,0.0,0.554,178.129,67
32d69uoG858viWjUaAndgo,No Way (feat. Darius Scott),Jor'dan Armstrong;DIXSON,afrobeat,0.481,0.596,0.0864,0.0,0.348,99.96,18
4D07w1m1dMNyHWRSl8a5Lv,Legendär,Julia Scheeser;Crewkid,disney,0.867,0.563,0.383,0.0,0.601,131.965,23
7qzsvHOsaJdefeDwyZNGjY,Texan Book of the Dead,Clutch,alt-rock,0.436,0.88,0.0154,0.0,0.683,112.012,0
3RtAG69sftmBD265UgEs9d,Mil horas,Alex Ubago,spanish,0.622,0.614,0.108,1.07e-06,0.669,88.997,37
0j91SIiLyjiwZNVVnhSCf6,I Know U Want Me,Mavado,j-dance,0.496,0.716,0.114,0.0,0.411,79.896,21
2mM0Ef6tSKs7O2K6LiNOCu,Immer nur brüten,Rolf Zuckowski;Sasha;Oonagh,children,0.392,0.0801,0.88,0.0,0.653,183.256,28
1YMWhMWwKs2LrxqNHWQjaL,Agarraito,Antonio José;Chema Rivas,spanish,0.737,0.862,0.0756,0.0,0.815,100.066,61
2zkL8Dc5WBky17BWgAMMXz,River Flows in You,Jim Well Tempered,piano,0.339,0.0673,0.989,0.942,0.314,168.084,46
5cUJtPvqRfXRAj9yQR8iRJ,Falacia,Enjambre,alt-rock,0.388,0.793,0.004,0.00316,0.541,157.797,46
4rt3p5ar5Ym9UzJtorbB6X,Megastar - Ao Vivo,Art Popular,samba,0.501,0.686,0.236,0.0,0.827,168.703,43
6eyfbWystfPPnQzZTU6YLx,Giresun Kayıkları,Mavi Işıklar,psych-rock,0.488,0.693,0.673,8.99e-05,0.832,153.17,26
25kGCuGWAYfyoz7RozlTpO,Motion,Peter Sandberg,ambient,0.137,0.00965,0.995,0.917,0.0895,176.173,53
7DD4VX7uMlDYDapfyujrTI,Eleven Heroes,Beside,death-metal,0.528,0.993,0.000606,0.454,0.0688,119.983,27
4wDpjRQOvOHXE9AtNWpdVQ,Who's Gonna Fill Their Shoes,George Jones,honky-tonk,0.441,0.262,0.672,0.0,0.317,138.327,51
4e3nB8NXaIZyjImZvwQdh8,Eat What You Kill,Unleash The Archers,goth,0.36,0.967,0.00113,0.0488,0.184,117.778,24
1ghKTQnQ3eK4PCz1sCdNoa,Te Llevaste Lo Mejor,La Original Banda El Limón de Salvador Lizárraga;Joel Elizalde,r-n-b,0.789,0.527,0.297,6.37e-05,0.966,131.041,41
7FsbfCdgaITFyfA51iur79,"Chaandaniya (From ""2 States"")",Mohan Kannan;Yashita Sharma,indian,0.567,0.546,0.301,1.69e-06,0.401,113.806,56
5vLgWh6aOIupZ4sD1rXKJn,Guns,D.L. Hughley,comedy,0.571,0.918,0.77,0.0,0.147,126.638,19
6GR1sgN51rNrjhPVu0iEQA,Hollywood's Bleeding,Andrew Baena;Johnny Ciardullo,metalcore,0.347,0.898,0.000184,0.000199,0.127,134.062,50
2ajQyTRxBRbPLaMmnO1SHj,Roll in Peace,Kodak Black;XXXTENTACION,hip-hop,0.746,0.522,0.0306,0.0,0.361,140.051,0
1VErHw2douvYHUO1EUm7eh,Porque Estas Enamorada,Los Brios,rock-n-roll,0.536,0.831,0.0374,0.0977,0.963,203.762,42
1EU3VuKGZOvd1HTkxLPUXK,Nobody's Listening,Linkin Park,grunge,0.502,0.831,0.105,1.3e-06,0.451,199.972,57
7AH76Vec800rSRmfXJsXsk,Whoever,WAAX,garage,0.644,0.599,0.0528,1.26e-05,0.293,120.0,28
0ElAcOj8tudMA6X6KZ7SMO,Children of the Grave (2009 - Remaster),Black Sabbath,hard-rock,0.337,0.722,0.0352,0.052,0.28,149.103,29
0SHa9XHwYYB1UUmgbgHuhQ,Favorite Peeps,Prateek Kuhad,indian,0.611,0.525,0.767,0.799,0.299,113.946,44
0jkXpWbry1X23hM2dXrwhW,Brewery Of Lunacy (Het Stuiterbal Anthem 2020)(Radio Edit),Hollandse Herrie;PartyfrieX,hardstyle,0.657,0.97,0.0173,3.65e-06,0.606,149.99,25
6zTO2fJwrZAYZGGi1DjD3g,A Doida (Ao Vivo),Seu Jorge,mpb,0.697,0.961,0.262,0.000309,0.853,107.97,46
78iVPIyFgGjQ0g0TmDWYtQ,Tongue,Maribou State;Holly Walker,electro,0.569,0.521,0.514,0.00469,0.143,115.055,64
5ttPhgLuzPJfzFrLPlmJUv,Rüya & Gerçek,Stabil,turkish,0.701,0.537,0.828,0.0157,0.307,89.997,39
7B971ydA6ONKNRNbNIGF1i,Quiero Tenerte,Paty Cantú;Erik Rubin,latin,0.546,0.46,0.0422,0.0,0.27,143.947,0
2uSEoQvi0DVbjghJu7h4g9,Smiling,Harry Gregson-Williams,british,0.244,0.0149,0.985,0.881,0.125,138.321,54
0Udi8ylqTgTECdgHVetEw3,春休みモラトリアム中学生,Shiritsu Ebisu Chugaku,j-idol,0.607,0.888,0.00566,8.82e-06,0.736,100.023,17
5bkpKxDCCTpeW1v2JcFTQ7,RUMBATÓN,Daddy Yankee,latin,0.685,0.909,0.0471,0.0,0.922,95.004,2
5CWqahxkgdxav7Exsx6qZ9,Fever,Elikem Kofi,afrobeat,0.766,0.696,0.0988,4.73e-05,0.521,107.977,17
5WXN273AMH11PQuT4Yk2uN,Blind,Chronic Law,j-dance,0.69,0.513,0.154,0.0,0.345,147.07,19
2Vim06YsRb4uJRpbeq6NR6,Hush - 1998 Remaster,Deep Purple,hard-rock,0.57,0.635,0.00459,0.176,0.196,108.431,59
2hQUtWk4uVnzdcVUHfkZQ1,Dont Stop,Raghu Dixit,indian,0.833,0.952,0.224,0.00184,0.674,104.945,43
7rjCDnR5ukStAYnVE5eXED,Wastyle - Original,Shade k;Terrie Kynd,breakbeat,0.744,0.943,0.00199,0.0399,0.502,129.99,11
2pr8fr9fKYQKlmom3oya9e,Boeren,DJ Maurice,hardstyle,0.709,0.995,0.0189,0.621,0.409,140.98,27
36GzoENVmN9pK1teHlyhKt,No More ?'s,Eazy-E;Ice Cube,hardcore,0.958,0.652,0.0164,3.95e-06,0.559,105.663,32
1XgpK29CGGjZnxPYkiRbh4,Hey DJ,CNCO;Yandel,reggaeton,0.798,0.809,0.0317,0.0,0.471,90.006,68
2JATE4qxTuVgKEKe12sqLp,Future Looks Good,OneRepublic,piano,0.33,0.548,0.214,1.21e-05,0.559,78.594,54
5UDan8x6RrtoXHpEexwzcx,FANTASTIC STORY,BOØWY,rockabilly,0.563,0.894,0.00347,0.00462,0.59,147.563,27
5DPi7EE9aLbA39b3uWlv6z,A Glória,Alugiana,gospel,0.564,0.73,0.274,0.0,0.272,131.87,38
1JyC0QIAcBdBZPtrv1glty,All Around Me,Justin Bieber,pop,0.53,0.438,0.811,0.0,0.694,117.148,0
6HUOCgFiY7Zl58vyDQODa0,Christmas Time,Bryan Adams,rock,0.503,0.582,0.472,0.0,0.326,77.321,0
0wgOTeDbMblOxncPcXLCvf,Ghost Unmasked - Background Score,Anirudh Ravichander,hip-hop,0.661,0.654,0.363,0.000115,0.0372,85.166,56
3Tyv6PsFbtVu0O3nbiXAND,Shout It out Loud,Kyle Kinane,comedy,0.612,0.845,0.805,0.0,0.311,119.3,26
6d0be2w7lvkrCPMmIlDD2R,Antes De Dizer Adeus,Soweto,samba,0.355,0.48,0.509,0.0,0.213,157.127,41
1zn5HSJXnTDIMCwzEemtIW,No Gravity,THIEVES;The Lazy Boyz,electronic,0.54,0.993,0.00232,0.115,0.118,150.189,37
1ygGL7bqbGaduDaKHIvKBh,Casi Amor De Verano,Young Cister,latino,0.598,0.672,0.128,0.000178,0.533,175.952,43
0W4N0KzHKWQp2Wn1Mf6uMa,We Got the Moves,Electric Callboy,metalcore,0.587,0.781,0.000116,2.02e-05,0.723,149.982,63
4ss9oA7hCf7e1ZxucMXyLy,ひこうき雲(シアターガールズver.),AKB48,j-idol,0.468,0.91,0.0534,0.0,0.781,146.049,21
0CYelmjEps63DAuqLV9b6J,200度,Sally Yeh;David Ling Jr;Philip Kok;Tom Brown,cantopop,0.804,0.576,0.321,0.0,0.954,134.897,37
06NfzaCnz9aE1mDR07eQjd,Brighter Days,Jomie,sad,0.617,0.412,0.948,0.0,0.703,94.992,51
2a5bKYQdpCNJQEOAw5uRsM,Wir Ziehen Heut Abend Auf's Dach,Jürgen Drews,party,0.631,0.925,0.627,3.66e-06,0.799,124.061,25
4fy2gofAuBIivOokMdj1WC,Como Águia,Bruna Karla,gospel,0.487,0.531,0.131,0.0,0.296,79.958,39
2j7KVMviah3jDLrmtt7sx5,Como Dizia O Mestre,Benito Di Paula,mpb,0.579,0.477,0.137,0.0,0.398,87.092,40
2jHEySxCzzODFWmPzt084L,18 ~eighteen~,Masaharu Fukuyama,acoustic,0.609,0.76,0.131,0.0,0.44,117.135,31
4TUStFzBGQqn0GrkzVWFV4,Bring the Boys Back Home,Pink Floyd,psych-rock,0.33,0.283,0.575,0.0947,0.287,157.963,51
7cc31Uz5vC9ErZqd4dz8KR,Tiburones Zombi de Halloween,Pinkfong,children,0.639,0.498,0.857,0.0,0.573,98.031,20
7ucwhjWSGTEh5e18h6WFER,Milikmu Selalu,Andien,j-pop,0.776,0.629,0.0793,0.0212,0.773,117.019,38
5VcFzH97JEHgXgedErp4cP,Idea 686,Jayla Darden,chill,0.712,0.347,0.378,0.0212,0.5,135.975,53
7E1XmqVGR1GfAPa6LYEYM0,Rocket to the Moon,Pepita Slappers,rockabilly,0.489,0.793,0.000253,0.000926,0.607,94.992,28
2nph8SCHm3iOzchcOFlUWI,Ainda Resta Uma Bagagem,Salgadinho;Vou pro Sereno,pagode,0.644,0.921,0.452,0.0,0.949,94.963,42
5Oa9ikHCkrXwKNrFqzDOl3,Mantenha Distância,Rafinha o Big Love,forro,0.753,0.672,0.679,1.01e-06,0.494,142.04,37
2lJ4d8MCT6ZlDRHKJ1br14,Cirrus,Bonobo,electronic,0.64,0.844,0.395,0.933,0.364,119.042,59
13bxvI8AveCg4FOJTCULnb,Wajah,Piyush Bhisekar,indian,0.563,0.212,0.468,4.03e-06,0.219,87.939,41
5ovqe99T1FShehFNSs9qgy,Dia Especial (Ao Vivo),Cidadão Quem,brazil,0.375,0.583,0.545,1.74e-05,0.598,89.428,43
2bNlWt5B50UyB3Utvscdzz,Adventure of a Lifetime - Matoma Remix,Coldplay;Matoma,pop,0.651,0.771,0.00381,1.71e-05,0.456,112.015,0
2oeMjGwvO0mDjEYGxO1iLG,WHEN THE DEVIL CRIES,347aidan,sad,0.826,0.448,0.447,0.0,0.42,116.472,57
7cLZgixGEsVmpGdlGe6fSC,Agnikunjondru,Masala Coffee;Sooraj Santhosh,folk,0.521,0.923,0.133,2.39e-05,0.336,149.951,43
5hfOZvJa7x89N74kESpVuO,Mistletoe,Justin Bieber,pop,0.623,0.668,0.475,0.0,0.823,161.948,2
6zV0doYRFEHOoI46iENU1d,"Carmen, Act III, No.24 Finale: Toréador en garde! (Escamillo)",Georges Bizet;Thomas Hampson;Michel Plasson;Wolff;Orchestre National Du Capitole De Toulouse,opera,0.275,0.0307,0.959,0.0139,0.0994,91.59,20
4hEmAOzZU9BSxpWEmwXngF,El Negro Y Ray,Ray Barretto,salsa,0.588,0.666,0.906,0.79,0.962,103.993,27
4OmlsAT8r4q9vPFBvfYgyZ,Is It Really You?,Loathe,metalcore,0.563,0.721,0.00213,0.4,0.11,110.027,62
0TkAuvwgK4ciIAeKQezeSb,God Only Knows - Mono / 1997 Remastered,The Beach Boys,psych-rock,0.524,0.487,0.253,0.0,0.482,117.108,0
0FxIDZ0d2169ACdRbe8mtk,In the Jungle,Rilès,french,0.831,0.709,0.444,0.0,0.791,101.01,52
1TRgZ55GFCKSbrTb62rmra,No Competition,Jass Manak;DIVINE,hip-hop,0.868,0.635,0.164,0.0,0.621,90.019,67
3At9iZJpHFkIsVFO4IKe4u,Elite,Abelation;Saka,dubstep,0.631,0.675,0.172,0.46,0.453,139.962,40
3mKuX3jnciGRXRHrV6O3rJ,Reset,Gesaffelstein,club,0.735,0.418,0.0577,0.222,0.241,94.5,33
0z7ngxdMh33QPN8361yzb5,Dead Man's Lullaby,War Angel,iranian,0.427,0.957,0.0412,9.4e-06,0.325,155.988,0
1yEIm2kxNTXo7r5F3EAy2I,Change In Your Veins,The Growlers,garage,0.564,0.684,0.745,0.0155,0.957,122.43,28
0MOiv7WTXCqvm89lVCf9C8,Million Voices - Radio Edit,Otto Knows,progressive-house,0.582,0.894,0.0022,0.0223,0.0694,125.946,68
1YQ7BbJR8HqAolfprvxGKu,Notorious B.I.G. (feat. Lil' Kim & Puff Daddy) - 2005 Remaster,The Notorious B.I.G.;Lil' Kim;Diddy,hardcore,0.904,0.826,0.0531,0.0,0.824,101.35,60
3KKmCToTNy7Mnvkd9k0vVR,Way Down We Go,KALEO,alt-rock,0.492,0.506,0.58,0.00032,0.338,163.522,1
56XA4OXsgEMDpjJJyHyYaQ,Black White,Z.TAO,mandopop,0.571,0.748,0.184,0.0,0.204,139.834,36
5nd7Cc6wi3VS3fFsId1mRc,Quanto Tempo Faz,Thiaguinho;Sorriso Maroto,pagode,0.637,0.689,0.644,0.0,0.537,140.05,41
5xVGxxFjjFsyxGpXE0U8Qt,"Vennilavae (From ""Minsara Kanavu"")",Hariharan;Sadhana Sargam,pop-film,0.639,0.309,0.422,0.0,0.622,91.039,60
3gL8HwgqxcKM8lhXnYtny2,"I See the Light (from ""Tangled"")",Jartisto,disney,0.122,0.0153,0.982,0.909,0.386,91.938,20
3g83boWaVYaeEm5fORdbj4,Frühling,Paul Kalkbrenner,minimal-techno,0.758,0.481,5.16e-05,0.949,0.44,129.98,23
43OlucSvyiXdnLza2Svo4a,Bumblebee,a-ha,synth-pop,0.186,0.784,0.229,0.243,0.189,105.016,11
3iZArDlxJyb72KVWPmb3JW,El Retén - Remix,Criss & Ronny;Koffee el Kafetero;Zaider,reggaeton,0.856,0.829,0.22,0.0,0.723,106.004,39
4kVpdy4mnZ8FLPw0hGV8hk,Mixed Emotions,Chase & Status;Clementine Douglas,drum-and-bass,0.488,0.815,0.0148,0.00207,0.0654,174.994,57
2r1tKYHbiqJnbuYWrkqNTW,Mbr / Ajisai,Ametsub,idm,0.622,0.459,0.0813,0.111,0.331,135.033,15
4nUFNVyHzlpPGxNATSVa36,Teu Reino - Ao Vivo,Cristo Vivo;Vinicius Zulato,gospel,0.53,0.699,0.279,0.0,0.318,139.812,42
0prYG9Dw1ZLBKntmVzy36w,Te Amo Tanto (Tanto Cara) - Ao vivo,Bruno & Marrone,sertanejo,0.552,0.692,0.322,0.0,0.446,80.005,46
3Y1LiXXKFESaXFHbxUkqJ2,Mambo Los Quantic,Quantic;Quantic and His Combo Barbaro,trip-hop,0.641,0.981,0.207,0.1,0.943,110.58,20
6c9q5qGCLPDzBMFd3k3ifJ,That's A Woman,Celtic Thunder;Paul Byrom;Ryan Kelly,opera,0.535,0.595,0.553,0.0,0.547,129.16,21
1CpWqI3urmAcLTsv9YXsBr,Peter Pan,El Canto Del Loco,spanish,0.583,0.835,0.291,0.0,0.525,92.477,23
7sKneodIaBTAd9UiWQGyI6,Patrick Wayne,Lorne Balfe,british,0.085,0.302,0.838,0.958,0.0326,84.347,7
6p9KkBAfxdiulHJWBBj5OK,Опианариум,Автостопом по фазе сна,emo,0.617,0.799,0.00896,1.25e-06,0.773,130.05,56
62Yo3FDddWY8ydu6PW2wyz,Nail Tech,Jack Harlow,k-pop,0.677,0.557,0.00508,8.36e-06,0.1,150.127,74
2VTDZMsZDtUjw4ONTnQI92,Nada,Julio Sosa,tango,0.348,0.708,0.929,0.0,0.45,114.747,30
56mDZM1hOpbTiIv3ImqSlc,By All Means,Groundation,dub,0.683,0.438,0.0275,0.000271,0.527,151.57,26
4SeZpWSgq1c8a0MY3iVy1f,Flashbacks,Zach Hood,singer-songwriter,0.55,0.448,0.879,0.0,0.49,99.713,67
5AwXAAPFy9Jxfx4ZwkPsJe,Hasta Abajo,Kevin Roldan;Bryant Myers;Lyanno,latin,0.714,0.671,0.292,0.0,0.641,169.727,0
0VaWPwTVE7tABtM0pcz9w5,Halo 4 Rap,Zarcort,anime,0.683,0.875,0.298,0.0,0.607,128.453,38
5ngF1bL8ot9MMqmiOtoLgS,Ezekiel (The Visionary),For Today,death-metal,0.317,0.884,0.000185,0.0313,0.198,100.897,26
5rJw5e9UuPW0cHeqFmUTbl,Sr Cobranza 25 Años,Las manos de Filippi;Ana Tijoux,ska,0.721,0.834,0.0905,0.0,0.694,92.03,35
2X2yopARrVUxTWGbPqg9oe,Country Roads,Max Weidner,party,0.535,0.814,0.156,0.0,0.693,115.895,24
3Dgmyz32dxvtxvUTPS0CUI,"Vivaldi Variation (Arr. for Piano from Concerto for Strings in G Minor, RV 156)",Antonio Vivaldi;Florian Christl,classical,0.429,0.258,0.957,0.893,0.0972,78.809,65
1xN9kdNDIRmBLqujjYSbrZ,Se Você Fosse Minha,Maglore,mpb,0.554,0.759,0.0131,0.0312,0.725,90.862,42
5fv2dx3jfxxX8Gqvzl6TjI,Foolish Once Again,Frizzell D'souza,indie,0.474,0.188,0.893,0.156,0.167,129.797,42
60zveH6Tphrz31QUcvaxwW,Pra Ser Só Minha Mulher,Ronnie Von,j-pop,0.453,0.482,0.786,2.64e-06,0.365,133.535,37
5C1AnMWO7cmmLAxOODICmv,Victoria’s Secret,Jax,singer-songwriter,0.586,0.556,0.00655,0.0,0.517,167.018,3
30bAlHDwEyu2iI1O6WVasv,Awake My Soul - Live,Hillsong Worship;Brooke Ligertwood,world-music,0.267,0.484,0.00284,2.69e-06,0.206,126.865,40
0wOx3pICvsNIwobd0XnUxb,Anthem,Snavs;Fabian Mazur,electronic,0.45,0.96,0.00317,0.000708,0.159,149.685,50
3aWX8DMLmQCOGx6cHMPr6V,drugz,Lil Peep,emo,0.582,0.414,0.0491,0.000843,0.0515,98.017,62
5D2xX7ZQEPcd5sUK6Kd91I,Enche-me Com Teu Poder - Ao Vivo,Netto;Jéssica Augusto,gospel,0.49,0.757,0.332,0.0,0.332,140.025,39
7MRDg3WyBuOO2dA7mn1IYV,Momotaro,WEDNESDAY CAMPANELLA,j-dance,0.751,0.713,0.19,3.41e-06,0.52,134.992,41
4PenkIGhjX5kjFv05OndKm,The Lion of Judah,Mad Professor;Alika,dub,0.773,0.436,0.0118,1.04e-06,0.611,85.901,34
45n1UykYUNp1LgRt8auL4U,Dime - 2008 Remaster,Gondwana,alt-rock,0.787,0.534,0.114,5.34e-06,0.897,152.131,0
709RFIOjtGsMZ2ULy2OaM4,Plan de Vuelo,Morbo y Mambo;Andres Nusser,afrobeat,0.647,0.688,0.0145,0.077,0.395,123.996,22
2o6d0rAC9BAyPmgXnbXx1h,我武者羅 (TV size),CHiCO with HoneyWorks,anime,0.509,0.965,0.257,0.0,0.755,97.006,49
6uk2UTJGJcBsCa4mZUWcFn,C'Est Comme Ca,Amadou & Mariam,blues,0.695,0.554,0.198,0.0146,0.846,139.955,0
5lbI349gAMwModXrxFfJ5d,Порно,Автостопом по фазе сна,emo,0.82,0.252,0.136,0.000295,0.209,129.994,49
6m3geVg7onFNJSgpYslo88,Lilás (Ao Vivo),Djavan,mpb,0.421,0.865,0.104,3.85e-06,0.58,145.475,40
1OZQtNOHCZiCh6qEunxJZp,pride,GReeeeN,j-rock,0.493,0.673,0.124,0.0,0.45,174.057,34
2k7RoJQR0mi8WVWK0Och93,Roke Na Ruke Naina,Arijit Singh,pop-film,0.503,0.381,0.722,1.15e-05,0.263,80.658,56
3LBOiOKttpjrSeIVjLwkGC,"Big City, Bright Lights",The Minds Of 99,punk,0.622,0.768,0.000982,0.00366,0.753,164.076,40
7gwZ37Vng40BDAKuiBMsAZ,懸 - 不插電版,OHMYMEITING,mandopop,0.564,0.215,0.857,0.0,0.318,142.926,50
3SFXsFpeGmBTtQvKiwYMDA,Pretty Fly (For A White Guy),The Offspring,punk-rock,0.723,0.895,0.088,0.0,0.963,143.373,75
1SbgCVsKA78Jd9S8YrdhES,Gerçek Sandım,Ais Ezhel;Dj Suppa;Sansar Salvo,turkish,0.737,0.637,0.363,0.0,0.448,93.856,46
4O1MenDSXPVwLqvZyqMr0d,Big Fat Arse,Blood Duster,grindcore,0.406,0.882,0.000489,0.063,0.742,79.191,11
6JjWBvHpTLT9ngwr75i5pt,Touch - Solomun Remix,Golden Features;Rromarin;Solomun,industrial,0.669,0.769,0.0344,0.00506,0.37,128.002,41
2Hll5oRnCZZ9oaHV2wQCvp,Inte skyldig nån nåt,Håkan Hellström,goth,0.547,0.912,0.107,3.99e-06,0.969,148.66,26
3BlCwgDsg0FYDfsZuYz7CD,Two Generals,Dub Pistols;Ragga Twins,breakbeat,0.532,0.948,0.00533,0.0,0.187,175.949,14
6wGtU984VFxR5nT4T4F2Xi,Thumb - Live from The Sinclair,Dinosaur Jr.,power-pop,0.138,0.95,0.000268,0.496,0.211,161.099,23
5iAUPVlC3vBgUeEXAM7UuH,Slayed,Overseer,breakbeat,0.655,0.899,0.0346,0.0122,0.517,170.018,32
4ZUBmKgq4P1d18hO9FvH2Z,Primeiro Beijo - Ao Vivo,Taty Girl,forro,0.547,0.919,0.203,0.000305,0.739,92.183,43
5PqMlhjfgEYcipKzOmsHIa,"We Didn't Start the Fire - Live at Yankee Stadium, Bronx, NY - June 1990",Billy Joel,piano,0.428,0.968,0.18,0.0,0.501,144.067,35
4ptzVhD7TWh4aBkhWEzz0o,Golden,We Came As Romans,metalcore,0.49,0.976,4.18e-06,1.76e-06,0.529,116.013,49
2nLXZbiP2QzdV7YdmXPJSS,the remedy for a broken heart (why am I so in love),XXXTENTACION,emo,0.699,0.304,0.779,0.000993,0.271,119.705,49
4wr2LEc4Inxv0M1Fch9uVj,Ma Baker,Boney M.,disco,0.744,0.728,0.0392,4.9e-05,0.904,129.001,51
3R1cmMEh82Zf993QKEhKuN,If You Kling To Me I'll Klong To You,The Chemical Brothers,breakbeat,0.639,0.898,0.0382,0.915,0.16,103.928,13
4iVky9NinXl0ikLnFwmDld,Santa Claus Is Coming To Town,The Jackson 5,soul,0.691,0.776,0.458,1.68e-05,0.961,146.861,0
0EnekakuGf0kBeUa4Jjrx2,Contigo (feat. Gianmarco),Rosana,spanish,0.739,0.626,0.556,0.0,0.747,127.956,29
4nl4KMmBskw45osLZhlhk1,是有種人,Denise Ho,cantopop,0.535,0.398,0.7,0.0,0.339,75.035,39
2dIs40C97zjNaJLrY03Czv,Abaikan,Billfold,hardcore,0.46,0.946,0.000267,1.7e-05,0.684,155.096,30
29waoXDIJo5XZoAtPzm1ip,Green to Grey,disrupt,grindcore,0.3,0.963,1.2e-05,0.00274,0.437,115.477,11
1XUMiKAXzoSTy5lU3dwPRe,Qualm,Ichika Nito,guitar,0.654,0.218,0.941,0.907,0.297,90.108,37
3jVoxrwRPJihoYZVhSS5Ta,A Song For Mama,Boyz II Men,r-n-b,0.569,0.443,0.461,0.0,0.15,75.038,1
0AGuYcLlnbR7AOQSbTGzIz,Bo to jest moja muzyka,Bayer Full,disco,0.447,0.573,0.0799,0.000111,0.562,201.077,33
5oLrJ9cTOkFWy9KMBUVfUW,Family,David Guetta;Bebe Rexha;Ty Dolla $ign;A Boogie Wit da Hoodie,dance,0.687,0.717,0.0744,0.0,0.685,88.063,0
6f7rYjL3QmQoFyAeFjtWDv,Poove Poli,Gowry Lekshmi,malay,0.488,0.761,0.0818,0.0,0.371,128.091,27
21nOSbeaQQbKDmqQWL9pZN,愛とか恋とか,Novelbright,j-pop,0.697,0.556,0.698,0.0,0.404,89.987,8
71Cs5JzxoktaAj0MHK5A2U,Time In A Bottle,YUNGBLUD,british,0.313,0.571,0.0306,0.0,0.163,137.109,45
6gq5YInoFxEUT13bzu9DyC,Ghost Shaped People,Lamb of God,groove,0.235,0.988,1.93e-05,0.814,0.194,171.599,44
1hoeIeIVXV9nDPWL21Nbjj,SKETCH,Kiro Akiyama,anime,0.614,0.752,0.15,0.0,0.718,93.976,58
58gqyeFXhOttZW3yetJGPN,Reggaetón Lento (Remix),CNCO;Little Mix,latin,0.534,0.911,0.15,0.0,0.624,93.767,66
0ZJ4VJ3dhlO0LUBSF6lO5V,Sin Ti (Without You),Los Moonlights,rock-n-roll,0.357,0.327,0.0398,0.0,0.355,141.272,28
2N7VkoqFIsANXJxIthXVtx,Respiro,Musiko;Indiomar,reggaeton,0.704,0.827,0.0734,0.0,0.745,103.944,42
4DYBVGq2xVHOGzg2JuPdXQ,The Silicone Garden,B12,idm,0.728,0.599,0.301,0.423,0.464,105.923,13
7bO42EBeTY998hkz8AFxpd,Pantysito,Alejo;Feid;ROBI,latin,0.83,0.739,0.136,2.11e-06,0.631,97.993,0
4xMbBESczlHPUO8QeYi56p,My Heart Goes (La Di Da) (feat. Topic),Becky Hill;Topic,edm,0.695,0.781,0.0185,3.12e-05,0.456,124.04,75
6BttoLTTDMUFbbcFNQw121,Rosa Náutica (Del Piso),Enjambre,alt-rock,0.476,0.849,0.00489,0.589,0.136,132.65,46
3SVZVenXJQuVNbFs8EatrC,Don't Wanna Fall,Seven Lions;Last Heroes;HALIENE,dubstep,0.405,0.58,0.247,8.07e-06,0.174,149.847,44
0tn7CmyRfvX7AF4mDH6v4M,Pass The Dutchie,Musical Youth,reggae,0.726,0.749,0.404,0.0,0.964,150.439,0
7AQyx6fF4zINWCuwVTGcx0,Revenger,F.O.O.L,club,0.595,0.879,0.00048,0.848,0.166,110.012,49
2Rp53mn2EGNjKt8liJ0zGM,Red Red Wine - 2008 Remaster,The Replacements,power-pop,0.205,0.959,0.00082,0.0,0.287,168.641,21
1HcNiMv9RY2Cj98S7LIped,Lauf raus,Jaill;2ara,german,0.661,0.748,0.0116,4.37e-05,0.373,94.487,41
6wwAp1Cmkcwc7tlrP9U2X9,Country Roads,Atmozfears;Sound Rush,hardstyle,0.37,0.824,0.167,3.8e-06,0.273,155.005,57
6sPGhhIVlRNOErn8AC2663,Someday At Christmas,Stevie Wonder,funk,0.325,0.536,0.614,0.0,0.218,101.483,0
0tYEsmdrsv5Fi3UOn58bou,Overcome,Tricky,trip-hop,0.814,0.599,0.43,0.736,0.752,82.278,48
7u07yRytEo8j5ua4YyefG0,Transformation - Remastered 2018,Chorus - Beauty And the Beast,disney,0.211,0.154,0.827,0.117,0.111,106.762,17
55y30bh2ZUtzOXjWLxn7XT,In the Name of Love - DallasK Remix,Martin Garrix;Bebe Rexha;DallasK,progressive-house,0.522,0.816,0.0126,4.19e-06,0.102,134.103,57
3rFrusePhu0Uzf9XhTRtAV,この新しい朝に,Shogo Hamada,j-rock,0.546,0.815,0.118,2.78e-06,0.542,128.966,32
2ij2LJMzAbrc8Z4TL2ANPx,Na drogach i bezdrożach,Ewa Konstancja Bułhak,disney,0.528,0.376,0.852,9.57e-06,0.618,81.321,18
57WUsRphWcS69G9OnTJEsg,My Mind,Ali Bakgor,deep-house,0.602,0.825,0.00593,0.0498,0.105,121.947,41
1YQB4QlNPD73GYPNuRRcyk,カレイドスコープ,Keyakizaka46,j-idol,0.64,0.905,0.0387,0.0,0.663,118.003,31
6z2PLg3n6y0yrL2gi8qgPN,Se Fue,Hermanos Carrion,rock-n-roll,0.47,0.492,0.928,0.000335,0.819,151.201,28
5W1UtLcQLQOFZDpDeNn8Gi,The Outsider,Lyn Lapid,singer-songwriter,0.62,0.537,0.163,0.0,0.41,92.998,60
7GJTcQtn7lM22CNKzuevNn,Inferno,Cyclo,spanish,0.69,0.57,0.227,0.0,0.506,102.953,28
4LJcNiq2pBb8OeqrGdBJQw,I'm Sorry,Brenda Lee,rockabilly,0.558,0.223,0.868,0.000972,0.303,101.711,56
1gPNdHsHpLKziD7ASH9RCd,Canción para Bañarse (La Pata Tiene Olor a Pata),Panam y Circo,latino,0.903,0.849,0.101,0.000435,0.474,101.017,37
3KdmscXY5jO7JiB2AO0a1f,One Kiss Will Make It Better,Ten City,chicago-house,0.795,0.526,0.131,0.00909,0.822,103.983,7
57STxTnU6IFigeip8MxBJC,Feleğin Çemberine 40 Kurşun,Saian,turkish,0.744,0.785,0.11,4.87e-06,0.732,87.952,40
6JWv8dZ5MHCgK472evnn1f,Baby Shhhusher,White Noise Baby Sleep,sleep,0.212,0.0323,0.000943,8.32e-06,0.0851,75.461,35
2gABnPYOMsyxThmsOQ4uWK,Tequila Sunrise,Cypress Hill;Barron Ricks,hardcore,0.547,0.63,0.0122,0.00225,0.556,192.736,65
7aCPldwYiPISjBEmT5s2w0,The Wheels On the Bus (Las Ruedas En El Autobús),Babyboomboom,kids,0.802,0.153,0.761,0.0,0.96,159.903,23
3S9b5ink1kHrrKql3FdDI2,Nemesis,Ryllz,edm,0.63,0.768,0.0266,0.439,0.32,104.913,63
1kHALpICgIoP4OXuo6UoSV,Latin Excursion,Miguel Bastida,minimal-techno,0.864,0.877,0.00218,0.237,0.842,128.005,1
4XIMWXsRnFT0MF0qeIBfJ7,Hit & Run Holiday,My Life With The Thrill Kill Kult,industrial,0.714,0.918,0.0113,0.00118,0.972,128.055,19
0CjYhruIIhXaXjUBXvqs24,Insomnia 2.0 - Avicii Extended Remix,Faithless;Rollo Armstrong;Sister Bliss;Axwell;Goetz,trip-hop,0.721,0.783,0.0388,0.812,0.197,126.008,49
4MzXwWMhyBbmu6hOcLVD49,DÁKITI,Bad Bunny;Jhay Cortez,latin,0.731,0.573,0.401,5.22e-05,0.145,109.928,80
0M3c8RncPILa9I0HDUejEF,El Oficio De Cantor,Ricardo Iorio,heavy-metal,0.351,0.951,0.00017,0.00167,0.296,139.611,22
3O9nQmCkiA2VUAqQpkJZhD,Jack Sparrow,The Lonely Island;Michael Bolton,comedy,0.718,0.712,0.0225,0.0,0.42,97.005,58
6Q0NQC52cxfZuulrtVCRyA,Concrete Dream,Lazy Leopard,study,0.749,0.314,0.505,0.86,0.445,143.915,24
2OTR1v2uIW7OuGTHiQ9zBV,Rockin' Around The Christmas Tree,Brenda Lee,rockabilly,0.631,0.569,0.728,0.0,0.874,71.078,0
3gJpI6jyZJjtYQsYvnobjS,La Huella Del Depredador,Carajo,heavy-metal,0.46,0.929,0.000687,0.0,0.547,160.877,23
0VYMOnSfURf4sr2AxBgZ0D,Drunksters,John Lindberg Trio,rockabilly,0.691,0.869,0.283,0.000423,0.708,119.861,38
2Adshg6ixiUmC5ljN4Anx5,Corcovado,Elis Regina,brazil,0.396,0.44,0.915,5.1e-05,0.18,105.145,0
59ZsoLhvMPywknUohMX3h9,Reflections,War Angel,iranian,0.531,0.973,0.000343,0.801,0.289,120.044,0
2xD97n8xCT3uAQ2Y9O7fcN,Last Hurrah - David Guetta Remix,Bebe Rexha;David Guetta,dance,0.682,0.711,0.105,1.83e-06,0.597,91.033,0
7DSTFdDCDdAaD8hMtAmLzh,Pretty Good At Drinkin' Beer,Billy Currington,country,0.769,0.678,0.427,8.04e-06,0.581,106.953,0
75d0bRTJdZH140Y45LtN8E,Schlaf jetzt Hilfe,Weißes Rauschen HD,sleep,0.166,0.305,0.675,0.984,1e-05,117.411,50
3JbRC4bjBztEWhH4NaV6mZ,You Win Again,George Jones,honky-tonk,0.536,0.307,0.494,0.0,0.614,120.991,13
4ZVH5KGVB8g4EpMTVLyogw,Mandram Vantha,Roshan Sebastian;Sebastian Sathish;Adithya Gopi,indie-pop,0.662,0.158,0.947,0.0258,0.167,109.968,46
3gruOqIpPBQq2xmmOOPfr0,Guardián,Miró,chill,0.598,0.804,0.0583,0.000544,0.439,123.02,37
4255amV4enzl28KAn16rUO,Are You With Me,Lost Frequencies,edm,0.763,0.608,0.262,2.5e-05,0.393,121.02,74
29PfVio5gxsc0ymzSXZArT,Buyaka,Guaynaa,reggae,0.787,0.738,0.187,0.0,0.733,95.909,1
3UN9OhZmsYXS0K8DbpFcTM,The Beginning,Moving Fusion,drum-and-bass,0.443,0.952,0.000151,0.351,0.433,172.015,18
3UQAKY0SUEonxneROvv4jy,Ready to Die - 2006 Remaster,The Notorious B.I.G.,hardcore,0.727,0.831,0.0632,3.63e-05,0.504,84.991,59
1pkTvuXbKr4upKDTE67Nnb,Sugar,Surf Curse,punk,0.611,0.695,0.112,0.000347,0.699,121.347,46
2sx2JMObNBuPIrhRp2VfHR,Segervisa,Månegarm,black-metal,0.39,0.286,0.841,0.0,0.363,150.774,20
6whYUhik5DP4ycyFafFAsB,Que Va,Alex Sensation;Ozuna,latino,0.768,0.828,0.153,0.0,0.827,90.982,0
38qu2X35K2g1HWfaksYQ4K,"Heartbroken, In Disrepair",Dan Auerbach,garage,0.6,0.9,0.00924,0.3,0.919,77.73,58
2qPglKAUAM1sDKtfYpuq53,Cachoeira,Africania,afrobeat,0.698,0.707,0.516,0.733,0.636,99.009,16
6Q88Xw5D2syb9X5rZd3TLz,To The Grave,Lamb of God,groove,0.352,0.952,0.00133,0.419,0.484,197.803,54
2fB4EWHpiADO2Bv2Dzenmi,Papeau Nuck Doe - Ao Vivo | Acústico,Raimundos,hard-rock,0.472,0.965,0.103,0.0,0.83,176.062,40
5Dje6vp12fGgkoXQpKZfq8,Carta de Amor (Ao Vivo),Maria Bethânia,mpb,0.616,0.621,0.562,0.0,0.466,100.848,41
2kAraQ8tWUQFsst7KGawVr,Hora De Jugar - Time to Play,Basho & Friends,kids,0.828,0.762,0.295,0.0,0.962,113.152,17
0DC7Zs2qvAbNK1owWQ4mlL,Perfect to Me,Anne-Marie,house,0.604,0.546,0.0889,0.0,0.402,179.847,63
4MCemWaYLROPndyxYseYpW,Tower Of Strength,The Mission,goth,0.54,0.721,0.000679,0.103,0.765,98.07,21
7vQVMorqtlcOD2vRqDTFgS,Todos Os Meus Dias - Ao Vivo,Gabriel Guedes de Almeida,brazil,0.509,0.656,0.0315,2.12e-06,0.409,138.057,53
4Ahphc0UzRSoMpJRHgnGQK,I Want to Live,Skillet,metal,0.452,0.962,0.00901,0.0,0.566,164.032,56
0niZLaY9i1YB5fi93AAFNP,The Rain's Tale,BigRicePiano,piano,0.547,0.081,0.982,0.843,0.261,150.032,45
5mnvugwfFYnJm9zuyGkgqF,"Ghalat Fehmi - From ""Superstar""",Asim Azhar;Zenab Fatimah Sultan,pop,0.758,0.588,0.608,9.3e-05,0.796,134.014,66
7Hki09pMN4WreE35nwUYoY,Trágico Mundo Caído,Carajo,heavy-metal,0.566,0.918,0.000844,0.00458,0.117,115.995,26
4eqsIRw0sKnLafeqqU7Phh,Antiguo reloj de cobre,Alberto Podestá;Rodolfo Lezica;Agustin Magaldi;Alberto Morán;Jorge Durán;Carlos Almada;Enrique Campos;Jorge Vidal;Mariano Leyes;Oscar Larroca;Armando Moreno;Alberto Marino,tango,0.54,0.409,0.816,0.000838,0.706,96.114,23
1qPlNM2FaEWCMSxpVR5XeH,Losing My Mind,Falling In Reverse,metalcore,0.544,0.894,0.00916,0.0,0.41,148.0,54
6kUQ5GQPEtoZ8tOC7GBbkk,Oru Nokku Kaanuvan - Recreated Version,Bharath Sajikumar,malay,0.6,0.302,0.87,0.0,0.257,119.546,31
0hwn115SSdnVqoom1qggQF,El Rock de la Carcel,Los Teen Tops,rock-n-roll,0.628,0.476,0.665,0.00273,0.645,90.314,28
1p2KclGv8c1qKPoRq4exKd,The Swan,Camille Saint-Saëns;Sebastian Comberti;Miriam Keogh,french,0.216,0.149,0.986,0.94,0.117,123.201,61
7dJLRobSnGBar7G1YhsId9,Celebration (feat. Toko Miura),RADWIMPS;Toko Miura,j-rock,0.497,0.924,0.092,0.0,0.681,151.997,45
0hOW6iNtMXxl9UB70gt8Bc,Brillant,Caballero & JeanJass;Lomepal,french,0.735,0.567,0.0242,1.3e-05,0.408,106.146,34
3kZ7Zceq5hU9qPoxMwqnTd,Lluvia De Amor,David Pabon,salsa,0.485,0.722,0.413,2.7e-05,0.597,168.925,27
7cmpWAZsamIlIiyU1aMGZD,Quantum,Martin Garrix;Brooks,progressive-house,0.627,0.902,0.0105,0.952,0.135,128.021,57
6fdxpwerepfYpTCjchuP5J,SO WHAT (FEAT. DC THE DON),Dro Kenji;DC The Don,sad,0.437,0.639,0.00383,0.0,0.186,100.055,59
2hGsJ2HbSJo2Bu9UEHmCqL,Lathiri Poothiri,Gowry Lekshmi,malay,0.8,0.605,0.0954,0.00491,0.779,130.138,45
5v6nYICq9mNZVJC4kGXKz0,Raindrops,Hugh Hardie;Cimone,drum-and-bass,0.445,0.998,0.00427,0.545,0.421,172.983,18
3c9IKwzgIPcCweCl9so748,Underwater,Tujamo,progressive-house,0.703,0.692,0.00469,1.64e-06,0.491,124.077,69
53SnCRcGrB2UCqNGyYZhJD,More Than Friends,James Hype;Kelli-Leigh,deep-house,0.81,0.885,0.101,0.0,0.447,122.985,62
4ZIMjegJQJoCVnwr61sIvT,Battle Belongs - Acoustic,Phil Wickham,world-music,0.348,0.154,0.884,0.0,0.295,77.992,37
3UnzUQ2dUDYWWiSMxc6NAZ,La Farsante,El Mimoso Luis Antonio López,r-n-b,0.737,0.505,0.447,1.74e-06,0.959,107.008,42
6Ra102d09JHUQ044fviVUA,Los Amores con la Crisis,Tita Merello,tango,0.598,0.329,0.858,0.0,0.936,167.38,27
2PPYZHvvu02e1pSdE1FfvD,Anbe En Anbe,Harris Jayaraj;Harish Raghavendra,pop-film,0.773,0.419,0.309,5.62e-05,0.578,121.982,63
0WGsusgAqhhuyeylmWwNiD,Canciones de Cuna para Niños y Adultos,Musica para Acostarse,world-music,0.0688,0.0434,0.981,0.868,0.038,70.747,23
3HY8sDMGhWuAHBPsUVoHAl,"La Traviata, Act 3 Scene 4: Addio del passato (Arr. for Countertenor & String Quartet by Eric Mouret)",Giuseppe Verdi;Théophile Alexandre;Quatuor Zaïde,opera,0.265,0.0797,0.992,0.00246,0.157,149.358,29
5FKnuwsKf7YFpmhA5Wnl0q,Another Love,Tom Odell,chill,0.443,0.54,0.697,1.04e-05,0.133,119.161,67
4xodRTecM0L46wAfmtpAa7,Klubbland (Live),Håkan Hellström,goth,0.401,0.852,0.00135,0.00153,0.558,125.702,29
55tO0KAE7HsVMcqPT7qG2p,Não Deixe Ele Saber - Ao Vivo,John Amplificado;Vitor e Luan,forro,0.672,0.772,0.289,0.0,0.883,80.021,44
2wAaYoVqpDY4drj1J65PU2,Manifestação dos Filhos de Deus (feat. Brunão Morada) - Ao Vivo,Theo Rubia;Brunão Morada,gospel,0.417,0.672,0.0967,3.74e-06,0.144,139.914,39
009DZE5shRgOEnMD47h9uW,Я не тороплюсь - 2021 Remastered Version,Gelena Velikanova,romance,0.493,0.356,0.293,0.0,0.738,86.692,0
7FliZx9wTDb0U1tPfS7AuX,One Kiss (with Dua Lipa) - Valentino Khan Remix,Calvin Harris;Dua Lipa;Valentino Khan,progressive-house,0.829,0.664,0.169,0.000927,0.432,126.017,45
5CK7ifWXLxF6ntrpyUHTND,Redes,Rowek,heavy-metal,0.526,0.96,6.2e-05,2.59e-05,0.586,133.985,24
4003PQamqke3dARQ0gidZw,Call It Love,Felix Jaehn;Ray Dalton,edm,0.616,0.841,0.0559,0.00217,0.714,110.029,0
2yI6INYWdThyz7Hz8vopO0,Cuando Duerme la Ciudad - En Vivo All Boys,Almafuerte,heavy-metal,0.223,0.865,0.031,1.99e-05,0.374,145.811,20
72YayXDj2CPF1QQOnejHBI,Still Doin' Time,George Jones,honky-tonk,0.629,0.282,0.744,1.41e-06,0.342,124.06,11
0tUS0yhInbniwcIUkUviC1,Dogfight - Radio Edit,Dj Mad Dog,happy,0.396,0.967,0.0065,0.0586,0.309,173.986,21
6Z5ryvEQNRdk9YQ7GbI4Wh,Wer rettet mich,Zate;Jack Center,german,0.57,0.319,0.867,3.23e-05,0.268,108.993,42
5SDdnAVwr5DfXDzQWhpLw0,Copas y Amigos,Ismael Miranda,salsa,0.482,0.344,0.00101,0.00203,0.393,103.875,32
4o6J43bSBDERckXBIpVmye,Away,Ichika Nito,guitar,0.254,0.253,0.785,0.392,0.171,168.282,48
3YPoNuJVTCBlIBvIHZzp5N,La Nuit - Mixed,Bochum Welt,idm,0.501,0.206,0.675,0.0028,0.0517,122.974,36
0PC2F01DR68Go04umziTGP,真的愛妳,Beyond,cantopop,0.526,0.715,0.448,0.0,0.652,154.083,52
3Fs59N7XwKmHxni4uukzqx,Mars Jangkrik,Souljah,ska,0.715,0.775,0.14,0.0,0.966,145.999,41
1yQi9XtWSbumHoRZ6S5xve,I'll Be Home For Christmas,The Miracles,blues,0.329,0.296,0.583,0.0,0.445,183.438,0
0KRqq8sfdjFLOfxYqBZmqA,Ocean Moods,Tony O'Connor,new-age,0.255,0.172,0.939,0.847,0.129,92.369,23
1m8H0tv9NvOW9Uck7DG1PV,Coplas Patéticas,Joaquín Sabina,spanish,0.488,0.259,0.675,0.0,0.262,76.943,28
7770aJX7j7aEDo5Rw4pU9x,Who Took The Merry Out Of Christmas,The Staple Singers,soul,0.609,0.485,0.112,2.08e-05,0.736,101.611,0
18S2PRuactalb1hwBxfwGl,You & Me,Haru Kitamura,piano,0.329,0.0375,0.991,0.893,0.191,108.214,61
1rp6cR6sTSxBylag9Z1d2m,Shivohum,Tritonal;Henry Dark,dubstep,0.493,0.867,0.00839,0.000123,0.0515,128.093,42
2EZy2nbJyUpIfPdbTyZbRO,Feelings,Ollie,sad,0.828,0.313,0.322,0.0,0.518,82.022,50
4mOmWSdTmf6fSAibGWCKp7,Mental Manadhil,A.R. Rahman;Jonita Gandhi,pop-film,0.568,0.886,0.0123,3.4e-05,0.846,160.054,61
2blM0SIqgptXPpCan2lGXh,Lost Game,Nulbarich,j-pop,0.61,0.509,0.0536,0.0,0.224,129.943,50
3mRCZFnEABKVY9iQPCgTCD,To Do - Derrick Carter's Farina Experiment,Mark Farina;Kaskade;Derrick Carter,chicago-house,0.801,0.831,0.000147,0.804,0.591,127.001,6
0uCJZLDovkNS8Ma7TZYkwC,Naragasuran Deepavali Story,ChuChu TV,children,0.58,0.497,0.538,0.0,0.66,130.017,20
4kk3Y5mlIGIX8sQBLEUyxn,Ignite A War,Robert Hood,chicago-house,0.769,0.613,0.00021,0.936,0.87,130.97,8
72H6a9rO7PrY5CFfe7TIKF,We Are Young,Juveniles,synth-pop,0.501,0.705,0.000413,0.00045,0.404,173.934,25
1RJeiAIwR9pZBgJA8ndZLL,"Paint It, Black - Mono",The Rolling Stones,british,0.505,0.836,0.0103,0.0771,0.764,159.669,63
3fkZJZeM5EdcLlmnEOXLhB,For You,Ten City,chicago-house,0.725,0.514,0.11,4.81e-06,0.604,120.78,8
68oZTWrQDccWDf4y9UpBXk,It's Not Christmas 'Til You Come Home - Recorded At Spotify Studios NYC,Norah Jones,j-pop,0.473,0.068,0.892,0.00216,0.262,93.777,0
5HxcrQ3sjkYZM8YDBUjQc6,Wind It Up - The Rewound Edit,The Prodigy,breakbeat,0.578,0.735,0.000797,0.782,0.552,145.096,17
2LAbwhtxSdxvOjQRSNdVmF,Rampage,Kavinsky,alternative,0.44,0.873,0.0124,0.0966,0.5,111.1,0
3IAiLg10HR2gxpn0vRqez4,"Asylum of Humanity, Pt. 1",Tension Prophecy,iranian,0.178,0.969,0.0102,0.75,0.315,175.19,0
3xJdoHzRyzv8EFR303btHU,Tanz,Anna-Maria Zimmermann,party,0.737,0.995,0.0196,0.0,0.73,130.99,23
5qLcZKAKaFuSCXh00E2jZz,Eu e Você,Catch Side,emo,0.645,0.41,0.764,0.0,0.517,95.016,34
3e7sxremeOE3wTySiOhGiP,Dusk Till Dawn (feat. Sia) - Radio Edit,ZAYN;Sia,pop,0.259,0.437,0.102,1.32e-06,0.0951,180.042,79
7tyxIzfJI6uoc7t9kwwGmf,Wherever the Creeps Go,F.Y.P,power-pop,0.346,0.862,0.00762,0.0,0.741,178.092,20
